Date,AccountId,MaskedAccount,AccountLabel,TradeCashFlow,IncomeCashFlow,ExternalTransferCashFlow,InternalTransferCashFlow,SweepCashFlow,OtherCashFlow,NetCashActivityExcludingSweep,NetCashActivityIncludingSweep,BoughtAmount,SoldAmount,DividendAmount,InterestAmount,MarginInterestAmount,Fees,Commissions,ActivityRowCount,SourceHistoryRows
2026-05-28,900001001,x1001,Traditional IRA - x1001,382.62,9.28,0.00,0.00,0.00,0.00,391.90,391.90,4871.97,5254.59,9.28,0.00,0.00,0.00,0.12,34,34
2026-05-29,900001001,x1001,Traditional IRA - x1001,-4560.42,30.83,0.00,0.00,0.00,-0.49,-4530.08,-4530.08,21018.84,16458.42,30.81,0.02,0.00,0.00,0.86,102,102
2026-06-01,900001001,x1001,Traditional IRA - x1001,2802.82,8.35,0.00,0.00,0.00,0.00,2811.17,2811.17,4234.24,7037.06,8.35,0.00,0.00,0.00,0.16,44,44
2026-06-02,900001001,x1001,Traditional IRA - x1001,19655.08,0.00,0.00,0.00,0.00,0.00,19655.08,19655.08,13909.59,33564.67,0.00,0.00,0.00,0.00,1.72,126,126
2026-06-03,900001001,x1001,Traditional IRA - x1001,-19119.51,8.25,0.00,0.00,0.00,0.00,-19111.27,-19111.27,24896.99,5777.47,8.25,0.00,0.00,0.00,0.13,90,90
2026-06-04,900001001,x1001,Traditional IRA - x1001,27766.13,2.32,0.00,0.00,0.00,0.00,27768.46,27768.46,4407.33,32173.46,2.32,0.00,0.00,0.00,1.18,53,53
2026-06-05,900001001,x1001,Traditional IRA - x1001,-11834.06,2.09,0.00,0.00,0.00,0.00,-11831.97,-11831.97,11834.06,0.00,2.09,0.00,0.00,0.00,0.00,27,27
2026-06-08,900001001,x1001,Traditional IRA - x1001,-16504.55,16.38,0.00,0.00,0.00,0.00,-16488.18,-16488.18,34682.24,18177.69,16.38,0.00,0.00,0.00,0.40,109,109
2026-06-09,900001001,x1001,Traditional IRA - x1001,10970.94,0.82,0.00,0.00,0.00,0.00,10971.76,10971.76,14450.88,25421.82,0.82,0.00,0.00,0.00,1.54,100,100
2026-06-10,900001001,x1001,Traditional IRA - x1001,2823.34,2.75,0.00,0.00,0.00,0.00,2826.09,2826.09,24270.04,27093.38,2.75,0.00,0.00,0.00,1.08,83,83
2026-06-11,900001001,x1001,Traditional IRA - x1001,26093.91,9.74,0.00,0.00,0.00,0.00,26103.65,26103.65,17566.37,43660.28,9.74,0.00,0.00,0.00,0.94,124,124
2026-06-12,900001001,x1001,Traditional IRA - x1001,-15105.19,0.00,0.00,0.00,0.00,-477.33,-15582.52,-15582.52,76128.54,61023.35,0.00,0.00,0.00,0.00,1.29,109,109
2026-06-15,900001001,x1001,Traditional IRA - x1001,-19928.52,18.84,0.00,0.00,0.00,0.00,-19909.68,-19909.68,35955.80,16027.27,18.84,0.00,0.00,0.00,0.84,77,77
2026-06-16,900001001,x1001,Traditional IRA - x1001,-3891.68,0.00,0.00,0.00,0.00,0.00,-3891.68,-3891.68,30590.57,26698.89,0.00,0.00,0.00,0.00,0.29,126,126
2026-06-17,900001001,x1001,Traditional IRA - x1001,-902.13,0.00,0.00,0.00,0.00,0.00,-902.13,-902.13,5295.49,4393.36,0.00,0.00,0.00,0.00,0.10,22,22
2026-06-18,900001001,x1001,Traditional IRA - x1001,5332.68,28.27,0.00,0.00,0.00,0.00,5360.95,5360.95,4719.86,10052.54,28.27,0.00,0.00,0.00,0.22,36,36
2026-06-22,900001001,x1001,Traditional IRA - x1001,-8008.65,9.02,0.00,0.00,0.00,0.00,-7999.63,-7999.63,11547.73,3539.08,9.02,0.00,0.00,0.00,0.08,27,27
2026-06-23,900001001,x1001,Traditional IRA - x1001,-392.69,65.57,0.00,0.00,0.00,0.00,-327.12,-327.12,3459.80,3067.11,65.57,0.00,0.00,0.00,0.56,13,13
2026-06-24,900001001,x1001,Traditional IRA - x1001,-2577.20,0.00,0.00,0.00,0.00,0.00,-2577.20,-2577.20,7186.05,4608.85,0.00,0.00,0.00,0.00,0.60,36,36
2026-06-25,900001001,x1001,Traditional IRA - x1001,1904.86,0.03,0.00,0.00,0.00,0.00,1904.89,1904.89,3194.01,5098.87,0.03,0.00,0.00,0.00,0.60,22,22
2026-06-26,900001001,x1001,Traditional IRA - x1001,-64.48,26.64,0.00,0.00,0.00,0.00,-37.83,-37.83,14313.77,14249.29,26.64,0.00,0.00,0.00,0.31,75,75
2026-06-29,900001001,x1001,Traditional IRA - x1001,-416.96,10.12,0.00,0.00,0.00,0.00,-406.85,-406.85,27506.93,27089.96,10.12,0.00,0.00,0.00,1.57,88,88
2026-06-30,900001001,x1001,Traditional IRA - x1001,1210.85,89.96,0.00,0.00,0.00,0.00,1300.81,1300.81,3469.38,4680.23,89.85,0.11,0.00,0.00,0.10,21,21
2026-07-01,900001001,x1001,Traditional IRA - x1001,-2597.07,0.00,0.00,0.00,0.00,0.00,-2597.07,-2597.07,6098.33,3501.26,0.00,0.00,0.00,0.00,0.00,20,20
2021-08-27,900001002,x1002,Individual Brokerage - x1002,0.00,0.00,0.00,24.92,0.00,0.00,24.92,24.92,0.00,0.00,0.00,0.00,0.00,0.00,0.00,1,1
2021-08-30,900001002,x1002,Individual Brokerage - x1002,0.00,0.00,0.00,0.00,-24.92,0.00,0.00,-24.92,0.00,0.00,0.00,0.00,0.00,0.00,0.00,1,1
2023-11-30,900001002,x1002,Individual Brokerage - x1002,0.00,0.00,0.00,0.00,-0.00,0.00,0.00,0.00,0.00,0.00,0.00,0.00,0.00,0.00,0.00,2,2
2024-04-30,900001002,x1002,Individual Brokerage - x1002,0.00,0.00,0.00,0.00,-0.00,0.00,0.00,0.00,0.00,0.00,0.00,0.00,0.00,0.00,0.00,2,2
2024-09-30,900001002,x1002,Individual Brokerage - x1002,0.00,0.00,0.00,0.00,-0.00,0.00,0.00,0.00,0.00,0.00,0.00,0.00,0.00,0.00,0.00,2,2
2025-01-31,900001002,x1002,Individual Brokerage - x1002,0.00,0.00,0.00,0.00,-0.00,0.00,0.00,0.00,0.00,0.00,0.00,0.00,0.00,0.00,0.00,2,2
2025-06-30,900001002,x1002,Individual Brokerage - x1002,0.00,0.00,0.00,0.00,-0.00,0.00,0.00,0.00,0.00,0.00,0.00,0.00,0.00,0.00,0.00,2,2
2025-10-23,900001002,x1002,Individual Brokerage - x1002,0.00,0.00,23.46,0.00,0.00,0.00,23.46,23.46,0.00,0.00,0.00,0.00,0.00,0.00,0.00,1,1
2025-10-24,900001002,x1002,Individual Brokerage - x1002,-47.23,0.00,0.00,0.00,-23.46,0.00,-47.23,-70.69,47.23,0.00,0.00,0.00,0.00,0.00,0.00,3,3
2025-10-27,900001002,x1002,Individual Brokerage - x1002,0.00,0.00,0.00,0.00,47.23,0.00,0.00,47.23,0.00,0.00,0.00,0.00,0.00,0.00,0.00,5,5
2025-12-09,900001002,x1002,Individual Brokerage - x1002,2.99,0.00,0.00,0.00,0.00,0.00,2.99,2.99,37.39,40.38,0.00,0.00,0.00,0.00,0.00,2,2
2025-12-10,900001002,x1002,Individual Brokerage - x1002,0.00,0.00,0.00,0.00,-2.99,0.00,0.00,-2.99,0.00,0.00,0.00,0.00,0.00,0.00,0.00,3,3
2025-12-22,900001002,x1002,Individual Brokerage - x1002,0.00,0.03,0.00,0.00,-0.03,0.00,0.03,0.00,0.00,0.00,0.03,0.00,0.00,0.00,0.00,2,2
2026-01-15,900001002,x1002,Individual Brokerage - x1002,1.46,0.00,0.00,0.00,0.00,0.00,1.46,1.46,57.50,58.96,0.00,0.00,0.00,0.00,0.00,3,3
2026-01-16,900001002,x1002,Individual Brokerage - x1002,0.00,0.00,0.00,0.00,-1.46,0.00,0.00,-1.46,0.00,0.00,0.00,0.00,0.00,0.00,0.00,3,3
2026-01-20,900001002,x1002,Individual Brokerage - x1002,0.00,0.00,345.68,0.00,0.00,0.00,345.68,345.68,0.00,0.00,0.00,0.00,0.00,0.00,0.00,1,1
2026-01-21,900001002,x1002,Individual Brokerage - x1002,0.00,0.00,0.00,0.00,-345.68,0.00,0.00,-345.68,0.00,0.00,0.00,0.00,0.00,0.00,0.00,1,1
2026-01-23,900001002,x1002,Individual Brokerage - x1002,-296.54,0.00,0.00,0.00,0.00,0.00,-296.54,-296.54,296.54,0.00,0.00,0.00,0.00,0.00,0.00,2,2
2026-01-26,900001002,x1002,Individual Brokerage - x1002,-293.02,0.00,0.00,0.00,296.54,0.00,-293.02,3.51,439.06,146.03,0.00,0.00,0.00,0.00,0.00,8,8
2026-01-27,900001002,x1002,Individual Brokerage - x1002,321.83,0.00,0.00,0.00,54.77,0.00,321.83,376.60,0.00,321.83,0.00,0.00,0.00,0.00,0.00,6,6
2026-01-28,900001002,x1002,Individual Brokerage - x1002,0.54,0.00,0.00,0.00,-83.58,0.00,0.54,-83.04,126.66,127.20,0.00,0.00,0.00,0.00,0.00,7,7
2026-01-29,900001002,x1002,Individual Brokerage - x1002,-53.33,0.00,0.00,0.00,-0.54,0.00,-53.33,-53.87,53.33,0.00,0.00,0.00,0.00,0.00,0.00,4,4
2026-01-30,900001002,x1002,Individual Brokerage - x1002,-387.06,-0.08,0.00,0.00,53.33,0.00,-387.14,-333.81,387.06,0.00,0.00,0.00,-0.08,0.00,0.00,9,9
2026-02-02,900001002,x1002,Individual Brokerage - x1002,0.00,0.00,0.00,0.00,30.79,0.00,0.00,30.79,0.00,0.00,0.00,0.00,0.00,0.00,0.00,3,3
2026-02-06,900001002,x1002,Individual Brokerage - x1002,115.71,0.00,0.00,0.00,0.00,0.00,115.71,115.71,0.00,115.71,0.00,0.00,0.00,0.00,0.00,3,3
2026-02-09,900001002,x1002,Individual Brokerage - x1002,-118.61,0.00,0.00,0.00,0.00,0.00,-118.61,-118.61,192.00,73.39,0.00,0.00,0.00,0.00,0.00,2,2
2026-02-11,900001002,x1002,Individual Brokerage - x1002,199.97,0.00,0.00,0.00,0.00,0.00,199.97,199.97,0.00,199.97,0.00,0.00,0.00,0.00,0.00,1,1
2026-02-12,900001002,x1002,Individual Brokerage - x1002,141.70,0.00,22.22,0.00,0.00,0.00,163.92,163.92,71.28,212.98,0.00,0.00,0.00,0.00,0.00,7,7
2026-02-13,900001002,x1002,Individual Brokerage - x1002,0.00,0.00,0.00,0.00,-4.64,0.00,0.00,-4.64,0.00,0.00,0.00,0.00,0.00,0.00,0.00,3,3
2026-02-26,900001002,x1002,Individual Brokerage - x1002,-83.67,0.00,0.00,0.00,0.00,0.00,-83.67,-83.67,83.67,0.00,0.00,0.00,0.00,0.00,0.00,1,1
2026-02-27,900001002,x1002,Individual Brokerage - x1002,0.00,-1.29,0.00,0.00,4.64,0.00,-1.29,3.35,0.00,0.00,0.00,0.00,-1.29,0.00,0.00,4,4
2026-03-02,900001002,x1002,Individual Brokerage - x1002,0.00,0.00,56.79,0.00,0.00,0.00,56.79,56.79,0.00,0.00,0.00,0.00,0.00,0.00,0.00,3,3
2026-03-09,900001002,x1002,Individual Brokerage - x1002,14.52,0.00,0.00,0.00,0.00,0.00,14.52,14.52,54.68,69.20,0.00,0.00,0.00,0.00,0.00,2,2
2026-03-10,900001002,x1002,Individual Brokerage - x1002,74.35,0.00,0.00,0.00,0.00,0.00,74.35,74.35,0.00,74.35,0.00,0.00,0.00,0.00,0.00,1,1
2026-03-11,900001002,x1002,Individual Brokerage - x1002,0.00,0.00,0.00,0.00,-65.34,0.00,0.00,-65.34,0.00,0.00,0.00,0.00,0.00,0.00,0.00,3,3
2026-03-16,900001002,x1002,Individual Brokerage - x1002,-93.10,0.00,156.79,0.00,0.00,0.00,63.68,63.68,160.65,67.55,0.00,0.00,0.00,0.00,0.00,4,4
2026-03-17,900001002,x1002,Individual Brokerage - x1002,-80.37,0.00,0.00,0.00,-63.69,0.00,-80.37,-144.06,80.37,0.00,0.00,0.00,0.00,0.00,0.00,5,5
2026-03-18,900001002,x1002,Individual Brokerage - x1002,0.00,0.00,0.00,0.00,80.37,0.00,0.00,80.37,0.00,0.00,0.00,0.00,0.00,0.00,0.00,3,3
2026-03-20,900001002,x1002,Individual Brokerage - x1002,-201.56,0.00,0.00,0.00,0.00,0.00,-201.56,-201.56,284.86,83.29,0.00,0.00,0.00,0.00,0.00,3,3
2026-03-23,900001002,x1002,Individual Brokerage - x1002,0.00,0.00,0.00,0.00,48.65,0.00,0.00,48.65,0.00,0.00,0.00,0.00,0.00,0.00,0.00,3,3
2026-03-24,900001002,x1002,Individual Brokerage - x1002,188.17,0.00,0.00,0.00,0.00,0.00,188.17,188.17,118.89,307.06,0.00,0.00,0.00,0.00,0.00,2,2
2026-03-25,900001002,x1002,Individual Brokerage - x1002,61.88,0.00,0.00,0.00,-35.25,0.00,61.88,26.62,0.00,61.88,0.00,0.00,0.00,0.00,0.00,4,4
2026-03-26,900001002,x1002,Individual Brokerage - x1002,-73.83,0.00,0.00,0.00,-61.88,0.00,-73.83,-135.71,73.83,0.00,0.00,0.00,0.00,0.00,0.00,4,4
2026-03-27,900001002,x1002,Individual Brokerage - x1002,0.00,0.00,0.00,0.00,73.83,0.00,0.00,73.83,0.00,0.00,0.00,0.00,0.00,0.00,0.00,3,3
2026-03-31,900001002,x1002,Individual Brokerage - x1002,48.30,-0.29,-290.00,0.00,0.00,0.00,-242.00,-242.00,0.00,48.30,0.00,0.00,-0.29,0.00,0.00,5,5
2026-04-01,900001002,x1002,Individual Brokerage - x1002,218.03,0.00,0.00,0.00,23.30,0.00,218.03,241.33,22.00,240.03,0.00,0.00,0.00,0.00,0.00,5,5
2026-04-06,900001002,x1002,Individual Brokerage - x1002,0.00,0.00,10.00,0.00,-9.33,0.00,10.00,0.67,0.00,0.00,0.00,0.00,0.00,0.00,0.00,4,4
2026-04-08,900001002,x1002,Individual Brokerage - x1002,-6.62,0.00,0.00,0.00,0.00,0.00,-6.62,-6.62,6.62,0.00,0.00,0.00,0.00,0.00,0.00,1,1
2026-04-09,900001002,x1002,Individual Brokerage - x1002,0.00,0.00,0.00,0.00,6.62,0.00,0.00,6.62,0.00,0.00,0.00,0.00,0.00,0.00,0.00,3,3
2026-04-14,900001002,x1002,Individual Brokerage - x1002,43.03,0.00,0.00,0.00,0.00,0.00,43.03,43.03,171.28,214.31,0.00,0.00,0.00,0.00,0.01,4,4
2026-04-15,900001002,x1002,Individual Brokerage - x1002,-93.16,0.07,0.00,0.00,-43.10,0.00,-93.09,-136.19,93.16,0.00,0.07,0.00,0.00,0.00,0.00,5,5
2026-04-16,900001002,x1002,Individual Brokerage - x1002,0.00,0.00,0.00,0.00,45.82,0.00,0.00,45.82,0.00,0.00,0.00,0.00,0.00,0.00,0.00,3,3
2026-04-17,900001002,x1002,Individual Brokerage - x1002,83.88,0.00,0.00,0.00,0.00,0.00,83.88,83.88,0.00,83.88,0.00,0.00,0.00,0.00,0.00,1,1
2026-04-20,900001002,x1002,Individual Brokerage - x1002,0.00,0.00,0.00,0.00,-36.53,0.00,0.00,-36.53,0.00,0.00,0.00,0.00,0.00,0.00,0.00,3,3
2026-04-21,900001002,x1002,Individual Brokerage - x1002,-30.82,0.00,0.00,0.00,0.00,0.00,-30.82,-30.82,30.82,0.00,0.00,0.00,0.00,0.00,0.00,1,1
2026-04-22,900001002,x1002,Individual Brokerage - x1002,0.00,0.00,0.00,0.00,30.82,0.00,0.00,30.82,0.00,0.00,0.00,0.00,0.00,0.00,0.00,3,3
2026-04-30,900001002,x1002,Individual Brokerage - x1002,-60.30,-0.14,11.11,0.00,-11.11,0.00,-49.33,-60.44,109.55,49.25,0.00,0.00,-0.14,0.00,0.00,6,6
2026-05-01,900001002,x1002,Individual Brokerage - x1002,0.00,0.00,0.00,0.00,16.82,0.00,0.00,16.82,0.00,0.00,0.00,0.00,0.00,0.00,0.00,3,3
2026-05-04,900001002,x1002,Individual Brokerage - x1002,40.71,0.00,0.00,0.00,0.00,0.00,40.71,40.71,83.26,123.97,0.00,0.00,0.00,0.00,0.00,2,2
2026-05-05,900001002,x1002,Individual Brokerage - x1002,-27.45,0.00,40.00,0.00,-37.08,0.00,12.55,-24.53,27.45,0.00,0.00,0.00,0.00,0.00,0.00,5,5
2026-05-06,900001002,x1002,Individual Brokerage - x1002,0.00,0.00,0.00,0.00,27.45,0.00,0.00,27.45,0.00,0.00,0.00,0.00,0.00,0.00,0.00,3,3
2026-05-20,900001002,x1002,Individual Brokerage - x1002,-117.15,0.00,0.00,0.00,0.00,0.00,-117.15,-117.15,173.61,56.46,0.00,0.00,0.00,0.00,0.00,2,2
2026-05-21,900001002,x1002,Individual Brokerage - x1002,0.00,0.00,0.00,0.00,9.63,0.00,0.00,9.63,0.00,0.00,0.00,0.00,0.00,0.00,0.00,3,3
2026-05-22,900001002,x1002,Individual Brokerage - x1002,89.75,0.00,0.00,0.00,0.00,0.00,89.75,89.75,0.00,89.75,0.00,0.00,0.00,0.00,0.00,2,2
2026-05-29,900001002,x1002,Individual Brokerage - x1002,0.00,-0.28,0.00,0.00,0.00,0.00,-0.28,-0.28,0.00,0.00,0.00,0.00,-0.28,0.00,0.00,1,1
2026-06-01,900001002,x1002,Individual Brokerage - x1002,23.18,0.00,0.00,0.00,0.00,0.00,23.18,23.18,68.49,91.67,0.00,0.00,0.00,0.00,0.00,3,3
2026-06-02,900001002,x1002,Individual Brokerage - x1002,0.00,0.00,0.00,0.00,-5.13,0.00,0.00,-5.13,0.00,0.00,0.00,0.00,0.00,0.00,0.00,3,3
2026-06-03,900001002,x1002,Individual Brokerage - x1002,-8.46,0.00,0.00,0.00,0.00,0.00,-8.46,-8.46,96.90,88.44,0.00,0.00,0.00,0.00,0.00,3,3
2026-06-04,900001002,x1002,Individual Brokerage - x1002,0.00,0.00,0.00,0.00,5.13,0.00,0.00,5.13,0.00,0.00,0.00,0.00,0.00,0.00,0.00,3,3
2026-06-16,900001002,x1002,Individual Brokerage - x1002,13.14,0.00,0.00,0.00,0.00,0.00,13.14,13.14,0.00,13.14,0.00,0.00,0.00,0.00,0.00,2,2
2026-06-17,900001002,x1002,Individual Brokerage - x1002,0.00,0.00,0.00,0.00,-3.23,0.00,0.00,-3.23,0.00,0.00,0.00,0.00,0.00,0.00,0.00,3,3
2026-06-26,900001002,x1002,Individual Brokerage - x1002,-81.70,0.00,0.00,0.00,0.00,0.00,-81.70,-81.70,81.70,0.00,0.00,0.00,0.00,0.00,0.00,1,1
2026-06-29,900001002,x1002,Individual Brokerage - x1002,0.00,0.00,0.00,0.00,3.23,0.00,0.00,3.23,0.00,0.00,0.00,0.00,0.00,0.00,0.00,3,3
2026-06-30,900001002,x1002,Individual Brokerage - x1002,84.70,-0.07,0.00,0.00,0.00,0.00,84.63,84.63,0.00,84.70,0.00,0.00,-0.07,0.00,0.00,2,2
2024-01-31,900001003,x1003,Partnership / LLC / LLP - x1003,0.00,0.00,0.00,0.00,-0.00,0.00,0.00,0.00,0.00,0.00,0.00,0.00,0.00,0.00,0.00,2,2
2024-03-11,900001003,x1003,Partnership / LLC / LLP - x1003,726.53,0.00,0.00,0.00,0.00,0.00,726.53,726.53,0.00,726.53,0.00,0.00,0.00,0.00,0.01,1,1
2024-03-13,900001003,x1003,Partnership / LLC / LLP - x1003,0.00,0.00,0.00,0.00,-726.53,0.00,0.00,-726.53,0.00,0.00,0.00,0.00,0.00,0.00,0.00,1,1
2024-03-14,900001003,x1003,Partnership / LLC / LLP - x1003,0.00,27.45,0.00,-600.00,-27.45,0.00,-572.55,-600.00,0.00,0.00,27.45,0.00,0.00,0.00,0.00,3,3
2024-03-15,900001003,x1003,Partnership / LLC / LLP - x1003,-201.63,0.00,0.00,0.00,600.00,0.00,-201.63,398.37,201.63,0.00,0.00,0.00,0.00,0.00,0.00,2,2
2024-03-19,900001003,x1003,Partnership / LLC / LLP - x1003,0.00,0.00,0.00,0.00,201.63,0.00,0.00,201.63,0.00,0.00,0.00,0.00,0.00,0.00,0.00,1,1
2024-03-27,900001003,x1003,Partnership / LLC / LLP - x1003,0.00,5.07,0.00,0.00,-5.07,0.00,5.07,0.00,0.00,0.00,5.07,0.00,0.00,0.00,0.00,3,3
2024-03-28,900001003,x1003,Partnership / LLC / LLP - x1003,0.00,0.00,0.00,0.00,-5.07,0.00,0.00,-5.07,0.00,0.00,0.00,0.00,0.00,0.00,0.00,3,3
2024-04-01,900001003,x1003,Partnership / LLC / LLP - x1003,0.00,0.00,0.00,0.00,5.07,0.00,0.00,5.07,0.00,0.00,0.00,0.00,0.00,0.00,0.00,1,1
2024-04-04,900001003,x1003,Partnership / LLC / LLP - x1003,0.00,1.62,0.00,0.00,-1.62,0.00,1.62,0.00,0.00,0.00,1.62,0.00,0.00,0.00,0.00,2,2
2024-04-09,900001003,x1003,Partnership / LLC / LLP - x1003,852.99,0.00,0.00,0.00,0.00,0.00,852.99,852.99,0.00,852.99,0.00,0.00,0.00,0.00,0.01,1,1
2024-04-11,900001003,x1003,Partnership / LLC / LLP - x1003,-258.70,0.00,0.00,-600.00,-852.99,0.00,-858.70,-1711.69,258.70,0.00,0.00,0.00,0.00,0.00,0.00,3,3
2024-04-12,900001003,x1003,Partnership / LLC / LLP - x1003,0.00,0.00,0.00,0.00,600.00,0.00,0.00,600.00,0.00,0.00,0.00,0.00,0.00,0.00,0.00,1,1
2024-04-15,900001003,x1003,Partnership / LLC / LLP - x1003,0.00,0.00,0.00,0.00,258.70,0.00,0.00,258.70,0.00,0.00,0.00,0.00,0.00,0.00,0.00,1,1
2024-04-24,900001003,x1003,Partnership / LLC / LLP - x1003,-451.25,0.00,0.00,444.44,0.00,0.00,-6.80,-6.80,451.25,0.00,0.00,0.00,0.00,0.00,0.00,2,2
2024-04-25,900001003,x1003,Partnership / LLC / LLP - x1003,0.00,0.00,0.00,0.00,-444.44,0.00,0.00,-444.44,0.00,0.00,0.00,0.00,0.00,0.00,0.00,1,1
2024-04-26,900001003,x1003,Partnership / LLC / LLP - x1003,0.00,0.00,0.00,0.00,451.25,0.00,0.00,451.25,0.00,0.00,0.00,0.00,0.00,0.00,0.00,1,1
2024-04-30,900001003,x1003,Partnership / LLC / LLP - x1003,0.00,6.03,0.00,0.00,-0.00,0.00,6.03,6.03,0.00,0.00,6.03,0.00,0.00,0.00,0.00,3,3
2024-05-01,900001003,x1003,Partnership / LLC / LLP - x1003,0.00,0.00,0.00,0.00,-6.03,0.00,0.00,-6.03,0.00,0.00,0.00,0.00,0.00,0.00,0.00,1,1
2024-05-06,900001003,x1003,Partnership / LLC / LLP - x1003,0.00,3.71,0.00,0.00,-3.71,0.00,3.71,0.00,0.00,0.00,3.71,0.00,0.00,0.00,0.00,2,2
2024-05-10,900001003,x1003,Partnership / LLC / LLP - x1003,2275.90,0.00,0.00,0.00,0.00,0.00,2275.90,2275.90,0.00,2275.90,0.00,0.00,0.00,0.00,0.02,1,1
2024-05-14,900001003,x1003,Partnership / LLC / LLP - x1003,0.00,0.00,0.00,0.00,-2275.90,0.00,0.00,-2275.90,0.00,0.00,0.00,0.00,0.00,0.00,0.00,1,1
2024-05-15,900001003,x1003,Partnership / LLC / LLP - x1003,4109.53,0.00,0.00,-1000.00,0.00,0.00,3109.54,3109.54,1220.17,5329.71,0.00,0.00,0.00,0.00,0.04,4,4
2024-05-16,900001003,x1003,Partnership / LLC / LLP - x1003,0.00,0.00,0.00,0.00,1000.00,0.00,0.00,1000.00,0.00,0.00,0.00,0.00,0.00,0.00,0.00,1,1
2024-05-17,900001003,x1003,Partnership / LLC / LLP - x1003,0.00,0.00,0.00,0.00,-4109.53,0.00,0.00,-4109.53,0.00,0.00,0.00,0.00,0.00,0.00,0.00,1,1
2024-05-23,900001003,x1003,Partnership / LLC / LLP - x1003,-4715.82,0.00,0.00,-678.91,0.00,0.00,-5394.73,-5394.73,4715.82,0.00,0.00,0.00,0.00,0.00,0.00,4,4
2024-05-24,900001003,x1003,Partnership / LLC / LLP - x1003,0.00,0.00,0.00,0.00,678.91,0.00,0.00,678.91,0.00,0.00,0.00,0.00,0.00,0.00,0.00,1,1
2024-05-28,900001003,x1003,Partnership / LLC / LLP - x1003,0.00,0.00,0.00,0.00,4715.81,0.00,0.00,4715.81,0.00,0.00,0.00,0.00,0.00,0.00,0.00,1,1
2024-05-31,900001003,x1003,Partnership / LLC / LLP - x1003,0.00,6.05,0.00,0.00,-0.02,0.00,6.05,6.03,0.00,0.00,6.03,0.02,0.00,0.00,0.00,3,3
2024-06-03,900001003,x1003,Partnership / LLC / LLP - x1003,0.00,0.00,0.00,0.00,-6.03,0.00,0.00,-6.03,0.00,0.00,0.00,0.00,0.00,0.00,0.00,1,1
2024-06-05,900001003,x1003,Partnership / LLC / LLP - x1003,0.00,30.54,0.00,0.00,-30.54,0.00,30.54,0.00,0.00,0.00,30.54,0.00,0.00,0.00,0.00,2,2
2024-06-13,900001003,x1003,Partnership / LLC / LLP - x1003,0.00,25.95,0.00,0.00,-25.95,0.00,25.95,0.00,0.00,0.00,25.95,0.00,0.00,0.00,0.00,2,2
2024-06-17,900001003,x1003,Partnership / LLC / LLP - x1003,0.00,0.48,0.00,0.00,-0.48,0.00,0.48,0.00,0.00,0.00,0.48,0.00,0.00,0.00,0.00,2,2
2024-06-24,900001003,x1003,Partnership / LLC / LLP - x1003,456.25,0.00,0.00,0.00,0.00,0.00,456.25,456.25,0.00,456.25,0.00,0.00,0.00,0.00,0.01,1,1
2024-06-25,900001003,x1003,Partnership / LLC / LLP - x1003,0.00,0.00,0.00,0.00,-456.25,0.00,0.00,-456.25,0.00,0.00,0.00,0.00,0.00,0.00,0.00,1,1
2024-06-26,900001003,x1003,Partnership / LLC / LLP - x1003,0.00,0.00,0.00,-345.68,0.00,0.00,-345.68,-345.68,0.00,0.00,0.00,0.00,0.00,0.00,0.00,1,1
2024-06-27,900001003,x1003,Partnership / LLC / LLP - x1003,0.00,0.00,0.00,0.00,345.68,0.00,0.00,345.68,0.00,0.00,0.00,0.00,0.00,0.00,0.00,1,1
2024-06-28,900001003,x1003,Partnership / LLC / LLP - x1003,0.00,0.00,0.00,0.00,-0.00,0.00,0.00,0.00,0.00,0.00,0.00,0.00,0.00,0.00,0.00,2,2
2024-07-02,900001003,x1003,Partnership / LLC / LLP - x1003,0.00,3.75,0.00,0.00,-3.75,0.00,3.75,0.00,0.00,0.00,3.75,0.00,0.00,0.00,0.00,2,2
2024-07-03,900001003,x1003,Partnership / LLC / LLP - x1003,0.00,28.60,0.00,0.00,-28.60,0.00,28.60,0.00,0.00,0.00,28.60,0.00,0.00,0.00,0.00,2,2
2024-07-05,900001003,x1003,Partnership / LLC / LLP - x1003,420.11,0.00,0.00,0.00,0.00,0.00,420.11,420.11,9105.33,9525.44,0.00,0.00,0.00,0.00,0.27,4,4
2024-07-08,900001003,x1003,Partnership / LLC / LLP - x1003,0.00,0.00,0.00,-222.22,-420.11,0.00,-222.22,-642.33,0.00,0.00,0.00,0.00,0.00,0.00,0.00,2,2
2024-07-09,900001003,x1003,Partnership / LLC / LLP - x1003,0.00,0.00,0.00,0.00,222.22,0.00,0.00,222.22,0.00,0.00,0.00,0.00,0.00,0.00,0.00,1,1
2024-07-31,900001003,x1003,Partnership / LLC / LLP - x1003,11377.88,0.00,0.00,0.00,-0.00,0.00,11377.88,11377.88,0.00,11377.88,0.00,0.00,0.00,0.00,0.32,4,4
2024-08-01,900001003,x1003,Partnership / LLC / LLP - x1003,0.00,0.00,0.00,0.00,-11377.88,0.00,0.00,-11377.88,0.00,0.00,0.00,0.00,0.00,0.00,0.00,1,1
2024-08-02,900001003,x1003,Partnership / LLC / LLP - x1003,0.00,0.00,0.00,2500.00,0.00,0.00,2500.00,2500.00,0.00,0.00,0.00,0.00,0.00,0.00,0.00,1,1
2024-08-05,900001003,x1003,Partnership / LLC / LLP - x1003,0.00,0.00,0.00,0.00,-2500.00,0.00,0.00,-2500.00,0.00,0.00,0.00,0.00,0.00,0.00,0.00,1,1
2024-08-07,900001003,x1003,Partnership / LLC / LLP - x1003,1676.83,0.00,0.00,0.00,0.00,0.00,1676.83,1676.83,0.00,1676.83,0.00,0.00,0.00,0.00,0.05,1,1
2024-08-08,900001003,x1003,Partnership / LLC / LLP - x1003,0.00,0.00,0.00,0.00,-1676.83,0.00,0.00,-1676.83,0.00,0.00,0.00,0.00,0.00,0.00,0.00,1,1
2024-08-12,900001003,x1003,Partnership / LLC / LLP - x1003,-13451.07,0.00,0.00,0.00,0.00,0.00,-13451.07,-13451.07,13451.07,0.00,0.00,0.00,0.00,0.00,0.00,5,5
2024-08-13,900001003,x1003,Partnership / LLC / LLP - x1003,-2037.40,0.00,0.00,0.00,13451.07,0.00,-2037.40,11413.67,2037.40,0.00,0.00,0.00,0.00,0.00,0.00,3,3
2024-08-14,900001003,x1003,Partnership / LLC / LLP - x1003,1115.81,0.00,0.00,0.00,2037.40,0.00,1115.81,3153.21,1199.61,2315.43,0.00,0.00,0.00,0.00,0.07,3,3
2024-08-15,900001003,x1003,Partnership / LLC / LLP - x1003,-621.43,0.00,0.00,0.00,-1115.81,0.00,-621.43,-1737.25,621.43,0.00,0.00,0.00,0.00,0.00,0.00,2,2
2024-08-16,900001003,x1003,Partnership / LLC / LLP - x1003,-308.12,0.00,0.00,0.00,621.43,0.00,-308.12,313.31,3006.41,2698.29,0.00,0.00,0.00,0.00,0.08,4,4
2024-08-19,900001003,x1003,Partnership / LLC / LLP - x1003,-637.04,0.00,0.00,0.00,308.12,0.00,-637.04,-328.91,637.04,0.00,0.00,0.00,0.00,0.00,0.00,3,3
2024-08-20,900001003,x1003,Partnership / LLC / LLP - x1003,1338.85,0.00,0.00,0.00,637.04,0.00,1338.85,1975.89,0.00,1338.85,0.00,0.00,0.00,0.00,0.04,3,3
2024-08-21,900001003,x1003,Partnership / LLC / LLP - x1003,-1331.12,0.00,0.00,0.00,-1338.85,0.00,-1331.12,-2669.97,1934.94,603.82,0.00,0.00,0.00,0.00,0.02,4,4
2024-08-22,900001003,x1003,Partnership / LLC / LLP - x1003,0.00,0.00,0.00,0.00,1331.12,0.00,0.00,1331.12,0.00,0.00,0.00,0.00,0.00,0.00,0.00,1,1
2024-08-27,900001003,x1003,Partnership / LLC / LLP - x1003,0.00,6.50,0.00,0.00,-6.50,0.00,6.50,0.00,0.00,0.00,6.50,0.00,0.00,0.00,0.00,2,2
2024-08-29,900001003,x1003,Partnership / LLC / LLP - x1003,0.44,0.00,0.00,0.00,0.00,0.00,0.44,0.44,313.97,314.40,0.00,0.00,0.00,0.00,0.01,2,2
2024-08-30,900001003,x1003,Partnership / LLC / LLP - x1003,0.00,0.05,0.00,0.00,-0.48,0.00,0.05,-0.44,0.00,0.00,0.00,0.05,0.00,0.00,0.00,3,3
2024-09-03,900001003,x1003,Partnership / LLC / LLP - x1003,16723.98,0.00,0.00,0.00,0.00,0.00,16723.98,16723.98,0.00,16723.98,0.00,0.00,0.00,0.00,0.47,11,11
2024-09-04,900001003,x1003,Partnership / LLC / LLP - x1003,-1520.57,0.00,0.00,0.00,-16723.98,0.00,-1520.57,-18244.55,1959.80,439.23,0.00,0.00,0.00,0.00,0.01,3,3
2024-09-05,900001003,x1003,Partnership / LLC / LLP - x1003,-3950.61,0.00,0.00,0.00,1520.57,0.00,-3950.61,-2430.04,3950.61,0.00,0.00,0.00,0.00,0.00,0.49,3,3
2024-09-06,900001003,x1003,Partnership / LLC / LLP - x1003,-592.86,0.00,0.00,0.00,3950.61,0.00,-592.86,3357.76,2498.42,1905.57,0.00,0.00,0.00,0.00,0.05,3,3
2024-09-09,900001003,x1003,Partnership / LLC / LLP - x1003,-254.28,0.00,0.00,0.00,592.86,0.00,-254.28,338.57,3995.04,3740.76,0.00,0.00,0.00,0.00,0.60,8,8
2024-09-10,900001003,x1003,Partnership / LLC / LLP - x1003,0.00,0.00,0.00,-600.00,254.28,0.00,-600.00,-345.72,0.00,0.00,0.00,0.00,0.00,0.00,0.00,2,2
2024-09-11,900001003,x1003,Partnership / LLC / LLP - x1003,-2006.80,0.00,0.00,0.00,600.00,0.00,-2006.80,-1406.80,2006.80,0.00,0.00,0.00,0.00,0.00,0.00,2,2
2024-09-12,900001003,x1003,Partnership / LLC / LLP - x1003,0.00,9.00,0.00,0.00,1997.80,0.00,9.00,2006.80,0.00,0.00,9.00,0.00,0.00,0.00,0.00,2,2
2024-09-16,900001003,x1003,Partnership / LLC / LLP - x1003,-5452.03,0.00,0.00,-1200.00,0.00,0.00,-6652.03,-6652.03,5452.03,0.00,0.00,0.00,0.00,0.00,0.00,4,4
2024-09-17,900001003,x1003,Partnership / LLC / LLP - x1003,0.00,0.00,0.00,0.00,6652.03,0.00,0.00,6652.03,0.00,0.00,0.00,0.00,0.00,0.00,0.00,1,1
2024-09-18,900001003,x1003,Partnership / LLC / LLP - x1003,0.00,4.88,0.00,0.00,-4.88,0.00,4.88,0.00,0.00,0.00,4.88,0.00,0.00,0.00,0.00,2,2
2024-09-19,900001003,x1003,Partnership / LLC / LLP - x1003,-102.65,0.00,0.00,0.00,0.00,0.00,-102.65,-102.65,102.65,0.00,0.00,0.00,0.00,0.00,0.00,1,1
2024-09-20,900001003,x1003,Partnership / LLC / LLP - x1003,0.00,0.00,0.00,0.00,102.65,0.00,0.00,102.65,0.00,0.00,0.00,0.00,0.00,0.00,0.00,1,1
2024-09-27,900001003,x1003,Partnership / LLC / LLP - x1003,-678.50,0.00,0.00,-256.79,0.00,0.00,-935.29,-935.29,678.50,0.00,0.00,0.00,0.00,0.00,0.00,2,2
2024-09-30,900001003,x1003,Partnership / LLC / LLP - x1003,0.00,0.04,0.00,0.00,935.25,0.00,0.04,935.29,0.00,0.00,0.00,0.04,0.00,0.00,0.00,3,3
2024-10-01,900001003,x1003,Partnership / LLC / LLP - x1003,2172.80,0.00,0.00,0.00,0.00,0.00,2172.80,2172.80,0.00,2172.80,0.00,0.00,0.00,0.00,0.06,2,2
2024-10-02,900001003,x1003,Partnership / LLC / LLP - x1003,-1914.28,0.00,0.00,0.00,-2172.80,0.00,-1914.28,-4087.08,1914.28,0.00,0.00,0.00,0.00,0.00,0.00,3,3
2024-10-03,900001003,x1003,Partnership / LLC / LLP - x1003,-396.88,0.00,0.00,0.00,1914.28,0.00,-396.88,1517.40,396.88,0.00,0.00,0.00,0.00,0.00,0.00,2,2
2024-10-04,900001003,x1003,Partnership / LLC / LLP - x1003,0.00,11.05,0.00,0.00,385.83,0.00,11.05,396.88,0.00,0.00,11.05,0.00,0.00,0.00,0.00,2,2
2024-10-07,900001003,x1003,Partnership / LLC / LLP - x1003,254.13,0.00,0.00,0.00,0.00,0.00,254.13,254.13,697.09,951.22,0.00,0.00,0.00,0.00,0.03,2,2
2024-10-08,900001003,x1003,Partnership / LLC / LLP - x1003,0.00,0.00,0.00,0.00,-254.13,0.00,0.00,-254.13,0.00,0.00,0.00,0.00,0.00,0.00,0.00,1,1
2024-10-09,900001003,x1003,Partnership / LLC / LLP - x1003,840.16,0.00,0.00,0.00,0.00,0.00,840.16,840.16,1525.35,2365.51,0.00,0.00,0.00,0.00,0.07,3,3
2024-10-10,900001003,x1003,Partnership / LLC / LLP - x1003,-1116.50,0.00,0.00,0.00,-840.16,0.00,-1116.50,-1956.66,1116.50,0.00,0.00,0.00,0.00,0.00,0.00,2,2
2024-10-11,900001003,x1003,Partnership / LLC / LLP - x1003,1950.52,0.00,0.00,0.00,1116.50,0.00,1950.52,3067.02,0.00,1950.52,0.00,0.00,0.00,0.00,0.06,2,2
2024-10-14,900001003,x1003,Partnership / LLC / LLP - x1003,-1566.76,0.00,0.00,0.00,0.00,0.00,-1566.76,-1566.76,2871.61,1304.84,0.00,0.00,0.00,0.00,0.04,4,4
2024-10-15,900001003,x1003,Partnership / LLC / LLP - x1003,0.00,0.00,0.00,0.00,-383.76,0.00,0.00,-383.76,0.00,0.00,0.00,0.00,0.00,0.00,0.00,1,1
2024-10-16,900001003,x1003,Partnership / LLC / LLP - x1003,-392.12,0.00,0.00,0.00,0.00,0.00,-392.12,-392.12,392.12,0.00,0.00,0.00,0.00,0.00,0.00,1,1
2024-10-17,900001003,x1003,Partnership / LLC / LLP - x1003,0.00,0.00,0.00,0.00,392.12,0.00,0.00,392.12,0.00,0.00,0.00,0.00,0.00,0.00,0.00,1,1
2024-10-25,900001003,x1003,Partnership / LLC / LLP - x1003,1536.88,0.00,0.00,0.00,0.00,0.00,1536.88,1536.88,1002.08,2538.96,0.00,0.00,0.00,0.00,0.07,4,4
2024-10-28,900001003,x1003,Partnership / LLC / LLP - x1003,0.00,0.00,0.00,0.00,-1536.88,0.00,0.00,-1536.88,0.00,0.00,0.00,0.00,0.00,0.00,0.00,1,1
2024-10-29,900001003,x1003,Partnership / LLC / LLP - x1003,-293.00,0.00,0.00,0.00,0.00,0.00,-293.00,-293.00,293.00,0.00,0.00,0.00,0.00,0.00,0.49,1,1
2024-10-30,900001003,x1003,Partnership / LLC / LLP - x1003,0.00,0.00,0.00,0.00,293.00,0.00,0.00,293.00,0.00,0.00,0.00,0.00,0.00,0.00,0.00,1,1
2024-10-31,900001003,x1003,Partnership / LLC / LLP - x1003,-1100.62,0.00,0.00,0.00,-0.00,0.00,-1100.61,-1100.62,1100.62,0.00,0.00,0.00,0.00,0.00,0.00,3,3
2024-11-01,900001003,x1003,Partnership / LLC / LLP - x1003,-28.90,0.00,0.00,0.00,1100.62,0.00,-28.90,1071.71,2294.89,2265.99,0.00,0.00,0.00,0.00,0.06,6,6
2024-11-04,900001003,x1003,Partnership / LLC / LLP - x1003,494.99,0.00,0.00,-115.00,28.90,0.00,379.99,408.89,0.00,494.99,0.00,0.00,0.00,0.00,0.01,4,4
2024-11-05,900001003,x1003,Partnership / LLC / LLP - x1003,0.00,0.00,0.00,-400.00,-379.99,0.00,-400.00,-779.99,0.00,0.00,0.00,0.00,0.00,0.00,0.00,2,2
2024-11-06,900001003,x1003,Partnership / LLC / LLP - x1003,0.00,0.00,0.00,0.00,400.00,0.00,0.00,400.00,0.00,0.00,0.00,0.00,0.00,0.00,0.00,1,1
2024-11-07,900001003,x1003,Partnership / LLC / LLP - x1003,2240.62,0.00,0.00,0.00,0.00,0.00,2240.62,2240.62,0.00,2240.62,0.00,0.00,0.00,0.00,0.06,4,4
2024-11-08,900001003,x1003,Partnership / LLC / LLP - x1003,0.00,0.00,0.00,0.00,-2240.62,0.00,0.00,-2240.62,0.00,0.00,0.00,0.00,0.00,0.00,0.00,1,1
2024-11-11,900001003,x1003,Partnership / LLC / LLP - x1003,-2060.03,0.00,0.00,0.00,0.00,0.00,-2060.03,-2060.03,2321.88,261.84,0.00,0.00,0.00,0.00,0.01,3,3
2024-11-12,900001003,x1003,Partnership / LLC / LLP - x1003,0.00,0.00,0.00,-256.14,2060.03,0.00,-256.14,1803.89,0.00,0.00,0.00,0.00,0.00,0.00,0.00,2,2
2024-11-13,900001003,x1003,Partnership / LLC / LLP - x1003,0.00,0.00,0.00,0.00,256.14,0.00,0.00,256.14,0.00,0.00,0.00,0.00,0.00,0.00,0.00,1,1
2024-11-14,900001003,x1003,Partnership / LLC / LLP - x1003,536.82,0.00,0.00,0.00,0.00,0.00,536.82,536.82,1497.12,2033.94,0.00,0.00,0.00,0.00,0.06,2,2
2024-11-15,900001003,x1003,Partnership / LLC / LLP - x1003,0.00,10.62,0.00,0.00,-547.44,0.00,10.62,-536.82,0.00,0.00,10.62,0.00,0.00,0.00,0.00,2,2
2024-11-19,900001003,x1003,Partnership / LLC / LLP - x1003,-184.12,0.00,0.00,0.00,0.00,0.00,-184.12,-184.12,472.73,288.60,0.00,0.00,0.00,0.00,0.01,2,2
2024-11-20,900001003,x1003,Partnership / LLC / LLP - x1003,0.00,0.00,0.00,0.00,184.12,0.00,0.00,184.12,0.00,0.00,0.00,0.00,0.00,0.00,0.00,1,1
2024-11-22,900001003,x1003,Partnership / LLC / LLP - x1003,-0.01,0.00,0.00,0.00,0.00,0.00,-0.01,-0.01,501.00,500.99,0.00,0.00,0.00,0.00,0.01,2,2
2024-11-25,900001003,x1003,Partnership / LLC / LLP - x1003,0.00,0.00,0.00,0.00,0.01,0.00,0.00,0.01,0.00,0.00,0.00,0.00,0.00,0.00,0.00,1,1
2024-11-29,900001003,x1003,Partnership / LLC / LLP - x1003,0.00,0.01,0.00,0.00,-0.01,0.00,0.01,0.00,0.00,0.00,0.00,0.01,0.00,0.00,0.00,2,2
2024-12-12,900001003,x1003,Partnership / LLC / LLP - x1003,0.00,2.24,0.00,0.00,-2.24,0.00,2.24,0.00,0.00,0.00,2.24,0.00,0.00,0.00,0.00,2,2
2024-12-16,900001003,x1003,Partnership / LLC / LLP - x1003,0.00,1.66,-380.00,0.00,-1.66,0.00,-378.34,-380.00,0.00,0.00,1.66,0.00,0.00,0.00,0.00,3,3
2024-12-17,900001003,x1003,Partnership / LLC / LLP - x1003,0.00,0.00,0.00,0.00,380.00,0.00,0.00,380.00,0.00,0.00,0.00,0.00,0.00,0.00,0.00,1,1
2024-12-18,900001003,x1003,Partnership / LLC / LLP - x1003,0.00,4.19,0.00,0.00,-4.19,0.00,4.19,0.00,0.00,0.00,4.19,0.00,0.00,0.00,0.00,2,2
2024-12-26,900001003,x1003,Partnership / LLC / LLP - x1003,-491.94,0.00,555.55,0.00,0.00,0.00,63.61,63.61,491.94,0.00,0.00,0.00,0.00,0.00,0.00,2,2
2024-12-27,900001003,x1003,Partnership / LLC / LLP - x1003,0.00,0.00,0.00,0.00,-63.61,0.00,0.00,-63.61,0.00,0.00,0.00,0.00,0.00,0.00,0.00,1,1
2024-12-31,900001003,x1003,Partnership / LLC / LLP - x1003,-3059.57,0.00,3000.00,0.00,-0.00,0.00,-59.57,-59.57,3059.57,0.00,0.00,0.00,0.00,0.00,0.00,8,8
2025-01-02,900001003,x1003,Partnership / LLC / LLP - x1003,0.00,0.00,0.00,0.00,59.57,0.00,0.00,59.57,0.00,0.00,0.00,0.00,0.00,0.00,0.00,1,1
2025-01-06,900001003,x1003,Partnership / LLC / LLP - x1003,11.48,0.00,0.00,0.00,0.00,0.00,11.48,11.48,1886.51,1897.99,0.00,0.00,0.00,0.00,0.05,2,2
2025-01-07,900001003,x1003,Partnership / LLC / LLP - x1003,0.00,0.00,0.00,0.00,-11.48,0.00,0.00,-11.48,0.00,0.00,0.00,0.00,0.00,0.00,0.00,1,1
2025-01-13,900001003,x1003,Partnership / LLC / LLP - x1003,-25.48,0.00,0.00,0.00,0.00,0.00,-25.48,-25.48,25.48,0.00,0.00,0.00,0.00,0.00,0.00,1,1
2025-01-14,900001003,x1003,Partnership / LLC / LLP - x1003,2436.81,0.00,0.00,0.00,25.48,0.00,2436.81,2462.29,0.00,2436.81,0.00,0.00,0.00,0.00,0.07,6,6
2025-01-15,900001003,x1003,Partnership / LLC / LLP - x1003,679.22,0.00,0.00,0.00,-2436.81,0.00,679.22,-1757.59,1162.63,1841.85,0.00,0.00,0.00,0.00,0.05,5,5
2025-01-16,900001003,x1003,Partnership / LLC / LLP - x1003,0.00,0.00,0.00,0.00,-679.22,0.00,0.00,-679.22,0.00,0.00,0.00,0.00,0.00,0.00,0.00,1,1
2025-01-17,900001003,x1003,Partnership / LLC / LLP - x1003,-206.66,0.00,0.00,0.00,0.00,0.00,-206.66,-206.66,206.66,0.00,0.00,0.00,0.00,0.00,0.00,1,1
2025-01-21,900001003,x1003,Partnership / LLC / LLP - x1003,-398.00,0.00,-1200.00,0.00,206.66,0.00,-1598.00,-1391.35,2007.25,1609.24,0.00,0.00,0.00,0.00,0.05,7,7
2025-01-22,900001003,x1003,Partnership / LLC / LLP - x1003,1.64,0.00,-1234.57,0.00,1598.00,0.00,-1232.92,365.08,554.55,556.19,0.00,0.00,0.00,0.00,0.02,4,4
2025-01-23,900001003,x1003,Partnership / LLC / LLP - x1003,0.00,0.00,0.00,0.00,1232.92,0.00,0.00,1232.92,0.00,0.00,0.00,0.00,0.00,0.00,0.00,1,1
2025-01-24,900001003,x1003,Partnership / LLC / LLP - x1003,199.67,0.00,0.00,0.00,0.00,0.00,199.67,199.67,673.16,872.83,0.00,0.00,0.00,0.00,0.03,2,2
2025-01-27,900001003,x1003,Partnership / LLC / LLP - x1003,812.12,0.00,0.00,0.00,-199.67,0.00,812.12,612.45,575.99,1388.11,0.00,0.00,0.00,0.00,0.04,6,6
2025-01-28,900001003,x1003,Partnership / LLC / LLP - x1003,0.00,0.00,-1050.00,0.00,-812.12,0.00,-1050.00,-1862.12,0.00,0.00,0.00,0.00,0.00,0.00,0.00,2,2
2025-01-29,900001003,x1003,Partnership / LLC / LLP - x1003,0.00,0.00,0.00,0.00,1050.00,0.00,0.00,1050.00,0.00,0.00,0.00,0.00,0.00,0.00,0.00,1,1
2025-01-31,900001003,x1003,Partnership / LLC / LLP - x1003,0.00,4.13,0.00,0.00,-0.01,0.00,4.13,4.12,0.00,0.00,4.12,0.01,0.00,0.00,0.00,3,3
2025-02-03,900001003,x1003,Partnership / LLC / LLP - x1003,210.45,0.00,0.00,0.00,-4.12,0.00,210.45,206.32,2182.14,2392.59,0.00,0.00,0.00,0.00,0.56,6,6
2025-02-04,900001003,x1003,Partnership / LLC / LLP - x1003,124.45,0.00,0.00,0.00,-210.45,0.00,124.45,-86.00,287.85,412.30,0.00,0.00,0.00,0.00,0.51,4,4
2025-02-05,900001003,x1003,Partnership / LLC / LLP - x1003,-201.20,0.00,-156.79,0.00,-124.45,0.00,-357.99,-482.43,201.20,0.00,0.00,0.00,0.00,0.00,0.00,3,3
2025-02-06,900001003,x1003,Partnership / LLC / LLP - x1003,0.00,0.00,0.00,0.00,357.99,0.00,0.00,357.99,0.00,0.00,0.00,0.00,0.00,0.00,0.00,1,1
2025-02-07,900001003,x1003,Partnership / LLC / LLP - x1003,-1.00,0.00,0.00,0.00,0.00,0.00,-1.00,-1.00,318.16,317.16,0.00,0.00,0.00,0.00,0.01,2,2
2025-02-10,900001003,x1003,Partnership / LLC / LLP - x1003,0.00,0.00,0.00,0.00,1.00,0.00,0.00,1.00,0.00,0.00,0.00,0.00,0.00,0.00,0.00,1,1
2025-02-13,900001003,x1003,Partnership / LLC / LLP - x1003,16.49,0.00,0.00,0.00,0.00,0.00,16.49,16.49,220.50,236.99,0.00,0.00,0.00,0.00,0.01,2,2
2025-02-14,900001003,x1003,Partnership / LLC / LLP - x1003,0.00,0.00,0.00,0.00,-16.49,0.00,0.00,-16.49,0.00,0.00,0.00,0.00,0.00,0.00,0.00,1,1
2025-02-18,900001003,x1003,Partnership / LLC / LLP - x1003,224.81,6.88,0.00,0.00,-6.88,0.00,231.69,224.81,0.00,224.81,6.88,0.00,0.00,0.00,0.01,3,3
2025-02-19,900001003,x1003,Partnership / LLC / LLP - x1003,0.00,0.00,0.00,0.00,-224.81,0.00,0.00,-224.81,0.00,0.00,0.00,0.00,0.00,0.00,0.00,1,1
2025-02-20,900001003,x1003,Partnership / LLC / LLP - x1003,86.56,0.00,0.00,0.00,0.00,0.00,86.56,86.56,930.40,1016.95,0.00,0.00,0.00,0.00,0.03,3,3
2025-02-21,900001003,x1003,Partnership / LLC / LLP - x1003,0.00,0.00,0.00,0.00,-86.56,0.00,0.00,-86.56,0.00,0.00,0.00,0.00,0.00,0.00,0.00,1,1
2025-02-25,900001003,x1003,Partnership / LLC / LLP - x1003,1.75,0.00,0.00,0.00,0.00,0.00,1.75,1.75,299.27,301.01,0.00,0.00,0.00,0.00,0.01,2,2
2025-02-26,900001003,x1003,Partnership / LLC / LLP - x1003,0.00,0.00,0.00,0.00,-1.75,0.00,0.00,-1.75,0.00,0.00,0.00,0.00,0.00,0.00,0.00,1,1
2025-02-28,900001003,x1003,Partnership / LLC / LLP - x1003,0.00,0.00,-250.00,0.00,-0.00,0.00,-250.00,-250.00,0.00,0.00,0.00,0.00,0.00,0.00,0.00,3,3
2025-03-03,900001003,x1003,Partnership / LLC / LLP - x1003,0.00,0.00,0.00,0.00,250.00,0.00,0.00,250.00,0.00,0.00,0.00,0.00,0.00,0.00,0.00,1,1
2025-03-04,900001003,x1003,Partnership / LLC / LLP - x1003,311.12,0.00,-100.00,0.00,0.00,0.00,211.12,211.12,0.00,311.12,0.00,0.00,0.00,0.00,0.01,2,2
2025-03-05,900001003,x1003,Partnership / LLC / LLP - x1003,0.00,0.00,0.00,0.00,-211.12,0.00,0.00,-211.12,0.00,0.00,0.00,0.00,0.00,0.00,0.00,1,1
2025-03-11,900001003,x1003,Partnership / LLC / LLP - x1003,0.00,0.00,-150.00,0.00,0.00,0.00,-150.00,-150.00,0.00,0.00,0.00,0.00,0.00,0.00,0.00,1,1
2025-03-12,900001003,x1003,Partnership / LLC / LLP - x1003,0.00,0.00,0.00,0.00,150.00,0.00,0.00,150.00,0.00,0.00,0.00,0.00,0.00,0.00,0.00,1,1
2025-03-17,900001003,x1003,Partnership / LLC / LLP - x1003,333.00,2.86,0.00,0.00,-2.86,0.00,335.86,333.00,0.00,333.00,2.86,0.00,0.00,0.00,0.01,3,3
2025-03-18,900001003,x1003,Partnership / LLC / LLP - x1003,0.00,0.00,0.00,0.00,-333.00,0.00,0.00,-333.00,0.00,0.00,0.00,0.00,0.00,0.00,0.00,1,1
2025-03-19,900001003,x1003,Partnership / LLC / LLP - x1003,0.00,3.42,0.00,0.00,-3.42,0.00,3.42,0.00,0.00,0.00,3.42,0.00,0.00,0.00,0.00,2,2
2025-03-24,900001003,x1003,Partnership / LLC / LLP - x1003,1332.88,0.00,0.00,0.00,0.00,0.00,1332.88,1332.88,476.00,1808.88,0.00,0.00,0.00,0.00,0.05,2,2
2025-03-25,900001003,x1003,Partnership / LLC / LLP - x1003,-1108.12,0.00,0.00,0.00,-1332.88,0.00,-1108.12,-2441.00,1108.12,0.00,0.00,0.00,0.00,0.00,0.00,3,3
2025-03-26,900001003,x1003,Partnership / LLC / LLP - x1003,-133.44,0.00,0.00,0.00,1108.12,0.00,-133.44,974.68,133.44,0.00,0.00,0.00,0.00,0.00,0.00,2,2
2025-03-27,900001003,x1003,Partnership / LLC / LLP - x1003,0.00,0.00,-590.00,0.00,133.44,0.00,-590.00,-456.56,0.00,0.00,0.00,0.00,0.00,0.00,0.00,2,2
2025-03-28,900001003,x1003,Partnership / LLC / LLP - x1003,0.00,0.00,0.00,0.00,590.00,0.00,0.00,590.00,0.00,0.00,0.00,0.00,0.00,0.00,0.00,1,1
2025-03-31,900001003,x1003,Partnership / LLC / LLP - x1003,0.00,0.00,0.00,0.00,-0.00,0.00,0.00,0.00,0.00,0.00,0.00,0.00,0.00,0.00,0.00,2,2
2025-04-04,900001003,x1003,Partnership / LLC / LLP - x1003,-8.83,0.00,0.00,0.00,0.00,0.00,-8.83,-8.83,2601.45,2592.62,0.00,0.00,0.00,0.00,0.07,4,4
2025-04-07,900001003,x1003,Partnership / LLC / LLP - x1003,0.00,0.00,0.00,0.00,8.83,0.00,0.00,8.83,0.00,0.00,0.00,0.00,0.00,0.00,0.00,1,1
2025-04-14,900001003,x1003,Partnership / LLC / LLP - x1003,725.08,0.00,0.00,0.00,0.00,0.00,725.08,725.08,596.38,1321.46,0.00,0.00,0.00,0.00,0.04,4,4
2025-04-15,900001003,x1003,Partnership / LLC / LLP - x1003,0.00,0.00,0.00,0.00,-725.08,0.00,0.00,-725.08,0.00,0.00,0.00,0.00,0.00,0.00,0.00,1,1
2025-04-16,900001003,x1003,Partnership / LLC / LLP - x1003,-254.80,0.00,0.00,0.00,0.00,0.00,-254.80,-254.80,254.80,0.00,0.00,0.00,0.00,0.00,0.00,1,1
2025-04-17,900001003,x1003,Partnership / LLC / LLP - x1003,0.00,0.00,0.00,0.00,254.80,0.00,0.00,254.80,0.00,0.00,0.00,0.00,0.00,0.00,0.00,1,1
2025-04-21,900001003,x1003,Partnership / LLC / LLP - x1003,-203.04,0.00,0.00,0.00,0.00,0.00,-203.04,-203.04,203.04,0.00,0.00,0.00,0.00,0.00,0.00,1,1
2025-04-22,900001003,x1003,Partnership / LLC / LLP - x1003,0.00,0.00,0.00,0.00,203.04,0.00,0.00,203.04,0.00,0.00,0.00,0.00,0.00,0.00,0.00,1,1
2025-04-25,900001003,x1003,Partnership / LLC / LLP - x1003,44.52,0.00,0.00,0.00,0.00,0.00,44.52,44.52,333.01,377.54,0.00,0.00,0.00,0.00,0.01,3,3
2025-04-28,900001003,x1003,Partnership / LLC / LLP - x1003,340.94,0.00,0.00,0.00,-44.52,0.00,340.94,296.41,294.27,635.21,0.00,0.00,0.00,0.00,0.02,4,4
2025-04-29,900001003,x1003,Partnership / LLC / LLP - x1003,0.00,0.00,-198.76,0.00,-340.94,0.00,-198.76,-539.70,0.00,0.00,0.00,0.00,0.00,0.00,0.00,2,2
2025-04-30,900001003,x1003,Partnership / LLC / LLP - x1003,0.00,6.42,0.00,0.00,198.76,0.00,6.42,205.18,0.00,0.00,6.41,0.00,0.00,0.00,0.00,4,4
2025-05-01,900001003,x1003,Partnership / LLC / LLP - x1003,0.00,0.00,0.00,0.00,-6.41,0.00,0.00,-6.41,0.00,0.00,0.00,0.00,0.00,0.00,0.00,1,1
2025-05-02,900001003,x1003,Partnership / LLC / LLP - x1003,-15.55,0.00,0.00,0.00,0.00,0.00,-15.55,-15.55,491.62,476.07,0.00,0.00,0.00,0.00,0.01,6,6
2025-05-05,900001003,x1003,Partnership / LLC / LLP - x1003,0.00,3.47,0.00,0.00,12.08,0.00,3.47,15.55,0.00,0.00,3.47,0.00,0.00,0.00,0.00,2,2
2025-05-08,900001003,x1003,Partnership / LLC / LLP - x1003,0.00,0.00,-356.79,0.00,0.00,0.00,-356.79,-356.79,0.00,0.00,0.00,0.00,0.00,0.00,0.00,1,1
2025-05-09,900001003,x1003,Partnership / LLC / LLP - x1003,289.61,0.00,0.00,0.00,356.79,0.00,289.61,646.40,0.00,289.61,0.00,0.00,0.00,0.00,0.01,4,4
2025-05-12,900001003,x1003,Partnership / LLC / LLP - x1003,0.00,0.00,0.00,0.00,-289.62,0.00,0.00,-289.62,0.00,0.00,0.00,0.00,0.00,0.00,0.00,1,1
2025-05-14,900001003,x1003,Partnership / LLC / LLP - x1003,0.00,0.00,-350.00,0.00,0.00,0.00,-350.00,-350.00,0.00,0.00,0.00,0.00,0.00,0.00,0.00,1,1
2025-05-15,900001003,x1003,Partnership / LLC / LLP - x1003,0.00,8.25,0.00,0.00,341.75,0.00,8.25,350.00,0.00,0.00,8.25,0.00,0.00,0.00,0.00,2,2
2025-05-30,900001003,x1003,Partnership / LLC / LLP - x1003,0.00,0.00,0.00,0.00,-0.00,0.00,0.00,0.00,0.00,0.00,0.00,0.00,0.00,0.00,0.00,2,2
2025-06-04,900001003,x1003,Partnership / LLC / LLP - x1003,0.00,3.58,0.00,0.00,-3.58,0.00,3.58,0.00,0.00,0.00,3.58,0.00,0.00,0.00,0.00,2,2
2025-06-10,900001003,x1003,Partnership / LLC / LLP - x1003,271.96,0.00,0.00,0.00,0.00,0.00,271.96,271.96,0.00,271.96,0.00,0.00,0.00,0.00,0.00,1,1
2025-06-11,900001003,x1003,Partnership / LLC / LLP - x1003,0.00,0.00,0.00,0.00,-271.96,0.00,0.00,-271.96,0.00,0.00,0.00,0.00,0.00,0.00,0.00,1,1
2025-06-16,900001003,x1003,Partnership / LLC / LLP - x1003,1022.87,0.17,-301.23,0.00,-0.17,0.00,721.81,721.64,0.00,1022.87,0.17,0.00,0.00,0.00,0.00,4,4
2025-06-17,900001003,x1003,Partnership / LLC / LLP - x1003,0.00,0.00,-987.65,0.00,-721.64,0.00,-987.65,-1709.29,0.00,0.00,0.00,0.00,0.00,0.00,0.00,2,2
2025-06-18,900001003,x1003,Partnership / LLC / LLP - x1003,0.00,3.16,0.00,0.00,984.50,0.00,3.16,987.65,0.00,0.00,3.16,0.00,0.00,0.00,0.00,2,2
2025-06-27,900001003,x1003,Partnership / LLC / LLP - x1003,997.49,0.00,0.00,0.00,0.00,0.00,997.49,997.49,0.00,997.49,0.00,0.00,0.00,0.00,0.00,3,3
2025-06-30,900001003,x1003,Partnership / LLC / LLP - x1003,-361.44,0.00,-654.32,0.00,-997.49,0.00,-1015.76,-2013.25,361.44,0.00,0.00,0.00,0.00,0.00,0.00,5,5
2025-07-01,900001003,x1003,Partnership / LLC / LLP - x1003,0.00,0.35,0.00,0.00,1015.41,0.00,0.35,1015.76,0.00,0.00,0.35,0.00,0.00,0.00,0.00,2,2
2025-07-07,900001003,x1003,Partnership / LLC / LLP - x1003,-441.00,4.16,432.11,0.00,-4.16,0.00,-4.73,-8.89,441.00,0.00,4.16,0.00,0.00,0.00,0.00,4,4
2025-07-08,900001003,x1003,Partnership / LLC / LLP - x1003,0.00,0.00,0.00,0.00,8.89,0.00,0.00,8.89,0.00,0.00,0.00,0.00,0.00,0.00,0.00,1,1
2025-07-11,900001003,x1003,Partnership / LLC / LLP - x1003,374.00,0.00,0.00,0.00,0.00,0.00,374.00,374.00,598.80,972.80,0.00,0.00,0.00,0.00,0.00,3,3
2025-07-14,900001003,x1003,Partnership / LLC / LLP - x1003,0.00,0.00,0.00,0.00,-374.00,0.00,0.00,-374.00,0.00,0.00,0.00,0.00,0.00,0.00,0.00,1,1
2025-07-15,900001003,x1003,Partnership / LLC / LLP - x1003,-345.33,0.00,0.00,0.00,0.00,0.00,-345.33,-345.33,838.35,493.02,0.00,0.00,0.00,0.00,0.00,4,4
2025-07-16,900001003,x1003,Partnership / LLC / LLP - x1003,0.00,0.00,0.00,0.00,345.33,0.00,0.00,345.33,0.00,0.00,0.00,0.00,0.00,0.00,0.00,1,1
2025-07-17,900001003,x1003,Partnership / LLC / LLP - x1003,336.44,0.00,0.00,0.00,0.00,0.00,336.44,336.44,0.00,336.44,0.00,0.00,0.00,0.00,0.00,1,1
2025-07-18,900001003,x1003,Partnership / LLC / LLP - x1003,-186.54,0.00,0.00,0.00,-336.44,0.00,-186.54,-522.98,186.54,0.00,0.00,0.00,0.00,0.00,0.00,2,2
2025-07-21,900001003,x1003,Partnership / LLC / LLP - x1003,-205.62,0.00,0.00,0.00,186.54,0.00,-205.62,-19.09,205.62,0.00,0.00,0.00,0.00,0.00,0.00,3,3
2025-07-22,900001003,x1003,Partnership / LLC / LLP - x1003,0.00,0.00,0.00,0.00,205.62,0.00,0.00,205.62,0.00,0.00,0.00,0.00,0.00,0.00,0.00,1,1
2025-07-25,900001003,x1003,Partnership / LLC / LLP - x1003,368.10,0.00,0.00,0.00,0.00,0.00,368.10,368.10,0.00,368.10,0.00,0.00,0.00,0.00,0.00,2,2
2025-07-28,900001003,x1003,Partnership / LLC / LLP - x1003,0.00,0.00,0.00,0.00,-368.10,0.00,0.00,-368.10,0.00,0.00,0.00,0.00,0.00,0.00,0.00,1,1
2025-07-31,900001003,x1003,Partnership / LLC / LLP - x1003,-322.54,5.98,0.00,0.00,-0.00,0.00,-316.56,-316.56,322.54,0.00,5.98,0.00,0.00,0.00,0.00,6,6
2025-08-01,900001003,x1003,Partnership / LLC / LLP - x1003,-37.90,0.00,0.00,0.00,316.56,0.00,-37.90,278.67,1034.87,996.97,0.00,0.00,0.00,0.00,0.00,5,5
2025-08-04,900001003,x1003,Partnership / LLC / LLP - x1003,506.48,0.00,0.00,0.00,37.90,0.00,506.48,544.38,0.00,506.48,0.00,0.00,0.00,0.00,0.00,3,3
2025-08-05,900001003,x1003,Partnership / LLC / LLP - x1003,0.00,0.00,-500.00,0.00,-506.48,0.00,-500.00,-1006.48,0.00,0.00,0.00,0.00,0.00,0.00,0.00,2,2
2025-08-06,900001003,x1003,Partnership / LLC / LLP - x1003,0.00,0.00,0.00,0.00,500.00,0.00,0.00,500.00,0.00,0.00,0.00,0.00,0.00,0.00,0.00,1,1
2025-08-15,900001003,x1003,Partnership / LLC / LLP - x1003,0.00,9.75,0.00,0.00,-9.75,0.00,9.75,0.00,0.00,0.00,9.75,0.00,0.00,0.00,0.00,2,2
2025-08-26,900001003,x1003,Partnership / LLC / LLP - x1003,244.50,0.00,0.00,0.00,0.00,0.00,244.50,244.50,205.59,450.09,0.00,0.00,0.00,0.00,0.00,3,3
2025-08-27,900001003,x1003,Partnership / LLC / LLP - x1003,-268.22,0.00,0.00,0.00,-244.50,0.00,-268.22,-512.72,712.37,444.15,0.00,0.00,0.00,0.00,0.00,4,4
2025-08-28,900001003,x1003,Partnership / LLC / LLP - x1003,589.92,0.00,0.00,0.00,268.22,0.00,589.92,858.14,0.00,589.92,0.00,0.00,0.00,0.00,0.00,3,3
2025-08-29,900001003,x1003,Partnership / LLC / LLP - x1003,0.00,0.00,0.00,0.00,-589.92,0.00,0.00,-589.92,0.00,0.00,0.00,0.00,0.00,0.00,0.00,3,3
2025-09-02,900001003,x1003,Partnership / LLC / LLP - x1003,468.52,0.00,-599.09,0.00,0.00,0.00,-130.57,-130.57,0.00,468.52,0.00,0.00,0.00,0.00,0.00,2,2
2025-09-03,900001003,x1003,Partnership / LLC / LLP - x1003,472.72,0.00,0.00,0.00,130.56,0.00,472.72,603.28,225.13,697.85,0.00,0.00,0.00,0.00,0.00,4,4
2025-09-04,900001003,x1003,Partnership / LLC / LLP - x1003,-40.98,0.00,-888.89,0.00,-472.72,0.00,-929.86,-1402.58,40.98,0.00,0.00,0.00,0.00,0.00,0.00,3,3
2025-09-05,900001003,x1003,Partnership / LLC / LLP - x1003,2133.30,0.00,0.00,0.00,929.86,0.00,2133.30,3063.16,0.00,2133.30,0.00,0.00,0.00,0.00,0.00,4,4
2025-09-08,900001003,x1003,Partnership / LLC / LLP - x1003,0.00,0.00,-1600.00,0.00,-2133.30,0.00,-1600.00,-3733.30,0.00,0.00,0.00,0.00,0.00,0.00,0.00,2,2
2025-09-09,900001003,x1003,Partnership / LLC / LLP - x1003,231.96,0.00,-543.21,0.00,1600.00,0.00,-311.25,1288.75,0.00,231.96,0.00,0.00,0.00,0.00,0.00,3,3
2025-09-10,900001003,x1003,Partnership / LLC / LLP - x1003,200.49,0.00,0.00,0.00,311.25,0.00,200.49,511.74,0.00,200.49,0.00,0.00,0.00,0.00,0.00,2,2
2025-09-11,900001003,x1003,Partnership / LLC / LLP - x1003,0.00,0.00,-400.00,0.00,-200.49,0.00,-400.00,-600.49,0.00,0.00,0.00,0.00,0.00,0.00,0.00,2,2
2025-09-12,900001003,x1003,Partnership / LLC / LLP - x1003,2359.77,0.00,0.00,0.00,400.00,0.00,2359.77,2759.77,0.00,2359.77,0.00,0.00,0.00,0.00,0.00,3,3
2025-09-15,900001003,x1003,Partnership / LLC / LLP - x1003,0.00,0.00,-2378.90,0.00,-2359.77,0.00,-2378.90,-4738.67,0.00,0.00,0.00,0.00,0.00,0.00,0.00,2,2
2025-09-16,900001003,x1003,Partnership / LLC / LLP - x1003,0.00,0.00,0.00,0.00,2378.90,0.00,0.00,2378.90,0.00,0.00,0.00,0.00,0.00,0.00,0.00,1,1
2025-09-17,900001003,x1003,Partnership / LLC / LLP - x1003,0.00,3.37,0.00,0.00,-3.37,0.00,3.37,0.00,0.00,0.00,3.37,0.00,0.00,0.00,0.00,2,2
2025-09-18,900001003,x1003,Partnership / LLC / LLP - x1003,-627.06,0.00,0.00,0.00,0.00,0.00,-627.06,-627.06,627.06,0.00,0.00,0.00,0.00,0.00,0.00,1,1
2025-09-19,900001003,x1003,Partnership / LLC / LLP - x1003,-884.87,0.00,1500.00,0.00,18.76,0.00,615.14,633.90,884.87,0.00,0.00,0.00,0.00,0.00,0.00,6,6
2025-09-22,900001003,x1003,Partnership / LLC / LLP - x1003,-1987.31,0.00,1987.65,0.00,-6.84,0.00,0.34,-6.50,1987.31,0.00,0.00,0.00,0.00,0.00,0.00,7,7
2025-09-23,900001003,x1003,Partnership / LLC / LLP - x1003,0.00,0.00,0.00,0.00,-0.34,0.00,0.00,-0.34,0.00,0.00,0.00,0.00,0.00,0.00,0.00,1,1
2025-09-25,900001003,x1003,Partnership / LLC / LLP - x1003,850.69,0.00,0.00,0.00,0.00,0.00,850.69,850.69,0.00,850.69,0.00,0.00,0.00,0.00,0.00,3,3
2025-09-26,900001003,x1003,Partnership / LLC / LLP - x1003,0.00,0.00,-800.00,0.00,-850.70,0.00,-800.00,-1650.70,0.00,0.00,0.00,0.00,0.00,0.00,0.00,2,2
2025-09-29,900001003,x1003,Partnership / LLC / LLP - x1003,483.36,0.00,0.00,0.00,800.00,0.00,483.36,1283.36,0.00,483.36,0.00,0.00,0.00,0.00,0.00,3,3
2025-09-30,900001003,x1003,Partnership / LLC / LLP - x1003,-28.47,0.00,-498.76,0.00,-483.36,0.00,-527.23,-1010.60,28.47,0.00,0.00,0.00,0.00,0.00,0.00,5,5
2025-10-01,900001003,x1003,Partnership / LLC / LLP - x1003,0.00,0.00,0.00,0.00,527.23,0.00,0.00,527.23,0.00,0.00,0.00,0.00,0.00,0.00,0.00,1,1
2025-10-09,900001003,x1003,Partnership / LLC / LLP - x1003,-160.31,0.00,156.79,0.00,0.00,0.00,-3.53,-3.53,160.31,0.00,0.00,0.00,0.00,0.00,0.00,2,2
2025-10-10,900001003,x1003,Partnership / LLC / LLP - x1003,0.00,0.00,0.00,0.00,3.52,0.00,0.00,3.52,0.00,0.00,0.00,0.00,0.00,0.00,0.00,1,1
2025-10-17,900001003,x1003,Partnership / LLC / LLP - x1003,-204.28,0.00,198.76,0.00,0.00,0.00,-5.51,-5.51,419.56,215.28,0.00,0.00,0.00,0.00,0.00,4,4
2025-10-20,900001003,x1003,Partnership / LLC / LLP - x1003,201.53,0.00,0.00,0.00,5.51,0.00,201.53,207.04,0.00,201.53,0.00,0.00,0.00,0.00,0.00,2,2
2025-10-21,900001003,x1003,Partnership / LLC / LLP - x1003,0.00,0.00,0.00,0.00,-201.53,0.00,0.00,-201.53,0.00,0.00,0.00,0.00,0.00,0.00,0.00,1,1
2025-10-23,900001003,x1003,Partnership / LLC / LLP - x1003,-178.80,0.00,-23.46,0.00,0.00,0.00,-202.26,-202.26,178.80,0.00,0.00,0.00,0.00,0.00,0.00,2,2
2025-10-24,900001003,x1003,Partnership / LLC / LLP - x1003,0.00,0.00,0.00,0.00,202.26,0.00,0.00,202.26,0.00,0.00,0.00,0.00,0.00,0.00,0.00,1,1
2025-10-27,900001003,x1003,Partnership / LLC / LLP - x1003,602.42,0.00,0.00,0.00,0.00,0.00,602.42,602.42,219.12,821.54,0.00,0.00,0.00,0.00,0.00,4,4
2025-10-28,900001003,x1003,Partnership / LLC / LLP - x1003,0.00,0.00,-600.00,0.00,-602.41,0.00,-600.00,-1202.41,0.00,0.00,0.00,0.00,0.00,0.00,0.00,2,2
2025-10-29,900001003,x1003,Partnership / LLC / LLP - x1003,0.00,0.00,0.00,0.00,600.00,0.00,0.00,600.00,0.00,0.00,0.00,0.00,0.00,0.00,0.00,1,1
2025-10-31,900001003,x1003,Partnership / LLC / LLP - x1003,0.00,6.00,0.00,0.00,-0.00,0.00,6.00,6.00,0.00,0.00,6.00,0.00,0.00,0.00,0.00,3,3
2025-11-03,900001003,x1003,Partnership / LLC / LLP - x1003,0.00,0.00,0.00,0.00,-6.00,0.00,0.00,-6.00,0.00,0.00,0.00,0.00,0.00,0.00,0.00,1,1
2025-11-05,900001003,x1003,Partnership / LLC / LLP - x1003,-227.53,0.00,222.22,0.00,0.00,0.00,-5.31,-5.31,227.53,0.00,0.00,0.00,0.00,0.00,0.00,2,2
2025-11-06,900001003,x1003,Partnership / LLC / LLP - x1003,0.00,0.00,0.00,0.00,5.31,0.00,0.00,5.31,0.00,0.00,0.00,0.00,0.00,0.00,0.00,1,1
2025-11-10,900001003,x1003,Partnership / LLC / LLP - x1003,0.69,0.00,0.00,0.00,0.00,0.00,0.69,0.69,499.31,500.01,0.00,0.00,0.00,0.00,0.00,2,2
2025-11-11,900001003,x1003,Partnership / LLC / LLP - x1003,14.02,0.00,0.00,0.00,0.00,0.00,14.02,14.02,1037.48,1051.50,0.00,0.00,0.00,0.00,0.00,8,8
2025-11-12,900001003,x1003,Partnership / LLC / LLP - x1003,0.00,0.00,0.00,0.00,-14.71,0.00,0.00,-14.71,0.00,0.00,0.00,0.00,0.00,0.00,0.00,1,1
2025-11-17,900001003,x1003,Partnership / LLC / LLP - x1003,0.00,7.50,0.00,0.00,-7.50,0.00,7.50,0.00,0.00,0.00,7.50,0.00,0.00,0.00,0.00,2,2
2025-11-24,900001003,x1003,Partnership / LLC / LLP - x1003,-5.58,0.00,0.00,0.00,0.00,0.00,-5.58,-5.58,1194.26,1188.68,0.00,0.00,0.00,0.00,0.00,7,7
2025-11-25,900001003,x1003,Partnership / LLC / LLP - x1003,0.00,0.00,0.00,0.00,5.58,0.00,0.00,5.58,0.00,0.00,0.00,0.00,0.00,0.00,0.00,1,1
2025-11-26,900001003,x1003,Partnership / LLC / LLP - x1003,592.24,0.00,0.00,0.00,0.00,0.00,592.24,592.24,0.00,592.24,0.00,0.00,0.00,0.00,0.00,3,3
2025-11-28,900001003,x1003,Partnership / LLC / LLP - x1003,-319.27,0.00,0.00,0.00,-592.24,0.00,-319.27,-911.52,319.27,0.00,0.00,0.00,0.00,0.00,0.00,2,2
2025-12-01,900001003,x1003,Partnership / LLC / LLP - x1003,-138.88,0.00,-156.79,0.00,319.27,0.00,-295.67,23.61,138.88,0.00,0.00,0.00,0.00,0.00,0.00,4,4
2025-12-02,900001003,x1003,Partnership / LLC / LLP - x1003,0.00,0.00,0.00,0.00,295.67,0.00,0.00,295.67,0.00,0.00,0.00,0.00,0.00,0.00,0.00,1,1
2025-12-15,900001003,x1003,Partnership / LLC / LLP - x1003,0.00,0.21,0.00,0.00,-0.21,0.00,0.21,0.00,0.00,0.00,0.21,0.00,0.00,0.00,0.00,2,2
2025-12-17,900001003,x1003,Partnership / LLC / LLP - x1003,0.00,0.54,0.00,0.00,-0.54,0.00,0.54,0.00,0.00,0.00,0.54,0.00,0.00,0.00,0.00,2,2
2025-12-22,900001003,x1003,Partnership / LLC / LLP - x1003,1361.95,0.00,0.00,0.00,0.00,0.00,1361.95,1361.95,0.00,1361.95,0.00,0.00,0.00,0.00,0.00,6,6
2025-12-23,900001003,x1003,Partnership / LLC / LLP - x1003,0.00,0.00,0.00,0.00,-1361.95,0.00,0.00,-1361.95,0.00,0.00,0.00,0.00,0.00,0.00,0.00,1,1
2025-12-26,900001003,x1003,Partnership / LLC / LLP - x1003,0.00,0.73,0.00,0.00,-0.73,0.00,0.73,0.00,0.00,0.00,0.73,0.00,0.00,0.00,0.00,2,2
2025-12-30,900001003,x1003,Partnership / LLC / LLP - x1003,0.00,1.19,0.00,0.00,-1.19,0.00,1.19,0.00,0.00,0.00,1.19,0.00,0.00,0.00,0.00,2,2
2025-12-31,900001003,x1003,Partnership / LLC / LLP - x1003,0.00,0.00,0.00,0.00,-1.19,0.00,0.00,-1.19,0.00,0.00,0.00,0.00,0.00,0.00,0.00,3,3
2026-01-02,900001003,x1003,Partnership / LLC / LLP - x1003,-851.43,0.00,0.00,0.00,1.19,0.00,-851.43,-850.24,1261.74,410.31,0.00,0.00,0.00,0.00,0.00,7,7
2026-01-05,900001003,x1003,Partnership / LLC / LLP - x1003,-87.40,0.00,-427.00,0.00,851.43,0.00,-514.40,337.03,87.40,0.00,0.00,0.00,0.00,0.00,0.00,3,3
2026-01-06,900001003,x1003,Partnership / LLC / LLP - x1003,13.38,0.00,0.00,0.00,514.40,0.00,13.38,527.78,247.14,260.52,0.00,0.00,0.00,0.00,0.00,4,4
2026-01-07,900001003,x1003,Partnership / LLC / LLP - x1003,0.00,8.31,0.00,0.00,-21.69,0.00,8.31,-13.38,0.00,0.00,8.31,0.00,0.00,0.00,0.00,3,3
2026-01-12,900001003,x1003,Partnership / LLC / LLP - x1003,83.81,0.00,0.00,0.00,0.00,0.00,83.81,83.81,0.00,83.81,0.00,0.00,0.00,0.00,0.00,1,1
2026-01-13,900001003,x1003,Partnership / LLC / LLP - x1003,1160.73,0.00,0.00,0.00,-83.81,0.00,1160.73,1076.91,0.00,1160.73,0.00,0.00,0.00,0.00,0.00,4,4
2026-01-14,900001003,x1003,Partnership / LLC / LLP - x1003,-243.65,0.00,0.00,0.00,-1160.73,0.00,-243.65,-1404.38,243.65,0.00,0.00,0.00,0.00,0.00,0.00,2,2
2026-01-15,900001003,x1003,Partnership / LLC / LLP - x1003,-203.42,0.00,-567.89,0.00,243.65,0.00,-771.31,-527.66,203.42,0.00,0.00,0.00,0.00,0.00,0.00,3,3
2026-01-16,900001003,x1003,Partnership / LLC / LLP - x1003,-225.59,0.00,0.00,0.00,771.31,0.00,-225.59,545.72,225.59,0.00,0.00,0.00,0.00,0.00,0.00,2,2
2026-01-20,900001003,x1003,Partnership / LLC / LLP - x1003,215.00,0.00,0.00,0.00,225.59,0.00,215.00,440.58,0.00,215.00,0.00,0.00,0.00,0.00,0.00,2,2
2026-01-21,900001003,x1003,Partnership / LLC / LLP - x1003,-223.92,0.00,0.00,0.00,-215.00,0.00,-223.92,-438.91,223.92,0.00,0.00,0.00,0.00,0.00,0.00,2,2
2026-01-22,900001003,x1003,Partnership / LLC / LLP - x1003,14.79,0.00,0.00,0.00,223.92,0.00,14.79,238.71,533.25,548.04,0.00,0.00,0.00,0.00,0.00,6,6
2026-01-23,900001003,x1003,Partnership / LLC / LLP - x1003,0.00,0.00,0.00,0.00,-14.79,0.00,0.00,-14.79,0.00,0.00,0.00,0.00,0.00,0.00,0.00,1,1
2026-01-26,900001003,x1003,Partnership / LLC / LLP - x1003,1249.41,0.00,0.00,0.00,0.00,0.00,1249.41,1249.41,496.54,1745.94,0.00,0.00,0.00,0.00,0.00,7,7
2026-01-27,900001003,x1003,Partnership / LLC / LLP - x1003,0.00,0.00,-1250.00,0.00,-1249.41,0.00,-1250.00,-2499.41,0.00,0.00,0.00,0.00,0.00,0.00,0.00,2,2
2026-01-28,900001003,x1003,Partnership / LLC / LLP - x1003,187.10,0.00,0.00,0.00,1250.00,0.00,187.10,1437.10,187.65,374.75,0.00,0.00,0.00,0.00,0.00,4,4
2026-01-29,900001003,x1003,Partnership / LLC / LLP - x1003,89.86,0.00,0.00,0.00,-187.10,0.00,89.86,-97.24,404.20,494.06,0.00,0.00,0.00,0.00,0.00,5,5
2026-01-30,900001003,x1003,Partnership / LLC / LLP - x1003,413.52,3.50,0.00,0.00,-89.86,0.00,417.03,327.16,122.45,535.97,3.50,0.00,0.00,0.00,0.00,6,6
2026-02-02,900001003,x1003,Partnership / LLC / LLP - x1003,-250.81,0.00,0.00,0.00,-417.02,0.00,-250.81,-667.84,540.71,289.89,0.00,0.00,0.00,0.00,0.00,6,6
2026-02-03,900001003,x1003,Partnership / LLC / LLP - x1003,113.50,0.00,0.00,0.00,250.81,0.00,113.50,364.32,0.00,113.50,0.00,0.00,0.00,0.00,0.00,2,2
2026-02-04,900001003,x1003,Partnership / LLC / LLP - x1003,-151.36,0.93,-123.46,0.00,-114.43,0.00,-273.89,-388.32,649.35,497.99,0.93,0.00,0.00,0.00,0.00,8,8
2026-02-05,900001003,x1003,Partnership / LLC / LLP - x1003,34.06,0.00,0.00,0.00,274.82,0.00,34.06,308.88,225.72,259.78,0.00,0.00,0.00,0.00,0.00,3,3
2026-02-06,900001003,x1003,Partnership / LLC / LLP - x1003,1685.35,0.00,0.00,0.00,-34.06,0.00,1685.35,1651.29,744.34,2429.68,0.00,0.00,0.00,0.00,0.00,15,15
2026-02-09,900001003,x1003,Partnership / LLC / LLP - x1003,365.50,0.00,100.00,0.00,-1685.35,0.00,465.50,-1219.84,251.47,616.98,0.00,0.00,0.00,0.00,0.00,4,4
2026-02-10,900001003,x1003,Partnership / LLC / LLP - x1003,0.00,0.00,0.00,0.00,-465.50,0.00,0.00,-465.50,0.00,0.00,0.00,0.00,0.00,0.00,0.00,1,1
2026-02-11,900001003,x1003,Partnership / LLC / LLP - x1003,-290.41,0.00,0.00,0.00,0.00,0.00,-290.41,-290.41,290.41,0.00,0.00,0.00,0.00,0.00,0.00,2,2
2026-02-12,900001003,x1003,Partnership / LLC / LLP - x1003,-1921.09,0.00,-22.22,0.00,312.63,0.00,-1943.31,-1630.68,3239.59,1318.50,0.00,0.00,0.00,0.00,0.00,16,16
2026-02-13,900001003,x1003,Partnership / LLC / LLP - x1003,589.38,0.00,0.00,0.00,1921.09,0.00,589.38,2510.47,234.10,823.49,0.00,0.00,0.00,0.00,0.00,7,7
2026-02-17,900001003,x1003,Partnership / LLC / LLP - x1003,-844.48,6.00,0.00,0.00,-595.38,0.00,-838.48,-1433.87,1095.99,251.51,6.00,0.00,0.00,0.00,0.00,8,8
2026-02-18,900001003,x1003,Partnership / LLC / LLP - x1003,175.68,0.00,0.00,0.00,844.48,0.00,175.68,1020.16,0.00,175.68,0.00,0.00,0.00,0.00,0.00,2,2
2026-02-19,900001003,x1003,Partnership / LLC / LLP - x1003,0.00,0.00,0.00,0.00,-175.68,0.00,0.00,-175.68,0.00,0.00,0.00,0.00,0.00,0.00,0.00,1,1
2026-02-24,900001003,x1003,Partnership / LLC / LLP - x1003,491.86,0.00,-190.00,0.00,0.00,0.00,301.86,301.86,30.89,522.75,0.00,0.00,0.00,0.00,0.00,4,4
2026-02-25,900001003,x1003,Partnership / LLC / LLP - x1003,-33.40,0.00,-456.79,0.00,-301.86,0.00,-490.19,-792.05,75.56,42.16,0.00,0.00,0.00,0.00,0.00,4,4
2026-02-26,900001003,x1003,Partnership / LLC / LLP - x1003,5.25,0.00,0.00,0.00,490.19,0.00,5.25,495.45,274.84,280.09,0.00,0.00,0.00,0.00,0.00,5,5
2026-02-27,900001003,x1003,Partnership / LLC / LLP - x1003,0.00,0.00,0.00,0.00,-5.26,0.00,0.00,-5.25,0.00,0.00,0.00,0.00,0.00,0.00,0.00,3,3
2026-03-02,900001003,x1003,Partnership / LLC / LLP - x1003,0.00,7.42,198.76,0.00,-7.42,0.00,206.19,198.76,0.00,0.00,0.00,7.42,0.00,0.00,0.00,3,3
2026-03-03,900001003,x1003,Partnership / LLC / LLP - x1003,-185.43,0.00,0.00,0.00,-198.76,0.00,-185.43,-384.19,185.43,0.00,0.00,0.00,0.00,0.00,0.00,2,2
2026-03-04,900001003,x1003,Partnership / LLC / LLP - x1003,0.00,0.00,0.00,0.00,185.43,0.00,0.00,185.43,0.00,0.00,0.00,0.00,0.00,0.00,0.00,1,1
2026-03-09,900001003,x1003,Partnership / LLC / LLP - x1003,-24.39,0.00,0.00,0.00,0.00,0.00,-24.39,-24.39,24.39,0.00,0.00,0.00,0.00,0.00,0.00,1,1
2026-03-10,900001003,x1003,Partnership / LLC / LLP - x1003,57.84,0.00,0.00,0.00,24.39,0.00,57.84,82.23,335.59,393.43,0.00,0.00,0.00,0.00,0.00,4,4
2026-03-11,900001003,x1003,Partnership / LLC / LLP - x1003,0.00,0.00,0.00,0.00,-57.84,0.00,0.00,-57.84,0.00,0.00,0.00,0.00,0.00,0.00,0.00,1,1
2026-03-16,900001003,x1003,Partnership / LLC / LLP - x1003,68.20,0.00,0.00,0.00,0.00,0.00,68.20,68.20,416.00,484.20,0.00,0.00,0.00,0.00,0.00,7,7
2026-03-17,900001003,x1003,Partnership / LLC / LLP - x1003,-34.27,0.00,0.00,0.00,-68.20,0.00,-34.27,-102.47,34.27,0.00,0.00,0.00,0.00,0.00,0.00,2,2
2026-03-18,900001003,x1003,Partnership / LLC / LLP - x1003,0.00,0.00,0.00,0.00,34.27,0.00,0.00,34.27,0.00,0.00,0.00,0.00,0.00,0.00,0.00,1,1
2026-03-19,900001003,x1003,Partnership / LLC / LLP - x1003,-54.88,0.00,0.00,0.00,0.00,0.00,-54.88,-54.88,298.68,243.80,0.00,0.00,0.00,0.00,0.00,3,3
2026-03-20,900001003,x1003,Partnership / LLC / LLP - x1003,-36.20,0.00,0.00,0.00,54.88,0.00,-36.20,18.68,36.20,0.00,0.00,0.00,0.00,0.00,0.00,2,2
2026-03-23,900001003,x1003,Partnership / LLC / LLP - x1003,0.00,0.00,0.00,0.00,36.20,0.00,0.00,36.20,0.00,0.00,0.00,0.00,0.00,0.00,0.00,1,1
2026-03-24,900001003,x1003,Partnership / LLC / LLP - x1003,828.62,0.00,0.00,0.00,0.00,0.00,828.62,828.62,296.78,1125.41,0.00,0.00,0.00,0.00,0.00,7,7
2026-03-25,900001003,x1003,Partnership / LLC / LLP - x1003,0.00,0.00,0.00,0.00,-828.62,0.00,0.00,-828.62,0.00,0.00,0.00,0.00,0.00,0.00,0.00,1,1
2026-03-26,900001003,x1003,Partnership / LLC / LLP - x1003,0.00,2.79,0.00,0.00,-2.79,0.00,2.79,0.00,0.00,0.00,2.79,0.00,0.00,0.00,0.00,2,2
2026-03-27,900001003,x1003,Partnership / LLC / LLP - x1003,-495.80,0.00,0.00,0.00,0.00,0.00,-495.80,-495.80,495.80,0.00,0.00,0.00,0.00,0.00,0.00,1,1
2026-03-30,900001003,x1003,Partnership / LLC / LLP - x1003,-333.33,0.00,0.00,0.00,495.80,0.00,-333.33,162.47,333.33,0.00,0.00,0.00,0.00,0.00,0.00,2,2
2026-03-31,900001003,x1003,Partnership / LLC / LLP - x1003,417.42,0.00,0.00,0.00,333.33,0.00,417.42,750.75,0.00,417.42,0.00,0.00,0.00,0.00,0.00,6,6
2026-04-01,900001003,x1003,Partnership / LLC / LLP - x1003,-95.98,0.83,-321.00,0.00,-418.24,0.00,-416.15,-834.39,95.98,0.00,0.83,0.00,0.00,0.00,0.00,4,4
2026-04-02,900001003,x1003,Partnership / LLC / LLP - x1003,192.19,0.00,0.00,0.00,416.98,0.00,192.19,609.17,254.85,447.05,0.00,0.00,0.00,0.00,0.01,8,8
2026-04-06,900001003,x1003,Partnership / LLC / LLP - x1003,0.00,0.00,-10.00,0.00,-182.19,0.00,-10.00,-192.19,0.00,0.00,0.00,0.00,0.00,0.00,0.00,2,2
2026-04-08,900001003,x1003,Partnership / LLC / LLP - x1003,2031.51,0.00,0.00,0.00,0.00,0.00,2031.51,2031.51,132.36,2163.87,0.00,0.00,0.00,0.00,0.05,7,7
2026-04-09,900001003,x1003,Partnership / LLC / LLP - x1003,-1738.51,0.00,0.00,0.00,-2031.51,0.00,-1738.51,-3770.02,2235.42,496.92,0.00,0.00,0.00,0.00,0.01,10,10
2026-04-10,900001003,x1003,Partnership / LLC / LLP - x1003,530.19,0.00,0.00,0.00,1738.51,0.00,530.19,2268.70,532.05,1062.24,0.00,0.00,0.00,0.00,0.02,6,6
2026-04-13,900001003,x1003,Partnership / LLC / LLP - x1003,-804.34,0.00,0.00,0.00,-530.19,0.00,-804.34,-1334.54,1109.29,304.95,0.00,0.00,0.00,0.00,0.01,7,7
2026-04-14,900001003,x1003,Partnership / LLC / LLP - x1003,685.84,0.00,0.00,0.00,804.34,0.00,685.84,1490.18,342.18,1028.02,0.00,0.00,0.00,0.00,0.03,11,11
2026-04-15,900001003,x1003,Partnership / LLC / LLP - x1003,383.89,0.07,0.00,0.00,-685.91,0.00,383.97,-301.95,0.00,383.89,0.07,0.00,0.00,0.00,0.01,3,3
2026-04-16,900001003,x1003,Partnership / LLC / LLP - x1003,-1258.86,0.00,0.00,0.00,-383.89,0.00,-1258.86,-1642.75,3780.54,2521.68,0.00,0.00,0.00,0.00,0.06,19,19
2026-04-17,900001003,x1003,Partnership / LLC / LLP - x1003,106.63,0.00,0.00,0.00,1258.86,0.00,106.63,1365.48,0.00,106.63,0.00,0.00,0.00,0.00,0.00,2,2
2026-04-20,900001003,x1003,Partnership / LLC / LLP - x1003,408.38,0.00,0.00,0.00,-106.63,0.00,408.38,301.75,0.00,408.38,0.00,0.00,0.00,0.00,0.01,5,5
2026-04-21,900001003,x1003,Partnership / LLC / LLP - x1003,0.00,0.00,0.00,0.00,-408.38,0.00,0.00,-408.38,0.00,0.00,0.00,0.00,0.00,0.00,0.00,1,1
2026-04-23,900001003,x1003,Partnership / LLC / LLP - x1003,213.00,0.00,0.00,0.00,0.00,0.00,213.00,213.00,0.00,213.00,0.00,0.00,0.00,0.00,0.01,1,1
2026-04-24,900001003,x1003,Partnership / LLC / LLP - x1003,414.05,0.00,-678.91,0.00,-213.00,0.00,-264.86,-477.85,0.00,414.05,0.00,0.00,0.00,0.00,0.01,4,4
2026-04-27,900001003,x1003,Partnership / LLC / LLP - x1003,-35.50,0.00,-432.10,0.00,264.86,0.00,-467.60,-202.74,35.50,0.00,0.00,0.00,0.00,0.00,0.00,3,3
2026-04-28,900001003,x1003,Partnership / LLC / LLP - x1003,2.11,0.00,0.00,0.00,467.60,0.00,2.11,469.71,211.88,213.98,0.00,0.00,0.00,0.00,0.01,3,3
2026-04-29,900001003,x1003,Partnership / LLC / LLP - x1003,0.00,0.00,0.00,0.00,-2.11,0.00,0.00,-2.11,0.00,0.00,0.00,0.00,0.00,0.00,0.00,1,1
2026-04-30,900001003,x1003,Partnership / LLC / LLP - x1003,0.00,1.15,-11.11,0.00,11.11,0.00,-9.96,1.15,0.00,0.00,1.15,0.00,0.00,0.00,0.00,5,5
2026-05-01,900001003,x1003,Partnership / LLC / LLP - x1003,0.00,0.00,0.00,0.00,-1.15,0.00,0.00,-1.15,0.00,0.00,0.00,0.00,0.00,0.00,0.00,1,1
2026-05-04,900001003,x1003,Partnership / LLC / LLP - x1003,331.53,0.00,0.00,0.00,0.00,0.00,331.53,331.53,0.00,331.53,0.00,0.00,0.00,0.00,0.01,2,2
2026-05-05,900001003,x1003,Partnership / LLC / LLP - x1003,-271.82,0.00,-40.00,0.00,-291.54,0.00,-311.82,-603.36,271.82,0.00,0.00,0.00,0.00,0.00,0.00,3,3
2026-05-06,900001003,x1003,Partnership / LLC / LLP - x1003,355.06,0.00,0.00,0.00,271.82,0.00,355.06,626.88,0.00,355.06,0.00,0.00,0.00,0.00,0.01,4,4
2026-05-07,900001003,x1003,Partnership / LLC / LLP - x1003,0.00,0.00,0.00,0.00,-355.06,0.00,0.00,-355.06,0.00,0.00,0.00,0.00,0.00,0.00,0.00,1,1
2026-05-08,900001003,x1003,Partnership / LLC / LLP - x1003,196.37,0.00,-300.00,0.00,0.00,0.00,-103.63,-103.63,77.28,273.65,0.00,0.00,0.00,0.00,0.01,3,3
2026-05-11,900001003,x1003,Partnership / LLC / LLP - x1003,-228.03,0.00,0.00,0.00,103.62,0.00,-228.03,-124.41,228.03,0.00,0.00,0.00,0.00,0.00,0.00,2,2
2026-05-12,900001003,x1003,Partnership / LLC / LLP - x1003,-33.34,0.00,0.00,0.00,228.03,0.00,-33.34,194.69,308.76,275.42,0.00,0.00,0.00,0.00,0.01,3,3
2026-05-13,900001003,x1003,Partnership / LLC / LLP - x1003,0.00,0.00,0.00,0.00,33.34,0.00,0.00,33.34,0.00,0.00,0.00,0.00,0.00,0.00,0.00,1,1
2026-05-15,900001003,x1003,Partnership / LLC / LLP - x1003,0.00,1.50,0.00,0.00,-1.50,0.00,1.50,0.00,0.00,0.00,1.50,0.00,0.00,0.00,0.00,2,2
2026-05-19,900001003,x1003,Partnership / LLC / LLP - x1003,0.00,0.00,0.00,0.00,0.00,0.00,0.00,0.00,0.00,0.00,0.00,0.00,0.00,0.00,0.00,1,1
2026-05-20,900001003,x1003,Partnership / LLC / LLP - x1003,-15.10,0.00,0.00,0.00,0.00,0.00,-15.10,-15.10,86.81,71.71,0.00,0.00,0.00,0.00,0.00,2,2
2026-05-21,900001003,x1003,Partnership / LLC / LLP - x1003,0.00,0.00,0.00,0.00,15.10,0.00,0.00,15.10,0.00,0.00,0.00,0.00,0.00,0.00,0.00,1,1
2026-05-26,900001003,x1003,Partnership / LLC / LLP - x1003,726.69,0.00,0.00,0.00,0.00,0.00,726.69,726.69,0.00,726.69,0.00,0.00,0.00,0.00,0.02,5,5
2026-05-27,900001003,x1003,Partnership / LLC / LLP - x1003,56.61,0.00,0.00,0.00,-726.69,0.00,56.61,-670.08,205.66,262.27,0.00,0.00,0.00,0.00,0.01,3,3
2026-05-28,900001003,x1003,Partnership / LLC / LLP - x1003,-108.88,0.00,-678.91,0.00,-56.61,0.00,-787.79,-844.40,108.88,0.00,0.00,0.00,0.00,0.00,0.00,3,3
2026-05-29,900001003,x1003,Partnership / LLC / LLP - x1003,19.09,0.00,0.00,0.00,787.79,0.00,19.09,806.88,440.90,459.99,0.00,0.00,0.00,0.00,0.01,7,7
2026-06-01,900001003,x1003,Partnership / LLC / LLP - x1003,0.00,0.00,0.00,0.00,-19.09,0.00,0.00,-19.09,0.00,0.00,0.00,0.00,0.00,0.00,0.00,1,1
2026-06-05,900001003,x1003,Partnership / LLC / LLP - x1003,-7.25,0.00,0.00,0.00,0.00,0.00,-7.25,-7.25,1581.20,1573.95,0.00,0.00,0.00,0.00,0.03,6,6
2026-06-08,900001003,x1003,Partnership / LLC / LLP - x1003,0.00,0.00,0.00,0.00,7.25,0.00,0.00,7.25,0.00,0.00,0.00,0.00,0.00,0.00,0.00,1,1
2026-06-09,900001003,x1003,Partnership / LLC / LLP - x1003,545.17,0.00,0.00,0.00,0.00,0.00,545.17,545.17,0.00,545.17,0.00,0.00,0.00,0.00,0.01,1,1
2026-06-10,900001003,x1003,Partnership / LLC / LLP - x1003,2394.95,0.00,0.00,0.00,-545.17,0.00,2394.95,1849.78,0.00,2394.95,0.00,0.00,0.00,0.00,0.05,8,8
2026-06-11,900001003,x1003,Partnership / LLC / LLP - x1003,1147.68,0.00,0.00,0.00,-2394.95,0.00,1147.68,-1247.27,0.00,1147.68,0.00,0.00,0.00,0.00,0.03,8,8
2026-06-12,900001003,x1003,Partnership / LLC / LLP - x1003,-3474.67,0.00,0.00,0.00,-1147.68,0.00,-3474.67,-4622.35,3474.67,0.00,0.00,0.00,0.00,0.00,0.00,5,5
2026-06-15,900001003,x1003,Partnership / LLC / LLP - x1003,-353.25,0.00,0.00,0.00,3474.67,0.00,-353.25,3121.42,353.25,0.00,0.00,0.00,0.00,0.00,0.00,2,2
2026-06-16,900001003,x1003,Partnership / LLC / LLP - x1003,0.00,0.00,0.00,0.00,353.25,0.00,0.00,353.25,0.00,0.00,0.00,0.00,0.00,0.00,0.00,1,1
2026-06-18,900001003,x1003,Partnership / LLC / LLP - x1003,-206.57,0.00,0.00,0.00,0.00,0.00,-206.57,-206.57,206.57,0.00,0.00,0.00,0.00,0.00,0.00,1,1
2026-06-22,900001003,x1003,Partnership / LLC / LLP - x1003,0.00,0.00,234.57,0.00,206.57,0.00,234.57,441.14,0.00,0.00,0.00,0.00,0.00,0.00,0.00,2,2
2026-06-23,900001003,x1003,Partnership / LLC / LLP - x1003,-216.25,0.00,0.00,0.00,-234.57,0.00,-216.25,-450.82,216.25,0.00,0.00,0.00,0.00,0.00,0.00,2,2
2026-06-24,900001003,x1003,Partnership / LLC / LLP - x1003,0.00,0.00,0.00,0.00,216.25,0.00,0.00,216.25,0.00,0.00,0.00,0.00,0.00,0.00,0.00,1,1
2026-06-26,900001003,x1003,Partnership / LLC / LLP - x1003,0.00,5.76,0.00,0.00,-5.76,0.00,5.76,0.00,0.00,0.00,5.76,0.00,0.00,0.00,0.00,2,2
2026-06-30,900001003,x1003,Partnership / LLC / LLP - x1003,-48.15,0.79,0.00,0.00,-0.01,0.00,-47.36,-47.37,612.70,564.55,0.79,0.01,0.00,0.00,0.01,9,9
2021-01-26,900001004,x1004,Individual 401(k) - x1004,0.00,0.00,0.00,0.00,0.00,0.00,0.00,0.00,0.00,0.00,0.00,0.00,0.00,0.00,0.00,1,1
2021-02-26,900001004,x1004,Individual 401(k) - x1004,0.00,0.00,0.00,0.00,0.00,0.00,0.00,0.00,0.00,0.00,0.00,0.00,0.00,0.00,0.00,1,1
2021-03-11,900001004,x1004,Individual 401(k) - x1004,0.00,5.21,0.00,0.00,0.00,0.00,5.21,5.21,0.00,0.00,5.21,0.00,0.00,0.00,0.00,1,1
2021-03-26,900001004,x1004,Individual 401(k) - x1004,0.00,0.00,0.00,0.00,0.00,0.00,0.00,0.00,0.00,0.00,0.00,0.00,0.00,0.00,0.00,1,1
2021-03-30,900001004,x1004,Individual 401(k) - x1004,0.00,9.60,0.00,0.00,0.00,0.00,9.60,9.60,0.00,0.00,9.60,0.00,0.00,0.00,0.00,1,1
2021-04-26,900001004,x1004,Individual 401(k) - x1004,0.00,0.00,0.00,0.00,0.00,0.00,0.00,0.00,0.00,0.00,0.00,0.00,0.00,0.00,0.00,1,1
2021-05-14,900001004,x1004,Individual 401(k) - x1004,0.00,0.00,0.00,0.00,0.00,-0.29,-0.29,-0.29,0.00,0.00,0.00,0.00,0.00,0.00,0.00,1,1
2021-05-26,900001004,x1004,Individual 401(k) - x1004,0.00,0.00,0.00,0.00,0.00,0.00,0.00,0.00,0.00,0.00,0.00,0.00,0.00,0.00,0.00,1,1
2021-06-10,900001004,x1004,Individual 401(k) - x1004,0.00,5.21,0.00,0.00,0.00,0.00,5.21,5.21,0.00,0.00,5.21,0.00,0.00,0.00,0.00,1,1
2021-06-28,900001004,x1004,Individual 401(k) - x1004,0.00,0.00,0.00,0.00,0.00,0.00,0.00,0.00,0.00,0.00,0.00,0.00,0.00,0.00,0.00,1,1
2021-06-29,900001004,x1004,Individual 401(k) - x1004,0.00,9.41,0.00,0.00,0.00,0.00,9.41,9.41,0.00,0.00,9.41,0.00,0.00,0.00,0.00,1,1
2021-07-26,900001004,x1004,Individual 401(k) - x1004,0.00,0.00,0.00,0.00,0.00,0.00,0.00,0.00,0.00,0.00,0.00,0.00,0.00,0.00,0.00,1,1
2021-08-26,900001004,x1004,Individual 401(k) - x1004,0.00,0.00,0.00,0.00,0.00,0.00,0.00,0.00,0.00,0.00,0.00,0.00,0.00,0.00,0.00,1,1
2021-09-09,900001004,x1004,Individual 401(k) - x1004,0.00,5.21,0.00,0.00,0.00,0.00,5.21,5.21,0.00,0.00,5.21,0.00,0.00,0.00,0.00,1,1
2021-09-27,900001004,x1004,Individual 401(k) - x1004,0.00,0.00,0.00,0.00,0.00,0.00,0.00,0.00,0.00,0.00,0.00,0.00,0.00,0.00,0.00,1,1
2021-09-29,900001004,x1004,Individual 401(k) - x1004,0.00,7.98,0.00,0.00,0.00,0.00,7.98,7.98,0.00,0.00,7.98,0.00,0.00,0.00,0.00,1,1
2021-10-26,900001004,x1004,Individual 401(k) - x1004,0.00,0.00,0.00,0.00,0.00,0.00,0.00,0.00,0.00,0.00,0.00,0.00,0.00,0.00,0.00,1,1
2021-11-26,900001004,x1004,Individual 401(k) - x1004,0.00,0.00,0.00,0.00,0.00,0.00,0.00,0.00,0.00,0.00,0.00,0.00,0.00,0.00,0.00,1,1
2021-12-09,900001004,x1004,Individual 401(k) - x1004,0.00,5.77,0.00,0.00,0.00,0.00,5.77,5.77,0.00,0.00,5.77,0.00,0.00,0.00,0.00,1,1
2021-12-27,900001004,x1004,Individual 401(k) - x1004,0.00,0.00,0.00,0.00,0.00,0.00,0.00,0.00,0.00,0.00,0.00,0.00,0.00,0.00,0.00,1,1
2021-12-30,900001004,x1004,Individual 401(k) - x1004,0.00,11.82,0.00,0.00,0.00,0.00,11.82,11.82,0.00,0.00,11.82,0.00,0.00,0.00,0.00,1,1
2022-01-18,900001004,x1004,Individual 401(k) - x1004,0.00,0.00,0.00,0.00,0.00,0.00,0.00,0.00,0.00,0.00,0.00,0.00,0.00,0.00,0.00,1,1
2022-01-26,900001004,x1004,Individual 401(k) - x1004,0.00,0.00,0.00,0.00,0.00,0.00,0.00,0.00,0.00,0.00,0.00,0.00,0.00,0.00,0.00,1,1
2022-02-28,900001004,x1004,Individual 401(k) - x1004,0.00,0.00,0.00,0.00,0.00,0.00,0.00,0.00,0.00,0.00,0.00,0.00,0.00,0.00,0.00,1,1
2022-03-10,900001004,x1004,Individual 401(k) - x1004,0.00,5.77,0.00,0.00,0.00,0.00,5.77,5.77,0.00,0.00,5.77,0.00,0.00,0.00,0.00,1,1
2022-03-28,900001004,x1004,Individual 401(k) - x1004,0.00,7.58,0.00,0.00,0.00,0.00,7.58,7.58,0.00,0.00,7.58,0.00,0.00,0.00,0.00,2,2
2022-04-26,900001004,x1004,Individual 401(k) - x1004,0.00,0.00,0.00,0.00,0.00,0.00,0.00,0.00,0.00,0.00,0.00,0.00,0.00,0.00,0.00,1,1
2022-05-26,900001004,x1004,Individual 401(k) - x1004,0.00,0.00,0.00,0.00,0.00,0.00,0.00,0.00,0.00,0.00,0.00,0.00,0.00,0.00,0.00,1,1
2022-06-06,900001004,x1004,Individual 401(k) - x1004,0.00,0.00,0.00,0.00,0.00,0.00,0.00,0.00,0.00,0.00,0.00,0.00,0.00,0.00,0.00,1,1
2022-06-09,900001004,x1004,Individual 401(k) - x1004,0.00,5.77,0.00,0.00,0.00,0.00,5.77,5.77,0.00,0.00,5.77,0.00,0.00,0.00,0.00,1,1
2022-06-27,900001004,x1004,Individual 401(k) - x1004,0.00,0.00,0.00,0.00,0.00,0.00,0.00,0.00,0.00,0.00,0.00,0.00,0.00,0.00,0.00,1,1
2022-06-28,900001004,x1004,Individual 401(k) - x1004,0.00,8.08,0.00,0.00,0.00,0.00,8.08,8.08,0.00,0.00,8.08,0.00,0.00,0.00,0.00,1,1
2022-06-30,900001004,x1004,Individual 401(k) - x1004,0.00,0.00,0.00,0.00,0.00,-0.29,-0.29,-0.29,0.00,0.00,0.00,0.00,0.00,0.00,0.00,1,1
2022-07-26,900001004,x1004,Individual 401(k) - x1004,0.00,0.00,0.00,0.00,0.00,0.00,0.00,0.00,0.00,0.00,0.00,0.00,0.00,0.00,0.00,1,1
2022-08-26,900001004,x1004,Individual 401(k) - x1004,0.00,0.00,0.00,0.00,0.00,0.00,0.00,0.00,0.00,0.00,0.00,0.00,0.00,0.00,0.00,1,1
2022-09-08,900001004,x1004,Individual 401(k) - x1004,0.00,5.77,0.00,0.00,0.00,0.00,5.77,5.77,0.00,0.00,5.77,0.00,0.00,0.00,0.00,1,1
2022-09-26,900001004,x1004,Individual 401(k) - x1004,0.00,0.00,0.00,0.00,0.00,0.00,0.00,0.00,0.00,0.00,0.00,0.00,0.00,0.00,0.00,1,1
2022-09-28,900001004,x1004,Individual 401(k) - x1004,0.00,10.83,0.00,0.00,0.00,0.00,10.83,10.83,0.00,0.00,10.83,0.00,0.00,0.00,0.00,1,1
2022-10-26,900001004,x1004,Individual 401(k) - x1004,0.00,0.00,0.00,0.00,0.00,0.00,0.00,0.00,0.00,0.00,0.00,0.00,0.00,0.00,0.00,1,1
2022-11-28,900001004,x1004,Individual 401(k) - x1004,0.00,0.00,0.00,0.00,0.00,0.00,0.00,0.00,0.00,0.00,0.00,0.00,0.00,0.00,0.00,1,1
2022-12-08,900001004,x1004,Individual 401(k) - x1004,0.00,6.32,0.00,0.00,0.00,0.00,6.32,6.32,0.00,0.00,6.32,0.00,0.00,0.00,0.00,1,1
2022-12-27,900001004,x1004,Individual 401(k) - x1004,0.00,0.00,0.00,0.00,0.00,0.00,0.00,0.00,0.00,0.00,0.00,0.00,0.00,0.00,0.00,1,1
2022-12-28,900001004,x1004,Individual 401(k) - x1004,0.00,11.30,0.00,0.00,0.00,0.00,11.30,11.30,0.00,0.00,11.30,0.00,0.00,0.00,0.00,1,1
2023-01-18,900001004,x1004,Individual 401(k) - x1004,0.00,0.00,0.00,0.00,0.00,0.00,0.00,0.00,0.00,0.00,0.00,0.00,0.00,0.00,0.00,1,1
2023-01-26,900001004,x1004,Individual 401(k) - x1004,0.00,0.00,0.00,0.00,0.00,0.00,0.00,0.00,0.00,0.00,0.00,0.00,0.00,0.00,0.00,1,1
2023-02-27,900001004,x1004,Individual 401(k) - x1004,0.00,0.00,0.00,0.00,0.00,0.00,0.00,0.00,0.00,0.00,0.00,0.00,0.00,0.00,0.00,1,1
2023-03-09,900001004,x1004,Individual 401(k) - x1004,0.00,6.32,0.00,0.00,0.00,0.00,6.32,6.32,0.00,0.00,6.32,0.00,0.00,0.00,0.00,1,1
2023-03-13,900001004,x1004,Individual 401(k) - x1004,-198.00,0.00,0.00,0.00,0.00,0.00,-198.00,-198.00,198.00,0.00,0.00,0.00,0.00,0.00,0.00,1,1
2023-03-27,900001004,x1004,Individual 401(k) - x1004,0.00,0.00,0.00,0.00,0.00,0.00,0.00,0.00,0.00,0.00,0.00,0.00,0.00,0.00,0.00,1,1
2023-03-28,900001004,x1004,Individual 401(k) - x1004,0.00,10.82,0.00,0.00,0.00,0.00,10.82,10.82,0.00,0.00,10.82,0.00,0.00,0.00,0.00,1,1
2023-06-07,900001004,x1004,Individual 401(k) - x1004,0.00,0.00,0.00,0.00,0.00,-0.29,-0.29,-0.29,0.00,0.00,0.00,0.00,0.00,0.00,0.00,1,1
2023-06-08,900001004,x1004,Individual 401(k) - x1004,0.00,6.87,0.00,0.00,0.00,0.00,6.87,6.87,0.00,0.00,6.87,0.00,0.00,0.00,0.00,1,1
2023-06-28,900001004,x1004,Individual 401(k) - x1004,0.00,10.39,0.00,0.00,0.00,0.00,10.39,10.39,0.00,0.00,10.39,0.00,0.00,0.00,0.00,1,1
2023-09-05,900001004,x1004,Individual 401(k) - x1004,0.00,0.00,0.00,0.00,-44.54,0.00,0.00,-44.54,0.00,0.00,0.00,0.00,0.00,0.00,0.00,1,1
2023-09-14,900001004,x1004,Individual 401(k) - x1004,0.00,6.87,0.00,0.00,0.00,0.00,6.87,6.87,0.00,0.00,6.87,0.00,0.00,0.00,0.00,1,1
2023-09-18,900001004,x1004,Individual 401(k) - x1004,0.00,0.00,0.00,0.00,-6.87,0.00,0.00,-6.87,0.00,0.00,0.00,0.00,0.00,0.00,0.00,1,1
2023-09-26,900001004,x1004,Individual 401(k) - x1004,0.00,9.47,0.00,0.00,-9.47,0.00,9.47,0.00,0.00,0.00,9.47,0.00,0.00,0.00,0.00,2,2
2023-10-31,900001004,x1004,Individual 401(k) - x1004,0.00,0.00,0.00,0.00,-0.00,0.00,0.00,0.00,0.00,0.00,0.00,0.00,0.00,0.00,0.00,2,2
2023-12-14,900001004,x1004,Individual 401(k) - x1004,0.00,7.58,0.00,0.00,-7.58,0.00,7.58,0.00,0.00,0.00,7.58,0.00,0.00,0.00,0.00,2,2
2023-12-27,900001004,x1004,Individual 401(k) - x1004,0.00,14.73,0.00,0.00,-14.73,0.00,14.73,0.00,0.00,0.00,14.73,0.00,0.00,0.00,0.00,2,2
2023-12-29,900001004,x1004,Individual 401(k) - x1004,0.00,0.00,0.00,0.00,-0.00,0.00,0.00,0.00,0.00,0.00,0.00,0.00,0.00,0.00,0.00,2,2
2024-01-18,900001004,x1004,Individual 401(k) - x1004,0.00,14.40,0.00,0.00,-14.69,-0.29,14.11,-0.58,0.00,0.00,14.40,0.00,0.00,0.00,0.00,3,3
2024-01-19,900001004,x1004,Individual 401(k) - x1004,0.00,0.00,0.00,0.00,0.58,0.00,0.00,0.58,0.00,0.00,0.00,0.00,0.00,0.00,0.00,1,1
2024-01-31,900001004,x1004,Individual 401(k) - x1004,0.00,0.00,0.00,0.00,-0.00,0.00,0.00,0.00,0.00,0.00,0.00,0.00,0.00,0.00,0.00,2,2
2024-02-29,900001004,x1004,Individual 401(k) - x1004,0.00,0.00,0.00,0.00,-0.00,0.00,0.00,0.00,0.00,0.00,0.00,0.00,0.00,0.00,0.00,2,2
2024-03-14,900001004,x1004,Individual 401(k) - x1004,0.00,7.58,0.00,0.00,-7.58,0.00,7.58,0.00,0.00,0.00,7.58,0.00,0.00,0.00,0.00,2,2
2024-03-26,900001004,x1004,Individual 401(k) - x1004,0.00,11.78,0.00,0.00,-11.78,0.00,11.78,0.00,0.00,0.00,11.78,0.00,0.00,0.00,0.00,2,2
2024-03-28,900001004,x1004,Individual 401(k) - x1004,0.00,0.00,0.00,0.00,-0.00,0.00,0.00,0.00,0.00,0.00,0.00,0.00,0.00,0.00,0.00,2,2
2024-04-30,900001004,x1004,Individual 401(k) - x1004,0.00,0.00,0.00,0.00,-0.00,0.00,0.00,0.00,0.00,0.00,0.00,0.00,0.00,0.00,0.00,2,2
2024-05-02,900001004,x1004,Individual 401(k) - x1004,0.00,0.00,0.00,0.00,0.00,-0.29,-0.29,-0.29,0.00,0.00,0.00,0.00,0.00,0.00,0.00,1,1
2024-05-03,900001004,x1004,Individual 401(k) - x1004,0.00,0.00,0.00,0.00,0.29,0.00,0.00,0.29,0.00,0.00,0.00,0.00,0.00,0.00,0.00,1,1
2024-05-31,900001004,x1004,Individual 401(k) - x1004,0.00,0.00,0.00,0.00,-0.00,0.00,0.00,0.00,0.00,0.00,0.00,0.00,0.00,0.00,0.00,2,2
2024-06-13,900001004,x1004,Individual 401(k) - x1004,0.00,7.58,0.00,0.00,-7.58,0.00,7.58,0.00,0.00,0.00,7.58,0.00,0.00,0.00,0.00,2,2
2024-06-28,900001004,x1004,Individual 401(k) - x1004,0.00,0.00,0.00,0.00,-0.00,0.00,0.00,0.00,0.00,0.00,0.00,0.00,0.00,0.00,0.00,2,2
2024-07-01,900001004,x1004,Individual 401(k) - x1004,0.00,11.49,0.00,0.00,-11.49,0.00,11.49,0.00,0.00,0.00,11.49,0.00,0.00,0.00,0.00,2,2
2024-07-12,900001004,x1004,Individual 401(k) - x1004,0.00,23.90,0.00,0.00,-24.19,-0.29,23.62,-0.58,0.00,0.00,23.90,0.00,0.00,0.00,0.00,3,3
2024-07-15,900001004,x1004,Individual 401(k) - x1004,0.00,0.00,0.00,0.00,0.58,0.00,0.00,0.58,0.00,0.00,0.00,0.00,0.00,0.00,0.00,1,1
2024-07-31,900001004,x1004,Individual 401(k) - x1004,0.00,0.00,0.00,0.00,-0.00,0.00,0.00,0.00,0.00,0.00,0.00,0.00,0.00,0.00,0.00,2,2
2024-08-19,900001004,x1004,Individual 401(k) - x1004,9413.70,0.00,0.00,0.00,0.00,0.00,9413.70,9413.70,0.00,9413.70,0.00,0.00,0.00,0.00,0.26,1,1
2024-08-20,900001004,x1004,Individual 401(k) - x1004,0.00,0.00,0.00,0.00,-9413.70,0.00,0.00,-9413.70,0.00,0.00,0.00,0.00,0.00,0.00,0.00,1,1
2024-08-30,900001004,x1004,Individual 401(k) - x1004,0.00,0.03,0.00,0.00,-0.03,0.00,0.03,0.00,0.00,0.00,0.00,0.03,0.00,0.00,0.00,2,2
2024-09-12,900001004,x1004,Individual 401(k) - x1004,0.00,7.58,0.00,0.00,-7.58,0.00,7.58,0.00,0.00,0.00,7.58,0.00,0.00,0.00,0.00,2,2
2024-09-23,900001004,x1004,Individual 401(k) - x1004,-1085.06,0.00,0.00,0.00,0.00,0.00,-1085.06,-1085.06,1085.06,0.00,0.00,0.00,0.00,0.00,0.00,1,1
2024-09-24,900001004,x1004,Individual 401(k) - x1004,-1974.65,0.00,0.00,0.00,1085.06,0.00,-1974.65,-889.59,1974.65,0.00,0.00,0.00,0.00,0.00,0.00,2,2
2024-09-25,900001004,x1004,Individual 401(k) - x1004,-2952.01,0.00,0.00,0.00,1974.65,0.00,-2952.01,-977.36,2952.01,0.00,0.00,0.00,0.00,0.00,0.00,2,2
2024-09-26,900001004,x1004,Individual 401(k) - x1004,0.00,0.00,0.00,0.00,2952.01,0.00,0.00,2952.01,0.00,0.00,0.00,0.00,0.00,0.00,0.00,1,1
2024-09-30,900001004,x1004,Individual 401(k) - x1004,-1000.96,2.43,0.00,0.00,-0.07,0.00,-998.53,-998.60,1000.96,0.00,2.36,0.07,0.00,0.00,0.00,4,4
2024-10-01,900001004,x1004,Individual 401(k) - x1004,0.00,0.00,0.00,0.00,998.60,0.00,0.00,998.60,0.00,0.00,0.00,0.00,0.00,0.00,0.00,1,1
2024-10-07,900001004,x1004,Individual 401(k) - x1004,1695.41,0.00,0.00,0.00,0.00,0.00,1695.41,1695.41,0.00,1695.41,0.00,0.00,0.00,0.00,0.05,1,1
2024-10-08,900001004,x1004,Individual 401(k) - x1004,0.00,0.00,0.00,0.00,-1695.41,0.00,0.00,-1695.41,0.00,0.00,0.00,0.00,0.00,0.00,0.00,1,1
2024-10-14,900001004,x1004,Individual 401(k) - x1004,-1372.71,0.00,0.00,0.00,0.00,0.00,-1372.71,-1372.71,1707.31,334.60,0.00,0.00,0.00,0.00,0.01,2,2
2024-10-15,900001004,x1004,Individual 401(k) - x1004,-357.97,0.00,0.00,0.00,1372.71,0.00,-357.97,1014.74,357.97,0.00,0.00,0.00,0.00,0.00,0.00,3,3
2024-10-16,900001004,x1004,Individual 401(k) - x1004,0.00,0.00,0.00,0.00,357.97,0.00,0.00,357.97,0.00,0.00,0.00,0.00,0.00,0.00,0.00,1,1
2024-10-22,900001004,x1004,Individual 401(k) - x1004,3954.81,0.00,0.00,0.00,0.00,0.00,3954.81,3954.81,0.00,3954.81,0.00,0.00,0.00,0.00,0.11,1,1
2024-10-23,900001004,x1004,Individual 401(k) - x1004,0.00,0.00,0.00,0.00,-3954.81,0.00,0.00,-3954.81,0.00,0.00,0.00,0.00,0.00,0.00,0.00,1,1
2024-10-29,900001004,x1004,Individual 401(k) - x1004,-180.07,0.00,0.00,0.00,0.00,0.00,-180.07,-180.07,180.07,0.00,0.00,0.00,0.00,0.00,0.00,1,1
2024-10-30,900001004,x1004,Individual 401(k) - x1004,-2010.48,0.00,0.00,0.00,180.07,0.00,-2010.48,-1830.40,2010.48,0.00,0.00,0.00,0.00,0.00,0.00,2,2
2024-10-31,900001004,x1004,Individual 401(k) - x1004,0.00,0.03,0.00,0.00,2010.45,0.00,0.03,2010.48,0.00,0.00,0.00,0.03,0.00,0.00,0.00,3,3
2024-11-01,900001004,x1004,Individual 401(k) - x1004,3999.68,0.00,0.00,0.00,0.00,0.00,3999.68,3999.68,0.00,3999.68,0.00,0.00,0.00,0.00,0.11,1,1
2024-11-04,900001004,x1004,Individual 401(k) - x1004,0.00,0.00,0.00,0.00,-3999.68,0.00,0.00,-3999.68,0.00,0.00,0.00,0.00,0.00,0.00,0.00,1,1
2024-11-14,900001004,x1004,Individual 401(k) - x1004,-1533.00,0.00,0.00,0.00,0.00,0.00,-1533.00,-1533.00,1533.00,0.00,0.00,0.00,0.00,0.00,0.00,1,1
2024-11-15,900001004,x1004,Individual 401(k) - x1004,0.00,0.00,0.00,0.00,1533.00,0.00,0.00,1533.00,0.00,0.00,0.00,0.00,0.00,0.00,0.00,1,1
2024-11-29,900001004,x1004,Individual 401(k) - x1004,0.00,0.06,0.00,0.00,-0.06,0.00,0.06,0.00,0.00,0.00,0.00,0.06,0.00,0.00,0.00,2,2
2024-12-09,900001004,x1004,Individual 401(k) - x1004,-6778.96,0.00,0.00,0.00,0.00,0.00,-6778.96,-6778.96,6778.96,0.00,0.00,0.00,0.00,0.00,0.00,2,2
2024-12-10,900001004,x1004,Individual 401(k) - x1004,0.00,0.02,0.00,0.00,6765.88,0.00,0.02,6765.90,0.00,0.00,0.00,0.02,0.00,0.00,0.00,2,2
2024-12-16,900001004,x1004,Individual 401(k) - x1004,0.00,28.09,0.00,0.00,-15.03,0.00,28.09,13.06,0.00,0.00,28.09,0.00,0.00,0.00,0.00,2,2
2024-12-18,900001004,x1004,Individual 401(k) - x1004,0.00,2.49,0.00,0.00,-2.49,0.00,2.49,0.00,0.00,0.00,2.49,0.00,0.00,0.00,0.00,2,2
2024-12-26,900001004,x1004,Individual 401(k) - x1004,7.95,27.44,0.00,0.00,-27.44,0.00,35.39,7.95,5576.88,5584.83,27.44,0.00,0.00,0.00,0.16,7,7
2024-12-27,900001004,x1004,Individual 401(k) - x1004,0.00,0.00,0.00,0.00,-7.95,0.00,0.00,-7.95,0.00,0.00,0.00,0.00,0.00,0.00,0.00,1,1
2025-01-17,900001004,x1004,Individual 401(k) - x1004,856.09,0.00,0.00,0.00,0.00,0.00,856.09,856.09,3899.34,4755.43,0.00,0.00,0.00,0.00,0.13,5,5
2025-01-21,900001004,x1004,Individual 401(k) - x1004,0.00,0.00,0.00,0.00,-856.09,0.00,0.00,-856.09,0.00,0.00,0.00,0.00,0.00,0.00,0.00,1,1
2025-01-27,900001004,x1004,Individual 401(k) - x1004,-160.24,0.00,0.00,0.00,0.00,0.00,-160.24,-160.24,160.24,0.00,0.00,0.00,0.00,0.00,0.00,1,1
2025-01-28,900001004,x1004,Individual 401(k) - x1004,0.00,0.00,0.00,0.00,160.24,0.00,0.00,160.24,0.00,0.00,0.00,0.00,0.00,0.00,0.00,1,1
2025-01-31,900001004,x1004,Individual 401(k) - x1004,0.00,0.00,0.00,0.00,-0.00,0.00,0.00,0.00,0.00,0.00,0.00,0.00,0.00,0.00,0.00,2,2
2025-02-04,900001004,x1004,Individual 401(k) - x1004,8.78,0.00,0.00,0.00,0.00,0.00,8.78,8.78,2856.07,2864.86,0.00,0.00,0.00,0.00,0.08,4,4
2025-02-05,900001004,x1004,Individual 401(k) - x1004,0.00,0.00,0.00,0.00,-8.79,0.00,0.00,-8.79,0.00,0.00,0.00,0.00,0.00,0.00,0.00,1,1
2025-02-28,900001004,x1004,Individual 401(k) - x1004,0.00,0.01,0.00,0.00,-0.01,0.00,0.01,0.00,0.00,0.00,0.00,0.01,0.00,0.00,0.00,2,2
2025-03-19,900001004,x1004,Individual 401(k) - x1004,0.00,2.52,0.00,0.00,-2.52,0.00,2.52,0.00,0.00,0.00,2.52,0.00,0.00,0.00,0.00,2,2
2025-03-21,900001004,x1004,Individual 401(k) - x1004,0.00,2.69,0.00,0.00,-2.69,0.00,2.69,0.00,0.00,0.00,2.69,0.00,0.00,0.00,0.00,2,2
2025-03-31,900001004,x1004,Individual 401(k) - x1004,0.00,2.61,0.00,0.00,-0.01,0.00,2.61,2.60,0.00,0.00,2.60,0.01,0.00,0.00,0.00,3,3
2025-04-01,900001004,x1004,Individual 401(k) - x1004,0.00,6.20,0.00,0.00,-8.80,0.00,6.20,-2.60,0.00,0.00,6.20,0.00,0.00,0.00,0.00,2,2
2025-04-28,900001004,x1004,Individual 401(k) - x1004,1369.88,0.00,0.00,0.00,0.00,0.00,1369.88,1369.88,768.90,2138.78,0.00,0.00,0.00,0.00,0.06,4,4
2025-04-29,900001004,x1004,Individual 401(k) - x1004,0.00,0.00,0.00,0.00,-1369.88,0.00,0.00,-1369.88,0.00,0.00,0.00,0.00,0.00,0.00,0.00,1,1
2025-04-30,900001004,x1004,Individual 401(k) - x1004,0.00,0.01,0.00,0.00,-0.01,0.00,0.01,0.00,0.00,0.00,0.00,0.01,0.00,0.00,0.00,2,2
2025-05-06,900001004,x1004,Individual 401(k) - x1004,679.78,0.00,0.00,0.00,0.00,0.00,679.78,679.78,0.00,679.78,0.00,0.00,0.00,0.00,0.02,1,1
2025-05-07,900001004,x1004,Individual 401(k) - x1004,0.00,0.00,0.00,0.00,-679.78,0.00,0.00,-679.78,0.00,0.00,0.00,0.00,0.00,0.00,0.00,1,1
2025-05-08,900001004,x1004,Individual 401(k) - x1004,567.78,0.00,0.00,0.00,0.00,0.00,567.78,567.78,0.00,567.78,0.00,0.00,0.00,0.00,0.02,1,1
2025-05-09,900001004,x1004,Individual 401(k) - x1004,0.00,0.00,0.00,0.00,-567.78,0.00,0.00,-567.78,0.00,0.00,0.00,0.00,0.00,0.00,0.00,1,1
2025-05-19,900001004,x1004,Individual 401(k) - x1004,-3182.30,0.00,0.00,0.00,0.00,0.00,-3182.30,-3182.30,3340.73,158.42,0.00,0.00,0.00,0.00,0.00,4,4
2025-05-20,900001004,x1004,Individual 401(k) - x1004,0.00,0.00,0.00,0.00,3182.30,0.00,0.00,3182.30,0.00,0.00,0.00,0.00,0.00,0.00,0.00,1,1
2025-05-27,900001004,x1004,Individual 401(k) - x1004,4247.04,0.00,0.00,0.00,0.00,0.00,4247.04,4247.04,201.25,4448.28,0.00,0.00,0.00,0.00,0.00,5,5
2025-05-28,900001004,x1004,Individual 401(k) - x1004,0.00,0.00,0.00,0.00,-4247.04,0.00,0.00,-4247.04,0.00,0.00,0.00,0.00,0.00,0.00,0.00,1,1
2025-05-30,900001004,x1004,Individual 401(k) - x1004,668.03,0.02,0.00,0.00,-0.02,0.00,668.05,668.03,0.00,668.03,0.00,0.02,0.00,0.00,0.00,3,3
2025-06-02,900001004,x1004,Individual 401(k) - x1004,0.00,0.00,0.00,0.00,-668.03,0.00,0.00,-668.03,0.00,0.00,0.00,0.00,0.00,0.00,0.00,1,1
2025-06-05,900001004,x1004,Individual 401(k) - x1004,276.04,0.00,0.00,0.00,0.00,0.00,276.04,276.04,0.00,276.04,0.00,0.00,0.00,0.00,0.00,1,1
2025-06-06,900001004,x1004,Individual 401(k) - x1004,0.00,0.00,0.00,0.00,-276.04,0.00,0.00,-276.04,0.00,0.00,0.00,0.00,0.00,0.00,0.00,1,1
2025-06-16,900001004,x1004,Individual 401(k) - x1004,-4919.69,0.00,0.00,0.00,0.00,0.00,-4919.69,-4919.69,5340.94,421.25,0.00,0.00,0.00,0.00,0.00,4,4
2025-06-17,900001004,x1004,Individual 401(k) - x1004,0.00,0.00,0.00,0.00,4919.69,0.00,0.00,4919.69,0.00,0.00,0.00,0.00,0.00,0.00,0.00,1,1
2025-06-18,900001004,x1004,Individual 401(k) - x1004,0.00,2.52,0.00,0.00,-2.52,0.00,2.52,0.00,0.00,0.00,2.52,0.00,0.00,0.00,0.00,2,2
2025-06-20,900001004,x1004,Individual 401(k) - x1004,0.00,1.58,0.00,0.00,-1.58,0.00,1.58,0.00,0.00,0.00,1.58,0.00,0.00,0.00,0.00,2,2
2025-06-30,900001004,x1004,Individual 401(k) - x1004,0.00,0.03,0.00,0.00,-0.03,0.00,0.03,0.00,0.00,0.00,0.00,0.03,0.00,0.00,0.00,2,2
2025-07-01,900001004,x1004,Individual 401(k) - x1004,0.00,3.00,0.00,0.00,-3.00,0.00,3.00,0.00,0.00,0.00,3.00,0.00,0.00,0.00,0.00,2,2
2025-07-07,900001004,x1004,Individual 401(k) - x1004,0.00,3.92,0.00,0.00,-3.92,0.00,3.92,0.00,0.00,0.00,3.92,0.00,0.00,0.00,0.00,2,2
2025-07-31,900001004,x1004,Individual 401(k) - x1004,0.00,0.00,0.00,0.00,-0.00,0.00,0.00,0.00,0.00,0.00,0.00,0.00,0.00,0.00,0.00,2,2
2025-08-29,900001004,x1004,Individual 401(k) - x1004,0.00,0.00,0.00,0.00,-0.00,0.00,0.00,0.00,0.00,0.00,0.00,0.00,0.00,0.00,0.00,2,2
2025-09-02,900001004,x1004,Individual 401(k) - x1004,-478.25,0.00,0.00,0.00,0.00,0.00,-478.25,-478.25,478.25,0.00,0.00,0.00,0.00,0.00,0.00,1,1
2025-09-03,900001004,x1004,Individual 401(k) - x1004,0.00,0.00,0.00,0.00,478.25,0.00,0.00,478.25,0.00,0.00,0.00,0.00,0.00,0.00,0.00,1,1
2025-09-05,900001004,x1004,Individual 401(k) - x1004,1814.40,0.00,0.00,0.00,0.00,0.00,1814.40,1814.40,0.00,1814.40,0.00,0.00,0.00,0.00,0.00,1,1
2025-09-08,900001004,x1004,Individual 401(k) - x1004,0.00,0.00,0.00,0.00,-1814.40,0.00,0.00,-1814.40,0.00,0.00,0.00,0.00,0.00,0.00,0.00,1,1
2025-09-17,900001004,x1004,Individual 401(k) - x1004,0.00,2.52,0.00,0.00,-2.52,0.00,2.52,0.00,0.00,0.00,2.52,0.00,0.00,0.00,0.00,2,2
2025-09-22,900001004,x1004,Individual 401(k) - x1004,-1781.35,0.00,0.00,0.00,0.00,0.00,-1781.35,-1781.35,1781.35,0.00,0.00,0.00,0.00,0.00,0.00,4,4
2025-09-23,900001004,x1004,Individual 401(k) - x1004,0.00,0.00,0.00,0.00,1781.35,0.00,0.00,1781.35,0.00,0.00,0.00,0.00,0.00,0.00,0.00,1,1
2025-09-29,900001004,x1004,Individual 401(k) - x1004,762.20,0.00,0.00,0.00,0.00,0.00,762.20,762.20,0.00,762.20,0.00,0.00,0.00,0.00,0.00,1,1
2025-09-30,900001004,x1004,Individual 401(k) - x1004,0.00,0.01,0.00,0.00,-762.21,0.00,0.01,-762.20,0.00,0.00,0.00,0.01,0.00,0.00,0.00,3,3
2025-10-01,900001004,x1004,Individual 401(k) - x1004,0.00,3.00,0.00,0.00,-3.00,0.00,3.00,0.00,0.00,0.00,3.00,0.00,0.00,0.00,0.00,2,2
2025-10-02,900001004,x1004,Individual 401(k) - x1004,764.91,0.00,0.00,0.00,0.00,0.00,764.91,764.91,0.00,764.91,0.00,0.00,0.00,0.00,0.00,1,1
2025-10-03,900001004,x1004,Individual 401(k) - x1004,0.00,0.00,0.00,0.00,-764.91,0.00,0.00,-764.91,0.00,0.00,0.00,0.00,0.00,0.00,0.00,1,1
2025-10-06,900001004,x1004,Individual 401(k) - x1004,-189.81,0.00,0.00,0.00,0.00,0.00,-189.81,-189.81,189.81,0.00,0.00,0.00,0.00,0.00,0.00,1,1
2025-10-07,900001004,x1004,Individual 401(k) - x1004,-736.65,0.00,0.00,0.00,189.81,0.00,-736.65,-546.84,736.65,0.00,0.00,0.00,0.00,0.00,0.00,2,2
2025-10-08,900001004,x1004,Individual 401(k) - x1004,1441.80,0.00,0.00,0.00,736.65,0.00,1441.80,2178.45,0.00,1441.80,0.00,0.00,0.00,0.00,0.00,3,3
2025-10-09,900001004,x1004,Individual 401(k) - x1004,0.00,0.00,0.00,0.00,-1441.80,0.00,0.00,-1441.80,0.00,0.00,0.00,0.00,0.00,0.00,0.00,1,1
2025-10-10,900001004,x1004,Individual 401(k) - x1004,-314.55,0.00,0.00,0.00,0.00,0.00,-314.55,-314.55,314.55,0.00,0.00,0.00,0.00,0.00,0.00,1,1
2025-10-13,900001004,x1004,Individual 401(k) - x1004,1356.18,0.00,0.00,0.00,0.00,0.00,1356.18,1356.18,0.00,1356.18,0.00,0.00,0.00,0.00,0.00,2,2
2025-10-14,900001004,x1004,Individual 401(k) - x1004,0.00,0.00,0.00,0.00,-1041.63,0.00,0.00,-1041.63,0.00,0.00,0.00,0.00,0.00,0.00,0.00,1,1
2025-10-27,900001004,x1004,Individual 401(k) - x1004,-3141.19,0.00,0.00,0.00,0.00,0.00,-3141.19,-3141.19,3141.19,0.00,0.00,0.00,0.00,0.00,0.00,4,4
2025-10-28,900001004,x1004,Individual 401(k) - x1004,0.00,0.02,0.00,0.00,3133.57,0.00,0.02,3133.59,0.00,0.00,0.00,0.02,0.00,0.00,0.00,2,2
2025-10-29,900001004,x1004,Individual 401(k) - x1004,559.99,0.00,0.00,0.00,0.00,0.00,559.99,559.99,0.00,559.99,0.00,0.00,0.00,0.00,0.00,1,1
2025-10-30,900001004,x1004,Individual 401(k) - x1004,0.00,174.28,0.00,0.00,-726.67,0.00,174.28,-552.39,0.00,0.00,174.28,0.00,0.00,0.00,0.00,3,3
2025-10-31,900001004,x1004,Individual 401(k) - x1004,0.00,0.00,0.00,0.00,-174.28,0.00,0.00,-174.28,0.00,0.00,0.00,0.00,0.00,0.00,0.00,1,1
2025-11-03,900001004,x1004,Individual 401(k) - x1004,1252.65,0.00,0.00,0.00,174.28,0.00,1252.65,1426.94,689.74,1942.40,0.00,0.00,0.00,0.00,0.00,3,3
2025-11-04,900001004,x1004,Individual 401(k) - x1004,0.00,0.00,0.00,0.00,-1252.65,0.00,0.00,-1252.65,0.00,0.00,0.00,0.00,0.00,0.00,0.00,1,1
2025-11-05,900001004,x1004,Individual 401(k) - x1004,0.00,3.30,0.00,0.00,-3.30,0.00,3.30,0.00,0.00,0.00,3.30,0.00,0.00,0.00,0.00,2,2
2025-11-17,900001004,x1004,Individual 401(k) - x1004,-1813.45,0.00,0.00,0.00,0.00,0.00,-1813.45,-1813.45,1958.62,145.17,0.00,0.00,0.00,0.00,0.00,5,5
2025-11-18,900001004,x1004,Individual 401(k) - x1004,0.00,0.00,0.00,0.00,1813.45,0.00,0.00,1813.45,0.00,0.00,0.00,0.00,0.00,0.00,0.00,1,1
2025-11-28,900001004,x1004,Individual 401(k) - x1004,0.00,0.01,0.00,0.00,-0.01,0.00,0.01,0.00,0.00,0.00,0.00,0.01,0.00,0.00,0.00,2,2
2025-12-01,900001004,x1004,Individual 401(k) - x1004,2540.39,0.00,0.00,0.00,0.00,0.00,2540.39,2540.39,0.00,2540.39,0.00,0.00,0.00,0.00,0.00,1,1
2025-12-02,900001004,x1004,Individual 401(k) - x1004,0.00,0.00,0.00,0.00,-2540.39,0.00,0.00,-2540.39,0.00,0.00,0.00,0.00,0.00,0.00,0.00,1,1
2025-12-03,900001004,x1004,Individual 401(k) - x1004,0.00,3.25,0.00,0.00,-3.25,0.00,3.25,0.00,0.00,0.00,3.25,0.00,0.00,0.00,0.00,2,2
2025-12-04,900001004,x1004,Individual 401(k) - x1004,1037.01,0.00,0.00,0.00,0.00,0.00,1037.01,1037.01,0.00,1037.01,0.00,0.00,0.00,0.00,0.00,1,1
2025-12-05,900001004,x1004,Individual 401(k) - x1004,0.00,0.00,0.00,0.00,-1037.01,0.00,0.00,-1037.01,0.00,0.00,0.00,0.00,0.00,0.00,0.00,1,1
2025-12-17,900001004,x1004,Individual 401(k) - x1004,0.00,0.80,0.00,0.00,-0.80,0.00,0.80,0.00,0.00,0.00,0.80,0.00,0.00,0.00,0.00,2,2
2025-12-22,900001004,x1004,Individual 401(k) - x1004,403.77,3.33,0.00,0.00,-3.33,0.00,407.10,403.77,2694.70,3098.47,3.33,0.00,0.00,0.00,0.00,11,11
2025-12-23,900001004,x1004,Individual 401(k) - x1004,0.00,0.00,0.00,0.00,-403.77,0.00,0.00,-403.77,0.00,0.00,0.00,0.00,0.00,0.00,0.00,1,1
2025-12-24,900001004,x1004,Individual 401(k) - x1004,0.00,6.23,0.00,0.00,-6.23,0.00,6.23,0.00,0.00,0.00,6.23,0.00,0.00,0.00,0.00,3,3
2025-12-30,900001004,x1004,Individual 401(k) - x1004,0.00,3.76,0.00,0.00,-3.76,0.00,3.76,0.00,0.00,0.00,3.76,0.00,0.00,0.00,0.00,3,3
2025-12-31,900001004,x1004,Individual 401(k) - x1004,0.00,9.57,0.00,0.00,-3.79,0.00,9.57,5.78,0.00,0.00,9.54,0.03,0.00,0.00,0.00,4,4
2026-01-02,900001004,x1004,Individual 401(k) - x1004,0.00,3.00,0.00,0.00,-8.78,0.00,3.00,-5.78,0.00,0.00,3.00,0.00,0.00,0.00,0.00,2,2
2026-01-05,900001004,x1004,Individual 401(k) - x1004,706.47,0.00,0.00,0.00,0.00,0.00,706.47,706.47,201.84,908.31,0.00,0.00,0.00,0.00,0.00,2,2
2026-01-06,900001004,x1004,Individual 401(k) - x1004,231.84,0.00,0.00,0.00,-706.47,0.00,231.84,-474.63,0.00,231.84,0.00,0.00,0.00,0.00,0.00,2,2
2026-01-07,900001004,x1004,Individual 401(k) - x1004,575.76,7.83,0.00,0.00,-239.67,0.00,583.59,343.92,0.00,575.76,7.83,0.00,0.00,0.00,0.00,4,4
2026-01-08,900001004,x1004,Individual 401(k) - x1004,0.00,0.00,0.00,0.00,-575.76,0.00,0.00,-575.76,0.00,0.00,0.00,0.00,0.00,0.00,0.00,1,1
2026-01-09,900001004,x1004,Individual 401(k) - x1004,170.43,0.00,0.00,0.00,0.00,0.00,170.43,170.43,0.00,170.43,0.00,0.00,0.00,0.00,0.00,1,1
2026-01-12,900001004,x1004,Individual 401(k) - x1004,0.00,0.00,0.00,0.00,-170.43,0.00,0.00,-170.43,0.00,0.00,0.00,0.00,0.00,0.00,0.00,1,1
2026-01-20,900001004,x1004,Individual 401(k) - x1004,-3462.07,0.00,0.00,0.00,0.00,0.00,-3462.07,-3462.07,5185.67,1723.60,0.00,0.00,0.00,0.00,0.00,9,9
2026-01-21,900001004,x1004,Individual 401(k) - x1004,-1578.19,0.00,0.00,0.00,3462.07,0.00,-1578.19,1883.89,1578.19,0.00,0.00,0.00,0.00,0.00,0.00,6,6
2026-01-22,900001004,x1004,Individual 401(k) - x1004,-285.57,0.00,0.00,0.00,1578.19,0.00,-285.57,1292.62,548.54,262.97,0.00,0.00,0.00,0.00,0.00,4,4
2026-01-23,900001004,x1004,Individual 401(k) - x1004,216.13,0.00,0.00,0.00,285.56,0.00,216.13,501.69,1014.64,1230.77,0.00,0.00,0.00,0.00,0.00,9,9
2026-01-26,900001004,x1004,Individual 401(k) - x1004,1100.59,0.00,0.00,0.00,-216.13,0.00,1100.59,884.47,1928.53,3029.12,0.00,0.00,0.00,0.00,0.00,14,14
2026-01-27,900001004,x1004,Individual 401(k) - x1004,130.88,0.00,0.00,0.00,-1100.59,0.00,130.88,-969.71,1153.87,1284.75,0.00,0.00,0.00,0.00,0.00,11,11
2026-01-28,900001004,x1004,Individual 401(k) - x1004,-900.23,0.00,0.00,0.00,-130.88,0.00,-900.23,-1031.11,2001.94,1101.71,0.00,0.00,0.00,0.00,0.00,9,9
2026-01-29,900001004,x1004,Individual 401(k) - x1004,0.00,0.00,0.00,0.00,900.23,0.00,0.00,900.23,0.00,0.00,0.00,0.00,0.00,0.00,0.00,1,1
2026-01-30,900001004,x1004,Individual 401(k) - x1004,0.00,0.03,0.00,0.00,-0.03,0.00,0.03,0.00,0.00,0.00,0.00,0.03,0.00,0.00,0.00,2,2
2026-02-02,900001004,x1004,Individual 401(k) - x1004,399.98,0.00,0.00,0.00,0.00,0.00,399.98,399.98,774.46,1174.43,0.00,0.00,0.00,0.00,0.00,8,8
2026-02-03,900001004,x1004,Individual 401(k) - x1004,0.00,0.00,0.00,0.00,-399.98,0.00,0.00,-399.98,0.00,0.00,0.00,0.00,0.00,0.00,0.00,1,1
2026-02-04,900001004,x1004,Individual 401(k) - x1004,272.15,6.92,0.00,0.00,-6.92,0.00,279.07,272.15,1024.03,1296.19,6.92,0.00,0.00,0.00,0.00,10,10
2026-02-05,900001004,x1004,Individual 401(k) - x1004,383.34,0.00,0.00,0.00,-272.15,0.00,383.34,111.18,261.15,644.49,0.00,0.00,0.00,0.00,0.00,3,3
2026-02-06,900001004,x1004,Individual 401(k) - x1004,-477.32,0.00,0.00,0.00,-383.34,0.00,-477.32,-860.66,1075.52,598.20,0.00,0.00,0.00,0.00,0.00,6,6
2026-02-09,900001004,x1004,Individual 401(k) - x1004,412.09,0.00,0.00,0.00,477.32,0.00,412.09,889.41,1981.59,2393.68,0.00,0.00,0.00,0.00,0.00,15,15
2026-02-10,900001004,x1004,Individual 401(k) - x1004,0.00,0.00,0.00,0.00,-412.09,0.00,0.00,-412.09,0.00,0.00,0.00,0.00,0.00,0.00,0.00,1,1
2026-02-12,900001004,x1004,Individual 401(k) - x1004,0.00,10.00,0.00,0.00,-10.00,0.00,10.00,0.00,0.00,0.00,10.00,0.00,0.00,0.00,0.00,2,2
2026-02-13,900001004,x1004,Individual 401(k) - x1004,77.31,0.00,0.00,0.00,0.00,0.00,77.31,77.31,1336.23,1413.54,0.00,0.00,0.00,0.00,0.00,12,12
2026-02-17,900001004,x1004,Individual 401(k) - x1004,0.00,0.00,0.00,0.00,-77.31,0.00,0.00,-77.31,0.00,0.00,0.00,0.00,0.00,0.00,0.00,1,1
2026-02-18,900001004,x1004,Individual 401(k) - x1004,560.66,0.00,0.00,0.00,0.00,0.00,560.66,560.66,877.29,1437.95,0.00,0.00,0.00,0.00,0.00,7,7
2026-02-19,900001004,x1004,Individual 401(k) - x1004,0.00,16.75,0.00,0.00,-577.41,0.00,16.75,-560.66,0.00,0.00,16.75,0.00,0.00,0.00,0.00,2,2
2026-02-20,900001004,x1004,Individual 401(k) - x1004,516.87,0.00,0.00,0.00,0.00,0.00,516.87,516.87,0.00,516.87,0.00,0.00,0.00,0.00,0.00,2,2
2026-02-23,900001004,x1004,Individual 401(k) - x1004,-213.24,0.00,0.00,0.00,-516.87,0.00,-213.24,-730.11,213.24,0.00,0.00,0.00,0.00,0.00,0.00,2,2
2026-02-24,900001004,x1004,Individual 401(k) - x1004,0.00,0.00,0.00,0.00,213.24,0.00,0.00,213.24,0.00,0.00,0.00,0.00,0.00,0.00,0.00,1,1
2026-02-25,900001004,x1004,Individual 401(k) - x1004,-183.10,0.00,0.00,0.00,0.00,0.00,-183.10,-183.10,955.23,772.12,0.00,0.00,0.00,0.00,0.00,7,7
2026-02-26,900001004,x1004,Individual 401(k) - x1004,0.00,0.00,0.00,0.00,183.10,0.00,0.00,183.10,0.00,0.00,0.00,0.00,0.00,0.00,0.00,1,1
2026-02-27,900001004,x1004,Individual 401(k) - x1004,-672.45,0.02,0.00,0.00,-0.02,0.00,-672.43,-672.45,672.45,0.00,0.00,0.02,0.00,0.00,0.00,4,4
2026-03-02,900001004,x1004,Individual 401(k) - x1004,819.48,37.47,0.00,0.00,634.98,0.00,856.95,1491.93,0.00,819.48,0.00,37.47,0.00,0.00,0.00,5,5
2026-03-03,900001004,x1004,Individual 401(k) - x1004,-852.17,0.00,0.00,0.00,-819.48,0.00,-852.17,-1671.65,852.17,0.00,0.00,0.00,0.00,0.00,0.00,4,4
2026-03-04,900001004,x1004,Individual 401(k) - x1004,0.00,3.65,0.00,0.00,848.52,0.00,3.65,852.17,0.00,0.00,3.65,0.00,0.00,0.00,0.00,2,2
2026-03-06,900001004,x1004,Individual 401(k) - x1004,-204.54,0.00,0.00,0.00,0.00,0.00,-204.54,-204.54,204.54,0.00,0.00,0.00,0.00,0.00,0.00,1,1
2026-03-09,900001004,x1004,Individual 401(k) - x1004,-112.45,0.00,0.00,0.00,204.54,0.00,-112.45,92.09,112.45,0.00,0.00,0.00,0.00,0.00,0.00,2,2
2026-03-10,900001004,x1004,Individual 401(k) - x1004,0.00,0.00,0.00,0.00,112.45,0.00,0.00,112.45,0.00,0.00,0.00,0.00,0.00,0.00,0.00,1,1
2026-03-12,900001004,x1004,Individual 401(k) - x1004,-292.75,0.00,0.00,0.00,0.00,0.00,-292.75,-292.75,292.75,0.00,0.00,0.00,0.00,0.00,0.00,1,1
2026-03-13,900001004,x1004,Individual 401(k) - x1004,0.00,0.00,0.00,0.00,292.75,0.00,0.00,292.75,0.00,0.00,0.00,0.00,0.00,0.00,0.00,1,1
2026-03-16,900001004,x1004,Individual 401(k) - x1004,-1229.05,0.00,0.00,0.00,0.00,0.00,-1229.05,-1229.05,1229.05,0.00,0.00,0.00,0.00,0.00,0.00,2,2
2026-03-17,900001004,x1004,Individual 401(k) - x1004,0.00,0.00,0.00,0.00,1229.05,0.00,0.00,1229.05,0.00,0.00,0.00,0.00,0.00,0.00,0.00,1,1
2026-03-18,900001004,x1004,Individual 401(k) - x1004,-362.32,0.00,0.00,0.00,0.00,0.00,-362.32,-362.32,362.32,0.00,0.00,0.00,0.00,0.00,0.00,1,1
2026-03-19,900001004,x1004,Individual 401(k) - x1004,0.00,1.62,0.00,0.00,360.70,0.00,1.62,362.32,0.00,0.00,1.62,0.00,0.00,0.00,0.00,2,2
2026-03-20,900001004,x1004,Individual 401(k) - x1004,0.00,5.22,0.00,0.00,-5.22,0.00,5.22,0.00,0.00,0.00,5.22,0.00,0.00,0.00,0.00,2,2
2026-03-24,900001004,x1004,Individual 401(k) - x1004,0.00,0.82,0.00,0.00,-0.82,0.00,0.82,0.00,0.00,0.00,0.82,0.00,0.00,0.00,0.00,2,2
2026-03-25,900001004,x1004,Individual 401(k) - x1004,1392.62,0.00,0.00,0.00,0.00,0.00,1392.62,1392.62,495.43,1888.05,0.00,0.00,0.00,0.00,0.00,6,6
2026-03-26,900001004,x1004,Individual 401(k) - x1004,-1339.18,2.14,0.00,0.00,-1394.77,0.00,-1337.03,-2731.80,1339.18,0.00,2.14,0.00,0.00,0.00,0.00,4,4
2026-03-27,900001004,x1004,Individual 401(k) - x1004,556.70,0.00,0.00,0.00,1339.17,0.00,556.70,1895.87,0.00,556.70,0.00,0.00,0.00,0.00,0.00,2,2
2026-03-30,900001004,x1004,Individual 401(k) - x1004,0.00,0.22,0.00,0.00,-556.92,0.00,0.22,-556.70,0.00,0.00,0.22,0.00,0.00,0.00,0.00,2,2
2026-03-31,900001004,x1004,Individual 401(k) - x1004,1746.67,3.50,0.00,0.00,-0.23,0.00,1750.18,1749.95,991.02,2737.69,3.49,0.01,0.00,0.00,0.00,10,10
2026-04-01,900001004,x1004,Individual 401(k) - x1004,648.85,2.65,0.00,0.00,-1752.59,0.00,651.49,-1101.10,0.00,648.85,2.65,0.00,0.00,0.00,0.00,5,5
2026-04-02,900001004,x1004,Individual 401(k) - x1004,-215.60,0.00,0.00,0.00,-648.85,0.00,-215.60,-864.45,215.60,0.00,0.00,0.00,0.00,0.00,0.00,2,2
2026-04-06,900001004,x1004,Individual 401(k) - x1004,-382.61,3.43,0.00,0.00,212.17,0.00,-379.18,-167.01,680.84,298.23,3.43,0.00,0.00,0.00,0.01,7,7
2026-04-07,900001004,x1004,Individual 401(k) - x1004,961.50,0.00,0.00,0.00,382.61,0.00,961.50,1344.12,755.54,1717.04,0.00,0.00,0.00,0.00,0.04,8,8
2026-04-08,900001004,x1004,Individual 401(k) - x1004,2072.13,0.00,0.00,0.00,-961.50,0.00,2072.13,1110.62,0.00,2072.13,0.00,0.00,0.00,0.00,0.04,6,6
2026-04-09,900001004,x1004,Individual 401(k) - x1004,-1122.21,0.00,0.00,0.00,-2072.13,0.00,-1122.21,-3194.34,2424.35,1302.14,0.00,0.00,0.00,0.00,0.03,10,10
2026-04-10,900001004,x1004,Individual 401(k) - x1004,-516.83,0.00,0.00,0.00,1122.21,0.00,-516.83,605.38,726.00,209.17,0.00,0.00,0.00,0.00,0.01,3,3
2026-04-13,900001004,x1004,Individual 401(k) - x1004,0.00,0.00,0.00,0.00,516.83,0.00,0.00,516.83,0.00,0.00,0.00,0.00,0.00,0.00,0.00,1,1
2026-04-14,900001004,x1004,Individual 401(k) - x1004,-3394.57,0.00,0.00,0.00,0.00,0.00,-3394.57,-3394.57,5312.40,1917.84,0.00,0.00,0.00,0.00,0.04,17,17
2026-04-15,900001004,x1004,Individual 401(k) - x1004,999.12,0.15,0.00,0.00,3394.42,0.00,999.27,4393.69,0.00,999.12,0.15,0.00,0.00,0.00,0.02,4,4
2026-04-16,900001004,x1004,Individual 401(k) - x1004,-1062.83,0.00,0.00,0.00,-999.12,0.00,-1062.83,-2061.95,2705.66,1642.83,0.00,0.00,0.00,0.00,0.04,11,11
2026-04-17,900001004,x1004,Individual 401(k) - x1004,0.00,0.00,0.00,0.00,1062.83,0.00,0.00,1062.83,0.00,0.00,0.00,0.00,0.00,0.00,0.00,1,1
2026-04-20,900001004,x1004,Individual 401(k) - x1004,128.65,0.00,0.00,0.00,0.00,0.00,128.65,128.65,2202.41,2331.06,0.00,0.00,0.00,0.00,0.05,11,11
2026-04-21,900001004,x1004,Individual 401(k) - x1004,0.00,0.00,0.00,0.00,-128.65,0.00,0.00,-128.65,0.00,0.00,0.00,0.00,0.00,0.00,0.00,1,1
2026-04-27,900001004,x1004,Individual 401(k) - x1004,-137.96,0.00,0.00,0.00,0.00,0.00,-137.96,-137.96,1242.53,1104.57,0.00,0.00,0.00,0.00,0.03,11,11
2026-04-28,900001004,x1004,Individual 401(k) - x1004,0.00,0.00,0.00,0.00,137.96,0.00,0.00,137.96,0.00,0.00,0.00,0.00,0.00,0.00,0.00,1,1
2026-04-29,900001004,x1004,Individual 401(k) - x1004,524.94,2.17,0.00,0.00,0.00,-0.14,526.96,526.96,0.00,524.94,2.17,0.00,0.00,0.00,0.01,5,5
2026-04-30,900001004,x1004,Individual 401(k) - x1004,-8.22,0.02,0.00,0.00,-526.98,0.00,-8.20,-535.18,1507.43,1499.21,0.00,0.02,0.00,0.00,0.03,12,12
2026-05-01,900001004,x1004,Individual 401(k) - x1004,0.00,0.00,0.00,0.00,8.22,0.00,0.00,8.22,0.00,0.00,0.00,0.00,0.00,0.00,0.00,1,1
2026-05-05,900001004,x1004,Individual 401(k) - x1004,-543.96,0.00,0.00,0.00,0.00,0.00,-543.96,-543.96,543.96,0.00,0.00,0.00,0.00,0.00,0.00,1,1
2026-05-06,900001004,x1004,Individual 401(k) - x1004,0.00,0.00,0.00,0.00,543.96,0.00,0.00,543.96,0.00,0.00,0.00,0.00,0.00,0.00,0.00,1,1
2026-05-07,900001004,x1004,Individual 401(k) - x1004,994.79,2.87,0.00,0.00,-2.87,0.00,997.66,994.79,0.00,994.79,2.87,0.00,0.00,0.00,0.02,5,5
2026-05-08,900001004,x1004,Individual 401(k) - x1004,-950.44,0.00,0.00,0.00,-994.78,0.00,-950.44,-1945.22,950.44,0.00,0.00,0.00,0.00,0.00,0.00,4,4
2026-05-11,900001004,x1004,Individual 401(k) - x1004,2087.16,0.00,0.00,0.00,950.44,0.00,2087.16,3037.60,0.00,2087.16,0.00,0.00,0.00,0.00,0.05,6,6
2026-05-12,900001004,x1004,Individual 401(k) - x1004,-2213.94,0.00,0.00,0.00,-2087.16,0.00,-2213.94,-4301.10,2213.94,0.00,0.00,0.00,0.00,0.00,0.00,9,9
2026-05-13,900001004,x1004,Individual 401(k) - x1004,0.00,0.00,0.00,0.00,2213.94,0.00,0.00,2213.94,0.00,0.00,0.00,0.00,0.00,0.00,0.00,1,1
2026-05-15,900001004,x1004,Individual 401(k) - x1004,90.64,0.00,0.00,0.00,0.00,0.00,90.64,90.64,1311.19,1401.83,0.00,0.00,0.00,0.00,0.03,9,9
2026-05-18,900001004,x1004,Individual 401(k) - x1004,0.00,0.00,0.00,0.00,-90.64,0.00,0.00,-90.64,0.00,0.00,0.00,0.00,0.00,0.00,0.00,1,1
2026-05-20,900001004,x1004,Individual 401(k) - x1004,-7.61,0.00,0.00,0.00,0.00,0.00,-7.61,-7.61,276.47,268.86,0.00,0.00,0.00,0.00,0.01,2,2
2026-05-21,900001004,x1004,Individual 401(k) - x1004,869.93,0.00,0.00,0.00,7.61,0.00,869.93,877.54,0.00,869.93,0.00,0.00,0.00,0.00,0.02,2,2
2026-05-22,900001004,x1004,Individual 401(k) - x1004,-873.96,0.00,0.00,0.00,-869.93,0.00,-873.96,-1743.89,873.96,0.00,0.00,0.00,0.00,0.00,0.00,5,5
2026-05-26,900001004,x1004,Individual 401(k) - x1004,1335.32,0.00,0.00,0.00,873.96,0.00,1335.32,2209.28,1170.94,2506.26,0.00,0.00,0.00,0.00,0.06,14,14
2026-05-27,900001004,x1004,Individual 401(k) - x1004,-1339.62,0.00,0.00,0.00,-1335.32,0.00,-1339.62,-2674.94,1634.08,294.46,0.00,0.00,0.00,0.00,0.01,8,8
2026-05-28,900001004,x1004,Individual 401(k) - x1004,0.00,0.00,0.00,0.00,1339.62,0.00,0.00,1339.62,0.00,0.00,0.00,0.00,0.00,0.00,0.00,1,1
2026-05-29,900001004,x1004,Individual 401(k) - x1004,35.89,0.01,0.00,0.00,-0.01,0.00,35.90,35.89,2097.28,2133.17,0.00,0.01,0.00,0.00,0.05,16,16
2026-06-01,900001004,x1004,Individual 401(k) - x1004,0.00,0.00,0.00,0.00,-35.89,0.00,0.00,-35.89,0.00,0.00,0.00,0.00,0.00,0.00,0.00,1,1
2026-06-03,900001004,x1004,Individual 401(k) - x1004,840.31,0.00,0.00,0.00,0.00,0.00,840.31,840.31,5313.73,6154.04,0.00,0.00,0.00,0.00,0.13,33,33
2026-06-04,900001004,x1004,Individual 401(k) - x1004,0.00,0.00,0.00,0.00,-840.31,0.00,0.00,-840.31,0.00,0.00,0.00,0.00,0.00,0.00,0.00,1,1
2026-06-05,900001004,x1004,Individual 401(k) - x1004,0.00,6.09,0.00,0.00,-6.09,0.00,6.09,0.00,0.00,0.00,6.09,0.00,0.00,0.00,0.00,2,2
2026-06-10,900001004,x1004,Individual 401(k) - x1004,6857.88,0.00,0.00,0.00,0.00,0.00,6857.88,6857.88,871.65,7729.53,0.00,0.00,0.00,0.00,0.17,13,13
2026-06-11,900001004,x1004,Individual 401(k) - x1004,364.25,0.00,0.00,0.00,-6857.88,0.00,364.25,-6493.63,7282.80,7647.05,0.00,0.00,0.00,0.00,0.17,30,30
2026-06-12,900001004,x1004,Individual 401(k) - x1004,-2859.91,0.00,0.00,0.00,-364.25,0.00,-2859.91,-3224.16,6508.06,3648.15,0.00,0.00,0.00,0.00,0.08,10,10
2026-06-15,900001004,x1004,Individual 401(k) - x1004,-1116.22,0.00,0.00,0.00,2859.91,0.00,-1116.22,1743.68,1557.31,441.09,0.00,0.00,0.00,0.00,0.01,4,4
2026-06-16,900001004,x1004,Individual 401(k) - x1004,0.00,0.00,0.00,0.00,1116.22,0.00,0.00,1116.22,0.00,0.00,0.00,0.00,0.00,0.00,0.00,1,1
2026-06-17,900001004,x1004,Individual 401(k) - x1004,-574.94,0.00,0.00,0.00,0.00,0.00,-574.94,-574.94,2092.80,1517.86,0.00,0.00,0.00,0.00,0.04,10,10
2026-06-18,900001004,x1004,Individual 401(k) - x1004,394.82,3.62,0.00,0.00,571.32,0.00,398.44,969.76,0.00,394.82,3.62,0.00,0.00,0.00,0.01,6,6
2026-06-22,900001004,x1004,Individual 401(k) - x1004,0.00,0.00,0.00,0.00,-394.82,0.00,0.00,-394.82,0.00,0.00,0.00,0.00,0.00,0.00,0.00,1,1
2026-06-23,900001004,x1004,Individual 401(k) - x1004,0.00,1.97,0.00,0.00,-1.97,0.00,1.97,0.00,0.00,0.00,1.97,0.00,0.00,0.00,0.00,2,2
2026-06-24,900001004,x1004,Individual 401(k) - x1004,-3824.60,0.00,0.00,0.00,0.00,0.00,-3824.60,-3824.60,3824.60,0.00,0.00,0.00,0.00,0.00,0.00,3,3
2026-06-25,900001004,x1004,Individual 401(k) - x1004,0.00,0.00,0.00,0.00,3824.60,0.00,0.00,3824.60,0.00,0.00,0.00,0.00,0.00,0.00,0.00,1,1
2026-06-26,900001004,x1004,Individual 401(k) - x1004,-443.10,3.34,0.00,0.00,-3.34,0.00,-439.77,-443.10,1336.31,893.21,3.34,0.00,0.00,0.00,0.02,8,8
2026-06-29,900001004,x1004,Individual 401(k) - x1004,47.69,0.00,0.00,0.00,443.11,0.00,47.69,490.80,552.75,600.44,0.00,0.00,0.00,0.00,0.01,3,3
2026-06-30,900001004,x1004,Individual 401(k) - x1004,-46.66,1.16,0.00,0.00,-47.72,0.00,-45.50,-93.22,305.20,258.54,1.14,0.02,0.00,0.00,0.01,7,7
