SourceHash,RawStoredPath,AsOfLocal,AsOfTimeZone,AccountId,MaskedAccount,AccountLabel,PositionRaw,Symbol,Quantity,LotCount,DateAcquired,Term,CostBasis,ULPrice,ULChange,Mark,MarkChange,NetCostBasis,TodaysNetGain,OpenNetGain,MarketValue,Bid,Ask,EarningsDate
9e73420ee0a091176433122c41f8c80713630021a9a2d0bb01dbf720133da4e4,data/raw/etrade/portfolio_lot_level/20260614-181829-29adb4581805-PortfolioDownloadLotLevel.csv,2026-06-14 20:49:00,EST,900001002,x1002,Individual Brokerage - x1002,GDE +1 Share (1 lot),GDE,1,1,02/26/2026,Short term,7.558,6.357,0.042,6.357,0.042,7.558,0.042,-1.201,6.357,5.7,7.6,--
9e73420ee0a091176433122c41f8c80713630021a9a2d0bb01dbf720133da4e4,data/raw/etrade/portfolio_lot_level/20260614-181829-29adb4581805-PortfolioDownloadLotLevel.csv,2026-06-14 20:49:00,EST,900001002,x1002,Individual Brokerage - x1002,LITE +5 Shares (3 lots),LITE,5,3,04/14/2026,Short term,88.3588,92.156,3.197,92.156,3.197,88.3588,15.985,18.986,460.78,91.8,92.1,2026-08-12
9e73420ee0a091176433122c41f8c80713630021a9a2d0bb01dbf720133da4e4,data/raw/etrade/portfolio_lot_level/20260614-181829-29adb4581805-PortfolioDownloadLotLevel.csv,2026-06-14 20:49:00,EST,900001003,x1003,Partnership / LLC / LLP - x1003,AGX +13 Shares (2 lots),AGX,13,2,01/24/2025,Mixed term,22.2223846154,64.168,1.802,64.168,1.802,22.2223846154,23.426,545.293,834.184,63,65.243,2026-09-03
9e73420ee0a091176433122c41f8c80713630021a9a2d0bb01dbf720133da4e4,data/raw/etrade/portfolio_lot_level/20260614-181829-29adb4581805-PortfolioDownloadLotLevel.csv,2026-06-14 20:49:00,EST,900001003,x1003,Partnership / LLC / LLP - x1003,AMZN +62 Shares (6 lots),AMZN,62,6,12/04/2025,Short term,22.4797096774,23.855,-0.296,23.855,-0.296,22.4797096774,-18.352,85.268,1479.01,23.865,23.867,2026-07-30
9e73420ee0a091176433122c41f8c80713630021a9a2d0bb01dbf720133da4e4,data/raw/etrade/portfolio_lot_level/20260614-181829-29adb4581805-PortfolioDownloadLotLevel.csv,2026-06-14 20:49:00,EST,900001003,x1003,Partnership / LLC / LLP - x1003,CLS +44 Shares (4 lots),CLS,44,4,03/25/2025,Mixed term,13.6952727273,39.312,0.726,39.312,0.726,13.6952727273,31.944,1127.136,1729.728,39.5,39.628,2026-07-27
9e73420ee0a091176433122c41f8c80713630021a9a2d0bb01dbf720133da4e4,data/raw/etrade/portfolio_lot_level/20260614-181829-29adb4581805-PortfolioDownloadLotLevel.csv,2026-06-14 20:49:00,EST,900001003,x1003,Partnership / LLC / LLP - x1003,CRDO +134 Shares (7 lots),CRDO,134,7,01/09/2026,Short term,14.1369820896,25.081,-1.395,25.081,-1.395,14.1369820896,-143.4930008,1466.4984,3360.854,25.129,25.2,2026-09-02
9e73420ee0a091176433122c41f8c80713630021a9a2d0bb01dbf720133da4e4,data/raw/etrade/portfolio_lot_level/20260614-181829-29adb4581805-PortfolioDownloadLotLevel.csv,2026-06-14 20:49:00,EST,900001003,x1003,Partnership / LLC / LLP - x1003,GDE +20 Shares (1 lot),GDE,20,1,02/27/2026,Short term,7.58805,6.357,0.042,6.357,0.042,7.58805,0.84,-24.621,127.14,5.7,7.6,--
9e73420ee0a091176433122c41f8c80713630021a9a2d0bb01dbf720133da4e4,data/raw/etrade/portfolio_lot_level/20260614-181829-29adb4581805-PortfolioDownloadLotLevel.csv,2026-06-14 20:49:00,EST,900001003,x1003,Partnership / LLC / LLP - x1003,GDMN +127 Shares (3 lots),GDMN,127,3,11/11/2025,Short term,8.3555787402,8.021,0.166,8.021,0.166,8.3555787402,21.082,-42.4915,1018.667,6.935,8.2,--
9e73420ee0a091176433122c41f8c80713630021a9a2d0bb01dbf720133da4e4,data/raw/etrade/portfolio_lot_level/20260614-181829-29adb4581805-PortfolioDownloadLotLevel.csv,2026-06-14 20:49:00,EST,900001003,x1003,Partnership / LLC / LLP - x1003,GRNJ +340 Shares (2 lots),GRNJ,340,2,04/02/2026,Short term,2.7810676471,3.129,0.017,3.129,0.017,2.7810676471,5.78,118.297,1063.86,3,3.145,--
9e73420ee0a091176433122c41f8c80713630021a9a2d0bb01dbf720133da4e4,data/raw/etrade/portfolio_lot_level/20260614-181829-29adb4581805-PortfolioDownloadLotLevel.csv,2026-06-14 20:49:00,EST,900001003,x1003,Partnership / LLC / LLP - x1003,GRNY +390 Shares (3 lots),GRNY,390,3,04/16/2026,Short term,2.6232153846,2.72,0.031,2.72,0.031,2.6232153846,12.09,37.746,1060.8,2.706,2.743,--
9e73420ee0a091176433122c41f8c80713630021a9a2d0bb01dbf720133da4e4,data/raw/etrade/portfolio_lot_level/20260614-181829-29adb4581805-PortfolioDownloadLotLevel.csv,2026-06-14 20:49:00,EST,900001003,x1003,Partnership / LLC / LLP - x1003,IAUM +55 Shares (1 lot),IAUM,55,1,10/27/2025,Short term,3.984,4.196,0.004,4.196,0.004,3.984,0.22,11.66,230.78,4.17,4.207,--
9e73420ee0a091176433122c41f8c80713630021a9a2d0bb01dbf720133da4e4,data/raw/etrade/portfolio_lot_level/20260614-181829-29adb4581805-PortfolioDownloadLotLevel.csv,2026-06-14 20:49:00,EST,900001003,x1003,Partnership / LLC / LLP - x1003,LITE +9 Shares (3 lots),LITE,9,3,03/23/2026,Short term,75.9697777778,92.156,3.197,92.156,3.197,75.9697777778,28.773,145.676,829.404,91.8,92.1,2026-08-12
9e73420ee0a091176433122c41f8c80713630021a9a2d0bb01dbf720133da4e4,data/raw/etrade/portfolio_lot_level/20260614-181829-29adb4581805-PortfolioDownloadLotLevel.csv,2026-06-14 20:49:00,EST,900001003,x1003,Partnership / LLC / LLP - x1003,MDLZ +15 Shares (1 lot),MDLZ,15,1,06/12/2026,Short term,6.332,6.299,-0.037,6.299,-0.037,6.332,-0.495,-0.495,94.485,6.249,6.308,2026-07-28
9e73420ee0a091176433122c41f8c80713630021a9a2d0bb01dbf720133da4e4,data/raw/etrade/portfolio_lot_level/20260614-181829-29adb4581805-PortfolioDownloadLotLevel.csv,2026-06-14 20:49:00,EST,900001003,x1003,Partnership / LLC / LLP - x1003,MU +15 Shares (2 lots),MU,15,2,03/24/2026,Short term,40.3296666667,98.161,-1.426,98.161,-1.426,40.3296666667,-21.39,867.47,1472.415,98.95,99,2026-06-24
9e73420ee0a091176433122c41f8c80713630021a9a2d0bb01dbf720133da4e4,data/raw/etrade/portfolio_lot_level/20260614-181829-29adb4581805-PortfolioDownloadLotLevel.csv,2026-06-14 20:49:00,EST,900001003,x1003,Partnership / LLC / LLP - x1003,PPLT +70 Shares (1 lot),PPLT,70,1,11/11/2025,Short term,1.4420571429,1.554,-0.009,1.554,-0.009,1.4420571429,-0.63,7.836,108.78,1.551,1.57,--
9e73420ee0a091176433122c41f8c80713630021a9a2d0bb01dbf720133da4e4,data/raw/etrade/portfolio_lot_level/20260614-181829-29adb4581805-PortfolioDownloadLotLevel.csv,2026-06-14 20:49:00,EST,900001003,x1003,Partnership / LLC / LLP - x1003,PSTL +200 Shares (1 lot),PSTL,200,1,06/05/2026,Short term,2.27146,2.389,0.03,2.389,0.03,2.27146,6,23.508,477.8,2.3,2.45,2026-08-03
9e73420ee0a091176433122c41f8c80713630021a9a2d0bb01dbf720133da4e4,data/raw/etrade/portfolio_lot_level/20260614-181829-29adb4581805-PortfolioDownloadLotLevel.csv,2026-06-14 20:49:00,EST,900001003,x1003,Partnership / LLC / LLP - x1003,SHLD +300 Shares (1 lot),SHLD,300,1,04/04/2025,Long term,4.401,6.382,-0.133,6.382,-0.133,4.401,-39.9,594.3,1914.6,6.39,6.5,2018-11-30
9e73420ee0a091176433122c41f8c80713630021a9a2d0bb01dbf720133da4e4,data/raw/etrade/portfolio_lot_level/20260614-181829-29adb4581805-PortfolioDownloadLotLevel.csv,2026-06-14 20:49:00,EST,900001003,x1003,Partnership / LLC / LLP - x1003,SLV +70 Shares (3 lots),SLV,70,3,10/17/2025,Short term,5.9709285714,6.129,0.047,6.129,0.047,5.9709285714,3.29,11.065,429.03,6.145,6.15,--
9e73420ee0a091176433122c41f8c80713630021a9a2d0bb01dbf720133da4e4,data/raw/etrade/portfolio_lot_level/20260614-181829-29adb4581805-PortfolioDownloadLotLevel.csv,2026-06-14 20:49:00,EST,900001003,x1003,Partnership / LLC / LLP - x1003,SPMO +235 Shares (3 lots),SPMO,235,3,04/16/2026,Short term,14.4162978723,15.248,0.19,15.248,0.19,14.4162978723,47.85,195.45,3583.28,15.268,15.3,--
9e73420ee0a091176433122c41f8c80713630021a9a2d0bb01dbf720133da4e4,data/raw/etrade/portfolio_lot_level/20260614-181829-29adb4581805-PortfolioDownloadLotLevel.csv,2026-06-14 20:49:00,EST,900001003,x1003,Partnership / LLC / LLP - x1003,SYF +50 Shares (1 lot),SYF,50,1,09/16/2024,Long term,4.70876,7.336,0.103,7.336,0.103,4.70876,5.15,131.362,366.8,6.9,7.4,2026-07-21
9e73420ee0a091176433122c41f8c80713630021a9a2d0bb01dbf720133da4e4,data/raw/etrade/portfolio_lot_level/20260614-181829-29adb4581805-PortfolioDownloadLotLevel.csv,2026-06-14 20:49:00,EST,900001003,x1003,Partnership / LLC / LLP - x1003,TSLA +20 Shares (1 lot),TSLA,20,1,04/16/2026,Short term,38.299,40.643,0.728,40.643,0.728,38.299,14.56,46.88,812.86,40.6,40.61,2026-07-22
9e73420ee0a091176433122c41f8c80713630021a9a2d0bb01dbf720133da4e4,data/raw/etrade/portfolio_lot_level/20260614-181829-29adb4581805-PortfolioDownloadLotLevel.csv,2026-06-14 20:49:00,EST,900001001,x1001,Traditional IRA - x1001,AEM +40 Shares (2 lots),AEM,40,2,06/09/2026,Short term,15.40925,16.264,0.488,16.264,0.488,15.40925,19.52,34.19,650.56,16.264,16.35,2026-07-29
9e73420ee0a091176433122c41f8c80713630021a9a2d0bb01dbf720133da4e4,data/raw/etrade/portfolio_lot_level/20260614-181829-29adb4581805-PortfolioDownloadLotLevel.csv,2026-06-14 20:49:00,EST,900001001,x1001,Traditional IRA - x1001,AGX +8 Shares (2 lots),AGX,8,2,05/07/2026,Short term,67.167625,64.168,1.802,64.168,1.802,67.167625,14.416,-23.997,513.344,63,65.243,2026-09-03
9e73420ee0a091176433122c41f8c80713630021a9a2d0bb01dbf720133da4e4,data/raw/etrade/portfolio_lot_level/20260614-181829-29adb4581805-PortfolioDownloadLotLevel.csv,2026-06-14 20:49:00,EST,900001001,x1001,Traditional IRA - x1001,AMD +5 Shares (1 lot),AMD,5,1,06/04/2026,Short term,52.32,51.157,2.312,51.157,2.312,52.32,11.56,-5.815,255.785,51.45,51.5,2026-08-04
9e73420ee0a091176433122c41f8c80713630021a9a2d0bb01dbf720133da4e4,data/raw/etrade/portfolio_lot_level/20260614-181829-29adb4581805-PortfolioDownloadLotLevel.csv,2026-06-14 20:49:00,EST,900001001,x1001,Traditional IRA - x1001,AMZN +185 Shares (11 lots),AMZN,185,11,04/30/2026,Short term,25.8519891892,23.855,-0.296,23.855,-0.296,25.8519891892,-54.76,-369.443,4413.175,23.865,23.867,2026-07-30
9e73420ee0a091176433122c41f8c80713630021a9a2d0bb01dbf720133da4e4,data/raw/etrade/portfolio_lot_level/20260614-181829-29adb4581805-PortfolioDownloadLotLevel.csv,2026-06-14 20:49:00,EST,900001001,x1001,Traditional IRA - x1001,APP +12 Shares (2 lots),APP,12,2,06/10/2026,Short term,49.5115,49.677,1.82,49.677,1.82,49.5115,21.84,1.986,596.124,49.5,49.667,2026-08-06
9e73420ee0a091176433122c41f8c80713630021a9a2d0bb01dbf720133da4e4,data/raw/etrade/portfolio_lot_level/20260614-181829-29adb4581805-PortfolioDownloadLotLevel.csv,2026-06-14 20:49:00,EST,900001001,x1001,Traditional IRA - x1001,ARE +700 Shares (9 lots),ARE,700,9,10/13/2025,Short term,5.4361435714,5.317,0.04,5.317,0.04,5.4361435714,28,-83.4005,3721.9,5.155,5.388,2026-08-03
9e73420ee0a091176433122c41f8c80713630021a9a2d0bb01dbf720133da4e4,data/raw/etrade/portfolio_lot_level/20260614-181829-29adb4581805-PortfolioDownloadLotLevel.csv,2026-06-14 20:49:00,EST,900001001,x1001,Traditional IRA - x1001,ARKX +300 Shares (1 lot),ARKX,300,1,06/12/2026,Short term,3.404,3.378,-0.067,3.378,-0.067,3.404,-7.8,-7.8,1013.4,3.381,3.394,--
9e73420ee0a091176433122c41f8c80713630021a9a2d0bb01dbf720133da4e4,data/raw/etrade/portfolio_lot_level/20260614-181829-29adb4581805-PortfolioDownloadLotLevel.csv,2026-06-14 20:49:00,EST,900001001,x1001,Traditional IRA - x1001,ASML +2 Shares (1 lot),ASML,2,1,06/10/2026,Short term,180.7745,186.355,-3.593,186.355,-3.593,180.7745,-7.186,11.161,372.71,186,186.355,2026-07-15
9e73420ee0a091176433122c41f8c80713630021a9a2d0bb01dbf720133da4e4,data/raw/etrade/portfolio_lot_level/20260614-181829-29adb4581805-PortfolioDownloadLotLevel.csv,2026-06-14 20:49:00,EST,900001001,x1001,Traditional IRA - x1001,AUGO +165 Shares (6 lots),AUGO,165,6,04/20/2026,Short term,9.2487454545,6.089,0.431,6.089,0.431,9.2487454545,71.115,-521.358,1004.685,6.089,6.177,2026-08-05
9e73420ee0a091176433122c41f8c80713630021a9a2d0bb01dbf720133da4e4,data/raw/etrade/portfolio_lot_level/20260614-181829-29adb4581805-PortfolioDownloadLotLevel.csv,2026-06-14 20:49:00,EST,900001001,x1001,Traditional IRA - x1001,B +220 Shares (4 lots),B,220,4,01/02/2026,Short term,4.6349625,4.02,0.11,4.02,0.11,4.6349625,24.2,-135.29175,884.4,4.004,4.025,2026-08-11
9e73420ee0a091176433122c41f8c80713630021a9a2d0bb01dbf720133da4e4,data/raw/etrade/portfolio_lot_level/20260614-181829-29adb4581805-PortfolioDownloadLotLevel.csv,2026-06-14 20:49:00,EST,900001001,x1001,Traditional IRA - x1001,BE +20 Shares (2 lots),BE,20,2,06/03/2026,Short term,29.05655,26.022,1.134,26.022,1.134,29.05655,22.68,-60.691,520.44,26.14,26.27,2026-07-30
9e73420ee0a091176433122c41f8c80713630021a9a2d0bb01dbf720133da4e4,data/raw/etrade/portfolio_lot_level/20260614-181829-29adb4581805-PortfolioDownloadLotLevel.csv,2026-06-14 20:49:00,EST,900001001,x1001,Traditional IRA - x1001,BLOX +750 Shares (5 lots),BLOX,750,5,05/15/2026,Short term,1.7582966667,1.659,0.0391,1.659,0.0391,1.7582966667,29.325,-74.4725,1244.25,1.65,1.697,--
9e73420ee0a091176433122c41f8c80713630021a9a2d0bb01dbf720133da4e4,data/raw/etrade/portfolio_lot_level/20260614-181829-29adb4581805-PortfolioDownloadLotLevel.csv,2026-06-14 20:49:00,EST,900001001,x1001,Traditional IRA - x1001,BRK.B +55 Shares (8 lots),BRK.B,55,8,10/08/2025,Short term,48.8164545455,48.925,0.346,48.925,0.346,48.8164545455,19.03,5.97,2690.875,48.91,48.95,2026-08-01
9e73420ee0a091176433122c41f8c80713630021a9a2d0bb01dbf720133da4e4,data/raw/etrade/portfolio_lot_level/20260614-181829-29adb4581805-PortfolioDownloadLotLevel.csv,2026-06-14 20:49:00,EST,900001001,x1001,Traditional IRA - x1001,BTG +3445 Shares (2 lots),BTG,3445,2,06/05/2026,Short term,0.4174658926,0.421,0.012,0.421,0.012,0.4174658926,41.34,12.175,1450.345,0.423,0.424,2026-08-06
9e73420ee0a091176433122c41f8c80713630021a9a2d0bb01dbf720133da4e4,data/raw/etrade/portfolio_lot_level/20260614-181829-29adb4581805-PortfolioDownloadLotLevel.csv,2026-06-14 20:49:00,EST,900001001,x1001,Traditional IRA - x1001,BVN +200 Shares (2 lots),BVN,200,2,04/10/2026,Short term,3.24925,3.342,0.066,3.342,0.066,3.24925,13.2,18.55,668.4,3.331,3.48,2026-07-23
9e73420ee0a091176433122c41f8c80713630021a9a2d0bb01dbf720133da4e4,data/raw/etrade/portfolio_lot_level/20260614-181829-29adb4581805-PortfolioDownloadLotLevel.csv,2026-06-14 20:49:00,EST,900001001,x1001,Traditional IRA - x1001,CCL +300 Shares (2 lots),CCL,300,2,09/19/2025,Short term,2.9796266667,2.918,0.106,2.918,0.106,2.9796266667,31.8,-18.488,875.4,2.91,2.914,2026-06-23
9e73420ee0a091176433122c41f8c80713630021a9a2d0bb01dbf720133da4e4,data/raw/etrade/portfolio_lot_level/20260614-181829-29adb4581805-PortfolioDownloadLotLevel.csv,2026-06-14 20:49:00,EST,900001001,x1001,Traditional IRA - x1001,CDE +625 Shares (6 lots),CDE,625,6,10/20/2025,Short term,2.2752,1.72,0.08,1.72,0.08,2.2752,50,-347,1075,1.726,1.728,2026-08-05
9e73420ee0a091176433122c41f8c80713630021a9a2d0bb01dbf720133da4e4,data/raw/etrade/portfolio_lot_level/20260614-181829-29adb4581805-PortfolioDownloadLotLevel.csv,2026-06-14 20:49:00,EST,900001001,x1001,Traditional IRA - x1001,CLS +27 Shares (3 lots),CLS,27,3,05/04/2026,Short term,42.3341111111,39.312,0.726,39.312,0.726,42.3341111111,19.602,-81.597,1061.424,39.5,39.628,2026-07-27
9e73420ee0a091176433122c41f8c80713630021a9a2d0bb01dbf720133da4e4,data/raw/etrade/portfolio_lot_level/20260614-181829-29adb4581805-PortfolioDownloadLotLevel.csv,2026-06-14 20:49:00,EST,900001001,x1001,Traditional IRA - x1001,CNC +110 Shares (3 lots),CNC,110,3,06/08/2026,Short term,6.4972727273,6.519,0.165,6.519,0.165,6.4972727273,18.15,2.39,717.09,6.46,6.519,2026-07-28
9e73420ee0a091176433122c41f8c80713630021a9a2d0bb01dbf720133da4e4,data/raw/etrade/portfolio_lot_level/20260614-181829-29adb4581805-PortfolioDownloadLotLevel.csv,2026-06-14 20:49:00,EST,900001001,x1001,Traditional IRA - x1001,CNSWF +10 Shares (1 lot),CNSWF,10,1,05/27/2026,Short term,193.789,209,-10.0435,209,-10.0435,193.8088,-100.435,151.912,2090,208.812,209.646,--
9e73420ee0a091176433122c41f8c80713630021a9a2d0bb01dbf720133da4e4,data/raw/etrade/portfolio_lot_level/20260614-181829-29adb4581805-PortfolioDownloadLotLevel.csv,2026-06-14 20:49:00,EST,900001001,x1001,Traditional IRA - x1001,COPJ +375 Shares (6 lots),COPJ,375,6,01/27/2026,Short term,4.433276,4.253,0.166,4.253,0.166,4.433276,42.251,-67.6035,1594.875,3.8,4.6,--
9e73420ee0a091176433122c41f8c80713630021a9a2d0bb01dbf720133da4e4,data/raw/etrade/portfolio_lot_level/20260614-181829-29adb4581805-PortfolioDownloadLotLevel.csv,2026-06-14 20:49:00,EST,900001001,x1001,Traditional IRA - x1001,CRDO +165 Shares (5 lots),CRDO,165,5,06/12/2026,Short term,25.2170454545,25.081,-1.395,25.081,-1.395,25.2170454545,-22.4475,-22.4475,4138.365,25.129,25.2,2026-09-02
9e73420ee0a091176433122c41f8c80713630021a9a2d0bb01dbf720133da4e4,data/raw/etrade/portfolio_lot_level/20260614-181829-29adb4581805-PortfolioDownloadLotLevel.csv,2026-06-14 20:49:00,EST,900001001,x1001,Traditional IRA - x1001,CRM +110 Shares (4 lots),CRM,110,4,06/03/2026,Short term,18.2071318182,16.589,-0.056,16.589,-0.056,18.2071318182,-6.16,-177.9945,1824.79,16.566,16.615,2026-09-02
9e73420ee0a091176433122c41f8c80713630021a9a2d0bb01dbf720133da4e4,data/raw/etrade/portfolio_lot_level/20260614-181829-29adb4581805-PortfolioDownloadLotLevel.csv,2026-06-14 20:49:00,EST,900001001,x1001,Traditional IRA - x1001,CRWD +2 Shares (1 lot),CRWD,2,1,06/05/2026,Short term,69.1205,68.28,-0.873,68.28,-0.873,69.1205,-1.746,-1.681,136.56,68.2,68.35,2026-09-01
9e73420ee0a091176433122c41f8c80713630021a9a2d0bb01dbf720133da4e4,data/raw/etrade/portfolio_lot_level/20260614-181829-29adb4581805-PortfolioDownloadLotLevel.csv,2026-06-14 20:49:00,EST,900001001,x1001,Traditional IRA - x1001,CRWV +80 Shares (4 lots),CRWV,80,4,05/13/2026,Short term,11.1293125,10.055,0.481,10.055,0.481,11.1293125,16.13,-85.945,804.4,10.215,10.225,2026-08-12
9e73420ee0a091176433122c41f8c80713630021a9a2d0bb01dbf720133da4e4,data/raw/etrade/portfolio_lot_level/20260614-181829-29adb4581805-PortfolioDownloadLotLevel.csv,2026-06-14 20:49:00,EST,900001001,x1001,Traditional IRA - x1001,CSTM +250 Shares (3 lots),CSTM,250,3,05/14/2026,Short term,3.330908,3.56,0.085,3.56,0.085,3.330908,21.25,57.273,890,3.5,3.66,2026-07-28
9e73420ee0a091176433122c41f8c80713630021a9a2d0bb01dbf720133da4e4,data/raw/etrade/portfolio_lot_level/20260614-181829-29adb4581805-PortfolioDownloadLotLevel.csv,2026-06-14 20:49:00,EST,900001001,x1001,Traditional IRA - x1001,DDOG +10 Shares (1 lot),DDOG,10,1,06/03/2026,Short term,25.943,22.99,-0.434,22.99,-0.434,25.943,-4.34,-29.53,229.9,22.8,23,2026-08-06
9e73420ee0a091176433122c41f8c80713630021a9a2d0bb01dbf720133da4e4,data/raw/etrade/portfolio_lot_level/20260614-181829-29adb4581805-PortfolioDownloadLotLevel.csv,2026-06-14 20:49:00,EST,900001001,x1001,Traditional IRA - x1001,DRH +1425 Shares (5 lots),DRH,1425,5,05/12/2026,Short term,1.1501754386,1.192,0.008,1.192,0.008,1.1501754386,11.4,59.6,1698.6,1.183,1.196,2026-08-06
9e73420ee0a091176433122c41f8c80713630021a9a2d0bb01dbf720133da4e4,data/raw/etrade/portfolio_lot_level/20260614-181829-29adb4581805-PortfolioDownloadLotLevel.csv,2026-06-14 20:49:00,EST,900001001,x1001,Traditional IRA - x1001,DY +18 Shares (2 lots),DY,18,2,05/29/2026,Short term,50.2725277778,46.9,0.443,46.9,0.443,50.2725277778,7.974,-60.7055,844.2,46.565,51.5,2026-08-26
9e73420ee0a091176433122c41f8c80713630021a9a2d0bb01dbf720133da4e4,data/raw/etrade/portfolio_lot_level/20260614-181829-29adb4581805-PortfolioDownloadLotLevel.csv,2026-06-14 20:49:00,EST,900001001,x1001,Traditional IRA - x1001,EAT +40 Shares (1 lot),EAT,40,1,07/02/2025,Short term,18.2145,15.932,0.059,15.932,0.059,18.2145,2.36,-91.3,637.28,15.901,16.015,2026-08-12
9e73420ee0a091176433122c41f8c80713630021a9a2d0bb01dbf720133da4e4,data/raw/etrade/portfolio_lot_level/20260614-181829-29adb4581805-PortfolioDownloadLotLevel.csv,2026-06-14 20:49:00,EST,900001001,x1001,Traditional IRA - x1001,EMEQ +135 Shares (3 lots),EMEQ,135,3,05/14/2026,Short term,6.6084074074,6.839,0.0551,6.839,0.0551,6.6084074074,7.4385,31.13,923.265,6.007,10.287,--
9e73420ee0a091176433122c41f8c80713630021a9a2d0bb01dbf720133da4e4,data/raw/etrade/portfolio_lot_level/20260614-181829-29adb4581805-PortfolioDownloadLotLevel.csv,2026-06-14 20:49:00,EST,900001001,x1001,Traditional IRA - x1001,EPR +150 Shares (2 lots),EPR,150,2,06/08/2026,Short term,5.8795,5.985,0.069,5.985,0.069,5.8795,10.35,15.825,897.75,5.965,6.032,2026-07-29
9e73420ee0a091176433122c41f8c80713630021a9a2d0bb01dbf720133da4e4,data/raw/etrade/portfolio_lot_level/20260614-181829-29adb4581805-PortfolioDownloadLotLevel.csv,2026-06-14 20:49:00,EST,900001001,x1001,Traditional IRA - x1001,ET +1495 Shares (11 lots),ET,1495,11,05/01/2026,Short term,1.9651065217,1.907,0.031,1.907,0.031,1.9651065217,46.345,-86.86925,2850.965,1.905,1.908,2026-08-05
9e73420ee0a091176433122c41f8c80713630021a9a2d0bb01dbf720133da4e4,data/raw/etrade/portfolio_lot_level/20260614-181829-29adb4581805-PortfolioDownloadLotLevel.csv,2026-06-14 20:49:00,EST,900001001,x1001,Traditional IRA - x1001,ETH +523 Shares (3 lots),ETH,523,3,08/14/2025,Short term,3.3450248566,1.583,-0.015,1.583,-0.015,3.3450248566,-7.845,-921.539,827.909,1.555,1.625,2021-10-28
9e73420ee0a091176433122c41f8c80713630021a9a2d0bb01dbf720133da4e4,data/raw/etrade/portfolio_lot_level/20260614-181829-29adb4581805-PortfolioDownloadLotLevel.csv,2026-06-14 20:49:00,EST,900001001,x1001,Traditional IRA - x1001,EWY +55 Shares (4 lots),EWY,55,4,06/02/2026,Short term,20.9225818182,19.745,-0.149,19.745,-0.149,20.9225818182,-8.195,-64.767,1085.975,19.78,19.894,--
9e73420ee0a091176433122c41f8c80713630021a9a2d0bb01dbf720133da4e4,data/raw/etrade/portfolio_lot_level/20260614-181829-29adb4581805-PortfolioDownloadLotLevel.csv,2026-06-14 20:49:00,EST,900001001,x1001,Traditional IRA - x1001,EZPW +800 Shares (9 lots),EZPW,800,9,05/07/2026,Short term,3.17679,3.125,0.05,3.125,0.05,3.17679,40,-41.432,2500,3.01,3.17,2026-07-29
9e73420ee0a091176433122c41f8c80713630021a9a2d0bb01dbf720133da4e4,data/raw/etrade/portfolio_lot_level/20260614-181829-29adb4581805-PortfolioDownloadLotLevel.csv,2026-06-14 20:49:00,EST,900001001,x1001,Traditional IRA - x1001,FMX +25 Shares (1 lot),FMX,25,1,06/10/2026,Short term,12.288,12.937,0.101,12.937,0.101,12.288,2.525,16.225,323.425,10,13.151,2026-07-28
9e73420ee0a091176433122c41f8c80713630021a9a2d0bb01dbf720133da4e4,data/raw/etrade/portfolio_lot_level/20260614-181829-29adb4581805-PortfolioDownloadLotLevel.csv,2026-06-14 20:49:00,EST,900001001,x1001,Traditional IRA - x1001,FN +10 Shares (2 lots),FN,10,2,06/11/2026,Short term,58.917,61.101,2.877,61.101,2.877,58.917,28.77,21.84,611.01,60.2,61.285,2026-08-17
9e73420ee0a091176433122c41f8c80713630021a9a2d0bb01dbf720133da4e4,data/raw/etrade/portfolio_lot_level/20260614-181829-29adb4581805-PortfolioDownloadLotLevel.csv,2026-06-14 20:49:00,EST,900001001,x1001,Traditional IRA - x1001,FRCB +376 Shares (3 lots),FRCB,376,3,08/14/2017,Long term,1.7655638298,0.000145,0.000075,0.000145,0.000075,1.7655638298,0.0282,-663.79748,0.05452,0,0,2023-07-27
9e73420ee0a091176433122c41f8c80713630021a9a2d0bb01dbf720133da4e4,data/raw/etrade/portfolio_lot_level/20260614-181829-29adb4581805-PortfolioDownloadLotLevel.csv,2026-06-14 20:49:00,EST,900001001,x1001,Traditional IRA - x1001,GDE +80 Shares (2 lots),GDE,80,2,02/24/2026,Short term,7.0324875,6.357,0.042,6.357,0.042,7.0324875,3.36,-54.039,508.56,5.7,7.6,--
9e73420ee0a091176433122c41f8c80713630021a9a2d0bb01dbf720133da4e4,data/raw/etrade/portfolio_lot_level/20260614-181829-29adb4581805-PortfolioDownloadLotLevel.csv,2026-06-14 20:49:00,EST,900001001,x1001,Traditional IRA - x1001,GDMN +400 Shares (5 lots),GDMN,400,5,06/12/2026,Short term,8.02335,8.021,0.166,8.021,0.166,8.02335,-0.94,-0.94,3208.4,6.935,8.2,--
9e73420ee0a091176433122c41f8c80713630021a9a2d0bb01dbf720133da4e4,data/raw/etrade/portfolio_lot_level/20260614-181829-29adb4581805-PortfolioDownloadLotLevel.csv,2026-06-14 20:49:00,EST,900001001,x1001,Traditional IRA - x1001,GM +200 Shares (6 lots),GM,200,6,06/02/2026,Short term,8.1775575,8.15,0.065,8.15,0.065,8.1775575,13,-5.5115,1630,8.11,8.15,2026-07-21
9e73420ee0a091176433122c41f8c80713630021a9a2d0bb01dbf720133da4e4,data/raw/etrade/portfolio_lot_level/20260614-181829-29adb4581805-PortfolioDownloadLotLevel.csv,2026-06-14 20:49:00,EST,900001001,x1001,Traditional IRA - x1001,GOOG +45 Shares (7 lots),GOOG,45,7,05/29/2026,Short term,37.1388666667,35.816,0.16,35.816,0.16,37.1388666667,7.2,-59.529,1611.72,35.903,35.92,2026-07-23
9e73420ee0a091176433122c41f8c80713630021a9a2d0bb01dbf720133da4e4,data/raw/etrade/portfolio_lot_level/20260614-181829-29adb4581805-PortfolioDownloadLotLevel.csv,2026-06-14 20:49:00,EST,900001001,x1001,Traditional IRA - x1001,HHH +135 Shares (5 lots),HHH,135,5,10/08/2025,Short term,8.4053777778,6.686,0.02,6.686,0.02,8.4053777778,2.7,-232.116,902.61,6.646,6.736,2026-08-05
9e73420ee0a091176433122c41f8c80713630021a9a2d0bb01dbf720133da4e4,data/raw/etrade/portfolio_lot_level/20260614-181829-29adb4581805-PortfolioDownloadLotLevel.csv,2026-06-14 20:49:00,EST,900001001,x1001,Traditional IRA - x1001,IAUM +400 Shares (6 lots),IAUM,400,6,03/02/2026,Short term,4.974875,4.196,0.004,4.196,0.004,4.974875,2.5,-311.55,1678.4,4.17,4.207,--
9e73420ee0a091176433122c41f8c80713630021a9a2d0bb01dbf720133da4e4,data/raw/etrade/portfolio_lot_level/20260614-181829-29adb4581805-PortfolioDownloadLotLevel.csv,2026-06-14 20:49:00,EST,900001001,x1001,Traditional IRA - x1001,IBIT +200 Shares (1 lot),IBIT,200,1,06/12/2026,Short term,3.5875,3.604,-0.001,3.604,-0.001,3.5875,3.3,3.3,720.8,3.598,3.6,--
9e73420ee0a091176433122c41f8c80713630021a9a2d0bb01dbf720133da4e4,data/raw/etrade/portfolio_lot_level/20260614-181829-29adb4581805-PortfolioDownloadLotLevel.csv,2026-06-14 20:49:00,EST,900001001,x1001,Traditional IRA - x1001,ICHR +110 Shares (2 lots),ICHR,110,2,06/11/2026,Short term,7.9782727273,8.68,0.276,8.68,0.276,7.9782727273,20.61,77.19,954.8,8.6,8.815,2026-08-04
9e73420ee0a091176433122c41f8c80713630021a9a2d0bb01dbf720133da4e4,data/raw/etrade/portfolio_lot_level/20260614-181829-29adb4581805-PortfolioDownloadLotLevel.csv,2026-06-14 20:49:00,EST,900001001,x1001,Traditional IRA - x1001,IGM +45 Shares (1 lot),IGM,45,1,06/02/2026,Short term,17.0108888889,15.936,0.109,15.936,0.109,17.0108888889,4.905,-48.37,717.12,15.825,16.105,--
9e73420ee0a091176433122c41f8c80713630021a9a2d0bb01dbf720133da4e4,data/raw/etrade/portfolio_lot_level/20260614-181829-29adb4581805-PortfolioDownloadLotLevel.csv,2026-06-14 20:49:00,EST,900001001,x1001,Traditional IRA - x1001,INCY +75 Shares (1 lot),INCY,75,1,06/10/2026,Short term,10.855,10.853,0.07,10.853,0.07,10.855,5.25,-0.15,813.975,10.5,10.95,2026-07-28
9e73420ee0a091176433122c41f8c80713630021a9a2d0bb01dbf720133da4e4,data/raw/etrade/portfolio_lot_level/20260614-181829-29adb4581805-PortfolioDownloadLotLevel.csv,2026-06-14 20:49:00,EST,900001001,x1001,Traditional IRA - x1001,INDV +325 Shares (4 lots),INDV,325,4,06/08/2026,Short term,3.8175753846,3.848,0.035,3.848,0.035,3.8175753846,11.375,9.888,1250.6,3.695,3.9,2026-08-06
9e73420ee0a091176433122c41f8c80713630021a9a2d0bb01dbf720133da4e4,data/raw/etrade/portfolio_lot_level/20260614-181829-29adb4581805-PortfolioDownloadLotLevel.csv,2026-06-14 20:49:00,EST,900001001,x1001,Traditional IRA - x1001,JAZZ +15 Shares (1 lot),JAZZ,15,1,06/08/2026,Short term,23.1895333333,23.056,-0.561,23.056,-0.561,23.1895333333,-8.415,-2.003,345.84,22.5,23.988,2026-08-04
9e73420ee0a091176433122c41f8c80713630021a9a2d0bb01dbf720133da4e4,data/raw/etrade/portfolio_lot_level/20260614-181829-29adb4581805-PortfolioDownloadLotLevel.csv,2026-06-14 20:49:00,EST,900001001,x1001,Traditional IRA - x1001,KGC +366 Shares (4 lots),KGC,366,4,01/21/2026,Short term,3.0917213115,2.558,0.072,2.558,0.072,3.0917213115,26.352,-195.342,936.228,2.558,2.566,2026-07-29
9e73420ee0a091176433122c41f8c80713630021a9a2d0bb01dbf720133da4e4,data/raw/etrade/portfolio_lot_level/20260614-181829-29adb4581805-PortfolioDownloadLotLevel.csv,2026-06-14 20:49:00,EST,900001001,x1001,Traditional IRA - x1001,LRN +30 Shares (1 lot),LRN,30,1,09/10/2025,Short term,16.36,9.771,-0.176,9.771,-0.176,16.36,-5.28,-197.67,293.13,9.24,10.231,2026-08-04
9e73420ee0a091176433122c41f8c80713630021a9a2d0bb01dbf720133da4e4,data/raw/etrade/portfolio_lot_level/20260614-181829-29adb4581805-PortfolioDownloadLotLevel.csv,2026-06-14 20:49:00,EST,900001001,x1001,Traditional IRA - x1001,MDLZ +15 Shares (1 lot),MDLZ,15,1,06/12/2026,Short term,6.332,6.299,-0.037,6.299,-0.037,6.332,-0.495,-0.495,94.485,6.249,6.308,2026-07-28
9e73420ee0a091176433122c41f8c80713630021a9a2d0bb01dbf720133da4e4,data/raw/etrade/portfolio_lot_level/20260614-181829-29adb4581805-PortfolioDownloadLotLevel.csv,2026-06-14 20:49:00,EST,900001001,x1001,Traditional IRA - x1001,MKOR +115 Shares (2 lots),MKOR,115,2,05/27/2026,Short term,6.6350217391,6.70095,0.12095,6.70095,0.12095,6.6350217391,4.12175,7.58175,770.60925,4.001,99.999,--
9e73420ee0a091176433122c41f8c80713630021a9a2d0bb01dbf720133da4e4,data/raw/etrade/portfolio_lot_level/20260614-181829-29adb4581805-PortfolioDownloadLotLevel.csv,2026-06-14 20:49:00,EST,900001001,x1001,Traditional IRA - x1001,MLPI +305 Shares (7 lots),MLPI,305,7,05/15/2026,Short term,5.6894721311,5.616,0.047,5.616,0.047,5.6894721311,14.335,-22.409,1712.88,5.566,5.64,--
9e73420ee0a091176433122c41f8c80713630021a9a2d0bb01dbf720133da4e4,data/raw/etrade/portfolio_lot_level/20260614-181829-29adb4581805-PortfolioDownloadLotLevel.csv,2026-06-14 20:49:00,EST,900001001,x1001,Traditional IRA - x1001,MRK +350 Shares (5 lots),MRK,350,5,02/18/2026,Short term,12.0220571429,11.905,-0.171,11.905,-0.171,12.0220571429,-54.269995,-40.97,4166.75,11.91,11.938,2026-08-04
9e73420ee0a091176433122c41f8c80713630021a9a2d0bb01dbf720133da4e4,data/raw/etrade/portfolio_lot_level/20260614-181829-29adb4581805-PortfolioDownloadLotLevel.csv,2026-06-14 20:49:00,EST,900001001,x1001,Traditional IRA - x1001,MSFT +130 Shares (17 lots),MSFT,130,17,04/29/2026,Short term,41.7847846154,39.074,0.04,39.074,0.04,41.7847846154,8.05,-352.402,5079.62,39.06,39.07,2026-07-29
9e73420ee0a091176433122c41f8c80713630021a9a2d0bb01dbf720133da4e4,data/raw/etrade/portfolio_lot_level/20260614-181829-29adb4581805-PortfolioDownloadLotLevel.csv,2026-06-14 20:49:00,EST,900001001,x1001,Traditional IRA - x1001,MTZ +7 Shares (1 lot),MTZ,7,1,06/11/2026,Short term,35.1115714286,36.297,0.447,36.297,0.447,35.1115714286,3.129,8.298,254.079,35.501,37,2026-07-30
9e73420ee0a091176433122c41f8c80713630021a9a2d0bb01dbf720133da4e4,data/raw/etrade/portfolio_lot_level/20260614-181829-29adb4581805-PortfolioDownloadLotLevel.csv,2026-06-14 20:49:00,EST,900001001,x1001,Traditional IRA - x1001,MXL +90 Shares (2 lots),MXL,90,2,06/05/2026,Short term,8.4690388889,8.446,0.337,8.446,0.337,8.4690388889,30.33,-2.0735,760.14,8.49,8.533,2026-07-22
9e73420ee0a091176433122c41f8c80713630021a9a2d0bb01dbf720133da4e4,data/raw/etrade/portfolio_lot_level/20260614-181829-29adb4581805-PortfolioDownloadLotLevel.csv,2026-06-14 20:49:00,EST,900001001,x1001,Traditional IRA - x1001,MYRG +25 Shares (2 lots),MYRG,25,2,05/29/2026,Short term,46.323,44.572,2.064,44.572,2.064,46.323,51.6,-43.775,1114.3,40.5,49.304,2026-07-29
9e73420ee0a091176433122c41f8c80713630021a9a2d0bb01dbf720133da4e4,data/raw/etrade/portfolio_lot_level/20260614-181829-29adb4581805-PortfolioDownloadLotLevel.csv,2026-06-14 20:49:00,EST,900001001,x1001,Traditional IRA - x1001,NBIS +5 Shares (1 lot),NBIS,5,1,06/08/2026,Short term,23.862,23.236,1.012,23.236,1.012,23.862,5.06,-3.13,116.18,23.583,23.585,2026-08-06
9e73420ee0a091176433122c41f8c80713630021a9a2d0bb01dbf720133da4e4,data/raw/etrade/portfolio_lot_level/20260614-181829-29adb4581805-PortfolioDownloadLotLevel.csv,2026-06-14 20:49:00,EST,900001001,x1001,Traditional IRA - x1001,NEM +90 Shares (3 lots),NEM,90,3,02/20/2026,Short term,11.7214111111,10.023,0.264,10.023,0.264,11.7214111111,23.76,-152.857,902.07,10.026,10.1,2026-07-23
9e73420ee0a091176433122c41f8c80713630021a9a2d0bb01dbf720133da4e4,data/raw/etrade/portfolio_lot_level/20260614-181829-29adb4581805-PortfolioDownloadLotLevel.csv,2026-06-14 20:49:00,EST,900001001,x1001,Traditional IRA - x1001,NEXA +900 Shares (4 lots),NEXA,900,4,05/15/2026,Short term,1.5518933333,1.373,0.082,1.373,0.082,1.5518933333,73.8,-161.004,1235.7,1.375,1.387,2026-07-30
9e73420ee0a091176433122c41f8c80713630021a9a2d0bb01dbf720133da4e4,data/raw/etrade/portfolio_lot_level/20260614-181829-29adb4581805-PortfolioDownloadLotLevel.csv,2026-06-14 20:49:00,EST,900001001,x1001,Traditional IRA - x1001,NLCP +1200 Shares (3 lots),NLCP,1200,3,05/29/2026,Short term,1.5302083333,1.535,0.009,1.535,0.009,1.5312741667,10.8,4.471,1842,1.526,1.535,2026-08-05
9e73420ee0a091176433122c41f8c80713630021a9a2d0bb01dbf720133da4e4,data/raw/etrade/portfolio_lot_level/20260614-181829-29adb4581805-PortfolioDownloadLotLevel.csv,2026-06-14 20:49:00,EST,900001001,x1001,Traditional IRA - x1001,NVDA +45 Shares (1 lot),NVDA,45,1,06/03/2026,Short term,21.69,20.519,0.032,20.519,0.032,21.69,1.44,-52.695,923.355,20.542,20.544,2026-08-26
9e73420ee0a091176433122c41f8c80713630021a9a2d0bb01dbf720133da4e4,data/raw/etrade/portfolio_lot_level/20260614-181829-29adb4581805-PortfolioDownloadLotLevel.csv,2026-06-14 20:49:00,EST,900001001,x1001,Traditional IRA - x1001,PARR +338 Shares (7 lots),PARR,338,7,05/04/2026,Short term,6.105795858,5.582,0.044,5.582,0.044,6.105795858,14.872,-177.043,1886.716,5.45,5.678,2026-08-04
9e73420ee0a091176433122c41f8c80713630021a9a2d0bb01dbf720133da4e4,data/raw/etrade/portfolio_lot_level/20260614-181829-29adb4581805-PortfolioDownloadLotLevel.csv,2026-06-14 20:49:00,EST,900001001,x1001,Traditional IRA - x1001,PBR +375 Shares (3 lots),PBR,375,3,06/08/2026,Short term,1.8059053333,1.838,0.014,1.838,0.014,1.8059053333,5.25,12.0355,689.25,1.825,1.84,2026-08-06
9e73420ee0a091176433122c41f8c80713630021a9a2d0bb01dbf720133da4e4,data/raw/etrade/portfolio_lot_level/20260614-181829-29adb4581805-PortfolioDownloadLotLevel.csv,2026-06-14 20:49:00,EST,900001001,x1001,Traditional IRA - x1001,PINE +2995 Shares (10 lots),PINE,2995,10,04/30/2026,Short term,1.9647707813,2.015,0.04,2.015,0.04,1.9647707813,119.8,150.43651,6034.925,1.95,2.021,2026-07-23
9e73420ee0a091176433122c41f8c80713630021a9a2d0bb01dbf720133da4e4,data/raw/etrade/portfolio_lot_level/20260614-181829-29adb4581805-PortfolioDownloadLotLevel.csv,2026-06-14 20:49:00,EST,900001001,x1001,Traditional IRA - x1001,PLTR +180 Shares (4 lots),PLTR,180,4,06/02/2026,Short term,15.2067944444,12.799,-0.309,12.799,-0.309,15.2067944444,-55.62,-433.403,2303.82,12.821,12.822,2026-08-03
9e73420ee0a091176433122c41f8c80713630021a9a2d0bb01dbf720133da4e4,data/raw/etrade/portfolio_lot_level/20260614-181829-29adb4581805-PortfolioDownloadLotLevel.csv,2026-06-14 20:49:00,EST,900001001,x1001,Traditional IRA - x1001,PM +5 Shares (1 lot),PM,5,1,06/12/2026,Short term,18.1,18.43,0.353,18.43,0.353,18.1,1.65,1.65,92.15,18.168,18.58,2026-07-22
9e73420ee0a091176433122c41f8c80713630021a9a2d0bb01dbf720133da4e4,data/raw/etrade/portfolio_lot_level/20260614-181829-29adb4581805-PortfolioDownloadLotLevel.csv,2026-06-14 20:49:00,EST,900001001,x1001,Traditional IRA - x1001,PPLT +530 Shares (6 lots),PPLT,530,6,01/15/2026,Short term,2.0556981132,1.554,-0.009,1.554,-0.009,2.0556981132,-4.77,-265.9,823.62,1.551,1.57,--
9e73420ee0a091176433122c41f8c80713630021a9a2d0bb01dbf720133da4e4,data/raw/etrade/portfolio_lot_level/20260614-181829-29adb4581805-PortfolioDownloadLotLevel.csv,2026-06-14 20:49:00,EST,900001001,x1001,Traditional IRA - x1001,PSIX +125 Shares (2 lots),PSIX,125,2,06/11/2026,Short term,4.0092,4.072,0.014,4.072,0.014,4.0092,-5.425,7.85,509,4.053,4.179,2026-08-06
9e73420ee0a091176433122c41f8c80713630021a9a2d0bb01dbf720133da4e4,data/raw/etrade/portfolio_lot_level/20260614-181829-29adb4581805-PortfolioDownloadLotLevel.csv,2026-06-14 20:49:00,EST,900001001,x1001,Traditional IRA - x1001,PSTL +1050 Shares (12 lots),PSTL,1050,12,03/05/2026,Short term,2.2629166667,2.389,0.03,2.389,0.03,2.2629166667,31.5,132.3875,2508.45,2.3,2.45,2026-08-03
9e73420ee0a091176433122c41f8c80713630021a9a2d0bb01dbf720133da4e4,data/raw/etrade/portfolio_lot_level/20260614-181829-29adb4581805-PortfolioDownloadLotLevel.csv,2026-06-14 20:49:00,EST,900001001,x1001,Traditional IRA - x1001,PSUS +970 Shares (10 lots),PSUS,970,10,05/28/2026,Short term,3.8518953608,3.788,0.062,3.788,0.062,3.8518953608,60.14,-61.9785,3674.36,3.774,3.9,--
9e73420ee0a091176433122c41f8c80713630021a9a2d0bb01dbf720133da4e4,data/raw/etrade/portfolio_lot_level/20260614-181829-29adb4581805-PortfolioDownloadLotLevel.csv,2026-06-14 20:49:00,EST,900001001,x1001,Traditional IRA - x1001,REMX +120 Shares (6 lots),REMX,120,6,05/08/2026,Short term,9.7893333333,9.55,0.254,9.55,0.254,9.7893333333,30.48,-28.72,1146,9.525,9.63,--
9e73420ee0a091176433122c41f8c80713630021a9a2d0bb01dbf720133da4e4,data/raw/etrade/portfolio_lot_level/20260614-181829-29adb4581805-PortfolioDownloadLotLevel.csv,2026-06-14 20:49:00,EST,900001001,x1001,Traditional IRA - x1001,RTX +70 Shares (3 lots),RTX,70,3,05/29/2026,Short term,18.0205928571,18.353,-0.068,18.353,-0.068,18.0205928571,-4.76,23.2685,1284.71,18.276,18.4,2026-07-21
9e73420ee0a091176433122c41f8c80713630021a9a2d0bb01dbf720133da4e4,data/raw/etrade/portfolio_lot_level/20260614-181829-29adb4581805-PortfolioDownloadLotLevel.csv,2026-06-14 20:49:00,EST,900001001,x1001,Traditional IRA - x1001,SHLD +130 Shares (2 lots),SHLD,130,2,04/10/2026,Short term,6.8652,6.382,-0.133,6.382,-0.133,6.8652,-17.29,-62.816,829.66,6.39,6.5,2018-11-30
9e73420ee0a091176433122c41f8c80713630021a9a2d0bb01dbf720133da4e4,data/raw/etrade/portfolio_lot_level/20260614-181829-29adb4581805-PortfolioDownloadLotLevel.csv,2026-06-14 20:49:00,EST,900001001,x1001,Traditional IRA - x1001,SIL +90 Shares (3 lots),SIL,90,3,01/28/2026,Short term,10.5026,8.168,0.259,8.168,0.259,10.5026,23.31,-210.114,735.12,8.175,8.238,--
9e73420ee0a091176433122c41f8c80713630021a9a2d0bb01dbf720133da4e4,data/raw/etrade/portfolio_lot_level/20260614-181829-29adb4581805-PortfolioDownloadLotLevel.csv,2026-06-14 20:49:00,EST,900001001,x1001,Traditional IRA - x1001,SIVR +140 Shares (3 lots),SIVR,140,3,03/02/2026,Short term,8.3707892857,6.443,0.05,6.443,0.05,8.3707892857,7,-269.8905,902.02,6.441,6.466,--
9e73420ee0a091176433122c41f8c80713630021a9a2d0bb01dbf720133da4e4,data/raw/etrade/portfolio_lot_level/20260614-181829-29adb4581805-PortfolioDownloadLotLevel.csv,2026-06-14 20:49:00,EST,900001001,x1001,Traditional IRA - x1001,SLV +125 Shares (5 lots),SLV,125,5,03/02/2026,Short term,7.463832,6.129,0.047,6.129,0.047,7.463832,5.875,-166.854,766.125,6.145,6.15,--
9e73420ee0a091176433122c41f8c80713630021a9a2d0bb01dbf720133da4e4,data/raw/etrade/portfolio_lot_level/20260614-181829-29adb4581805-PortfolioDownloadLotLevel.csv,2026-06-14 20:49:00,EST,900001001,x1001,Traditional IRA - x1001,SMCI +350 Shares (4 lots),SMCI,350,4,06/03/2026,Short term,3.51772,3.046,-0.151,3.046,-0.151,3.51772,-11.402003,-165.102,1066.1,3.082,3.085,2026-08-04
9e73420ee0a091176433122c41f8c80713630021a9a2d0bb01dbf720133da4e4,data/raw/etrade/portfolio_lot_level/20260614-181829-29adb4581805-PortfolioDownloadLotLevel.csv,2026-06-14 20:49:00,EST,900001001,x1001,Traditional IRA - x1001,SOXX +25 Shares (2 lots),SOXX,25,2,06/08/2026,Short term,58.2034,59.625,0.932,59.625,0.932,58.2034,18.71,35.54,1490.625,59.98,60.055,--
9e73420ee0a091176433122c41f8c80713630021a9a2d0bb01dbf720133da4e4,data/raw/etrade/portfolio_lot_level/20260614-181829-29adb4581805-PortfolioDownloadLotLevel.csv,2026-06-14 20:49:00,EST,900001001,x1001,Traditional IRA - x1001,SPCX +150 Shares (2 lots),SPCX,150,2,06/12/2026,Short term,16.4576666667,16.095,2.595,16.095,2.595,16.4576666667,-54.4,-54.4,2414.25,16.671,16.685,--
9e73420ee0a091176433122c41f8c80713630021a9a2d0bb01dbf720133da4e4,data/raw/etrade/portfolio_lot_level/20260614-181829-29adb4581805-PortfolioDownloadLotLevel.csv,2026-06-14 20:49:00,EST,900001001,x1001,Traditional IRA - x1001,SPMO +244 Shares (2 lots),SPMO,244,2,06/12/2026,Short term,15.2090778689,15.248,0.19,15.248,0.19,15.2090778689,9.4969984,9.497,3720.512,15.268,15.3,--
9e73420ee0a091176433122c41f8c80713630021a9a2d0bb01dbf720133da4e4,data/raw/etrade/portfolio_lot_level/20260614-181829-29adb4581805-PortfolioDownloadLotLevel.csv,2026-06-14 20:49:00,EST,900001001,x1001,Traditional IRA - x1001,SSRM +700 Shares (4 lots),SSRM,700,4,04/08/2026,Short term,3.3917235714,2.723,0.091,2.723,0.091,3.3917235714,63.7,-468.1065,1906.1,2.723,2.73,2026-08-04
9e73420ee0a091176433122c41f8c80713630021a9a2d0bb01dbf720133da4e4,data/raw/etrade/portfolio_lot_level/20260614-181829-29adb4581805-PortfolioDownloadLotLevel.csv,2026-06-14 20:49:00,EST,900001001,x1001,Traditional IRA - x1001,STRL +15 Shares (1 lot),STRL,15,1,06/08/2026,Short term,89.434,85.899,2.044,85.899,2.044,89.434,30.66,-53.025,1288.485,86.2,86.5,2026-08-03
9e73420ee0a091176433122c41f8c80713630021a9a2d0bb01dbf720133da4e4,data/raw/etrade/portfolio_lot_level/20260614-181829-29adb4581805-PortfolioDownloadLotLevel.csv,2026-06-14 20:49:00,EST,900001001,x1001,Traditional IRA - x1001,SYF +110 Shares (3 lots),SYF,110,3,09/10/2025,Short term,7.5827,7.336,0.103,7.336,0.103,7.5827,11.33,-27.137,806.96,6.9,7.4,2026-07-21
9e73420ee0a091176433122c41f8c80713630021a9a2d0bb01dbf720133da4e4,data/raw/etrade/portfolio_lot_level/20260614-181829-29adb4581805-PortfolioDownloadLotLevel.csv,2026-06-14 20:49:00,EST,900001001,x1001,Traditional IRA - x1001,THG +175 Shares (6 lots),THG,175,6,06/08/2026,Short term,19.5966371429,19.765,0.253,19.765,0.253,19.5966371429,44.275,29.4635,3458.875,19.727,19.834,2026-07-29
9e73420ee0a091176433122c41f8c80713630021a9a2d0bb01dbf720133da4e4,data/raw/etrade/portfolio_lot_level/20260614-181829-29adb4581805-PortfolioDownloadLotLevel.csv,2026-06-14 20:49:00,EST,900001001,x1001,Traditional IRA - x1001,TIGO +50 Shares (1 lot),TIGO,50,1,06/10/2026,Short term,8.96064,9.377,0.166,9.377,0.166,8.96064,8.3,20.818,468.85,9.379,9.501,2026-08-06
9e73420ee0a091176433122c41f8c80713630021a9a2d0bb01dbf720133da4e4,data/raw/etrade/portfolio_lot_level/20260614-181829-29adb4581805-PortfolioDownloadLotLevel.csv,2026-06-14 20:49:00,EST,900001001,x1001,Traditional IRA - x1001,TSLA +50 Shares (5 lots),TSLA,50,5,01/15/2026,Short term,39.69896,40.643,0.728,40.643,0.728,39.69896,36.4,47.202,2032.15,40.6,40.61,2026-07-22
9e73420ee0a091176433122c41f8c80713630021a9a2d0bb01dbf720133da4e4,data/raw/etrade/portfolio_lot_level/20260614-181829-29adb4581805-PortfolioDownloadLotLevel.csv,2026-06-14 20:49:00,EST,900001001,x1001,Traditional IRA - x1001,TTMI +50 Shares (3 lots),TTMI,50,3,05/28/2026,Short term,18.89596,19.405,0.684,19.405,0.684,18.89596,23.58,25.452,970.25,19.57,19.8,2026-07-29
9e73420ee0a091176433122c41f8c80713630021a9a2d0bb01dbf720133da4e4,data/raw/etrade/portfolio_lot_level/20260614-181829-29adb4581805-PortfolioDownloadLotLevel.csv,2026-06-14 20:49:00,EST,900001001,x1001,Traditional IRA - x1001,UBER +200 Shares (5 lots),UBER,200,5,07/15/2025,Short term,8.799465,6.885,-0.07,6.885,-0.07,8.799465,-14,-382.893,1377,6.882,6.886,2026-08-05
9e73420ee0a091176433122c41f8c80713630021a9a2d0bb01dbf720133da4e4,data/raw/etrade/portfolio_lot_level/20260614-181829-29adb4581805-PortfolioDownloadLotLevel.csv,2026-06-14 20:49:00,EST,900001001,x1001,Traditional IRA - x1001,UNFI +550 Shares (9 lots),UNFI,550,9,05/20/2026,Short term,5.2115772727,5.039,0.053,5.039,0.053,5.2115772727,29.15,-94.9175,2771.45,4.915,5.318,2026-09-29
9e73420ee0a091176433122c41f8c80713630021a9a2d0bb01dbf720133da4e4,data/raw/etrade/portfolio_lot_level/20260614-181829-29adb4581805-PortfolioDownloadLotLevel.csv,2026-06-14 20:49:00,EST,900001001,x1001,Traditional IRA - x1001,UNH +125 Shares (4 lots),UNH,125,4,06/10/2026,Short term,40.69704,40.852,0.297,40.852,0.297,40.69704,25.87,19.37,5106.5,40.79,40.9,2026-07-16
9e73420ee0a091176433122c41f8c80713630021a9a2d0bb01dbf720133da4e4,data/raw/etrade/portfolio_lot_level/20260614-181829-29adb4581805-PortfolioDownloadLotLevel.csv,2026-06-14 20:49:00,EST,900001001,x1001,Traditional IRA - x1001,URA +110 Shares (4 lots),URA,110,4,10/31/2025,Short term,5.4212863636,4.552,0.069,4.552,0.069,5.4212863636,7.59,-95.6215,500.72,4.563,4.59,--
9e73420ee0a091176433122c41f8c80713630021a9a2d0bb01dbf720133da4e4,data/raw/etrade/portfolio_lot_level/20260614-181829-29adb4581805-PortfolioDownloadLotLevel.csv,2026-06-14 20:49:00,EST,900001001,x1001,Traditional IRA - x1001,USAR +600 Shares (3 lots),USAR,600,3,06/08/2026,Short term,2.20196,2.199,-0.057,2.199,-0.057,2.20196,-34.2,-1.776,1319.4,2.2,2.204,2026-08-10
9e73420ee0a091176433122c41f8c80713630021a9a2d0bb01dbf720133da4e4,data/raw/etrade/portfolio_lot_level/20260614-181829-29adb4581805-PortfolioDownloadLotLevel.csv,2026-06-14 20:49:00,EST,900001001,x1001,Traditional IRA - x1001,USO +165 Shares (3 lots),USO,165,3,06/09/2026,Short term,13.1861818182,12.543,-0.34,12.543,-0.34,13.1861818182,-56.1,-106.125,2069.595,12.545,12.55,--
9e73420ee0a091176433122c41f8c80713630021a9a2d0bb01dbf720133da4e4,data/raw/etrade/portfolio_lot_level/20260614-181829-29adb4581805-PortfolioDownloadLotLevel.csv,2026-06-14 20:49:00,EST,900001001,x1001,Traditional IRA - x1001,VGSH +100 Shares (1 lot),VGSH,100,1,05/26/2026,Short term,5.82499,5.816,-0.002,5.816,-0.002,5.82499,-0.2,-0.899,581.6,5.816,5.825,--
9e73420ee0a091176433122c41f8c80713630021a9a2d0bb01dbf720133da4e4,data/raw/etrade/portfolio_lot_level/20260614-181829-29adb4581805-PortfolioDownloadLotLevel.csv,2026-06-14 20:49:00,EST,900001001,x1001,Traditional IRA - x1001,VRT +5 Shares (1 lot),VRT,5,1,05/14/2026,Short term,37.113,30.287,0.499,30.287,0.499,37.113,2.495,-34.13,151.435,30.36,30.48,2026-07-29
9e73420ee0a091176433122c41f8c80713630021a9a2d0bb01dbf720133da4e4,data/raw/etrade/portfolio_lot_level/20260614-181829-29adb4581805-PortfolioDownloadLotLevel.csv,2026-06-14 20:49:00,EST,900001001,x1001,Traditional IRA - x1001,VTIP +100 Shares (1 lot),VTIP,100,1,05/27/2026,Short term,5.0335,5.035,-0.002,5.035,-0.002,5.0335,-0.2,0.15,503.5,5.03,5.046,--
9e73420ee0a091176433122c41f8c80713630021a9a2d0bb01dbf720133da4e4,data/raw/etrade/portfolio_lot_level/20260614-181829-29adb4581805-PortfolioDownloadLotLevel.csv,2026-06-14 20:49:00,EST,900001001,x1001,Traditional IRA - x1001,XOM +125 Shares (3 lots),XOM,125,3,06/10/2026,Short term,15.0982,14.701,0.041,14.701,0.041,15.0982,5.125,-49.65,1837.625,14.679,14.7,2026-07-31
75da632b6d88410327751e98f443d04e2c80759f5318eecd3ca64d9455bef96c,data/raw/etrade/portfolio_lot_level/20260616-170446-98736df49fee-PositionsLotLevel.csv,2026-06-16 19:58:00,EST,900001002,x1002,Individual Brokerage - x1002,LITE +5 Shares (3 lots),LITE,5,3,04/14/2026,Short term,88.3588,87.536,-8.188,87.536,-8.188,88.3588,-40.94,-4.114,437.68,88,88.25,2026-08-12
75da632b6d88410327751e98f443d04e2c80759f5318eecd3ca64d9455bef96c,data/raw/etrade/portfolio_lot_level/20260616-170446-98736df49fee-PositionsLotLevel.csv,2026-06-16 19:58:00,EST,900001003,x1003,Partnership / LLC / LLP - x1003,AGX +13 Shares (2 lots),AGX,13,2,01/24/2025,Mixed term,22.2223846154,69.039,0.152,69.039,0.152,22.2223846154,1.976,608.616,897.507,68.5,69.2,2026-09-03
75da632b6d88410327751e98f443d04e2c80759f5318eecd3ca64d9455bef96c,data/raw/etrade/portfolio_lot_level/20260616-170446-98736df49fee-PositionsLotLevel.csv,2026-06-16 19:58:00,EST,900001003,x1003,Partnership / LLC / LLP - x1003,AMZN +62 Shares (6 lots),AMZN,62,6,12/04/2025,Short term,22.4797096774,24.6,-0.002,24.6,-0.002,22.4797096774,-0.124,131.458,1525.2,24.57,24.577,2026-07-30
75da632b6d88410327751e98f443d04e2c80759f5318eecd3ca64d9455bef96c,data/raw/etrade/portfolio_lot_level/20260616-170446-98736df49fee-PositionsLotLevel.csv,2026-06-16 19:58:00,EST,900001003,x1003,Partnership / LLC / LLP - x1003,CLS +44 Shares (4 lots),CLS,44,4,03/25/2025,Mixed term,13.6952727273,38.201,-2.144,38.201,-2.144,13.6952727273,-94.336,1078.252,1680.844,38.262,38.36,2026-07-27
75da632b6d88410327751e98f443d04e2c80759f5318eecd3ca64d9455bef96c,data/raw/etrade/portfolio_lot_level/20260616-170446-98736df49fee-PositionsLotLevel.csv,2026-06-16 19:58:00,EST,900001003,x1003,Partnership / LLC / LLP - x1003,CRDO +134 Shares (7 lots),CRDO,134,7,01/09/2026,Short term,14.1369820896,23.918,-2.023,23.918,-2.023,14.1369820896,-271.082,1310.6564,3205.012,23.94,24,2026-09-02
75da632b6d88410327751e98f443d04e2c80759f5318eecd3ca64d9455bef96c,data/raw/etrade/portfolio_lot_level/20260616-170446-98736df49fee-PositionsLotLevel.csv,2026-06-16 19:58:00,EST,900001003,x1003,Partnership / LLC / LLP - x1003,GDE +20 Shares (1 lot),GDE,20,1,02/27/2026,Short term,7.58805,6.574,0.007,6.574,0.007,7.58805,0.14,-20.281,131.48,6.012,6.885,--
75da632b6d88410327751e98f443d04e2c80759f5318eecd3ca64d9455bef96c,data/raw/etrade/portfolio_lot_level/20260616-170446-98736df49fee-PositionsLotLevel.csv,2026-06-16 19:58:00,EST,900001003,x1003,Partnership / LLC / LLP - x1003,GDMN +127 Shares (3 lots),GDMN,127,3,11/11/2025,Short term,8.3555787402,8.844,0.215,8.844,0.215,8.3555787402,27.305,62.0295,1123.188,8.64,9.4,--
75da632b6d88410327751e98f443d04e2c80759f5318eecd3ca64d9455bef96c,data/raw/etrade/portfolio_lot_level/20260616-170446-98736df49fee-PositionsLotLevel.csv,2026-06-16 19:58:00,EST,900001003,x1003,Partnership / LLC / LLP - x1003,GRNJ +340 Shares (2 lots),GRNJ,340,2,04/02/2026,Short term,2.7810676471,3.153,-0.039,3.153,-0.039,2.7810676471,-13.26,126.457,1072.02,3.15,3.205,--
75da632b6d88410327751e98f443d04e2c80759f5318eecd3ca64d9455bef96c,data/raw/etrade/portfolio_lot_level/20260616-170446-98736df49fee-PositionsLotLevel.csv,2026-06-16 19:58:00,EST,900001003,x1003,Partnership / LLC / LLP - x1003,GRNY +390 Shares (3 lots),GRNY,390,3,04/16/2026,Short term,2.6232153846,2.745,-0.019,2.745,-0.019,2.6232153846,-7.41,47.496,1070.55,2.738,2.75,--
75da632b6d88410327751e98f443d04e2c80759f5318eecd3ca64d9455bef96c,data/raw/etrade/portfolio_lot_level/20260616-170446-98736df49fee-PositionsLotLevel.csv,2026-06-16 19:58:00,EST,900001003,x1003,Partnership / LLC / LLP - x1003,IAUM +55 Shares (1 lot),IAUM,55,1,10/27/2025,Short term,3.984,4.318,0.011,4.318,0.011,3.984,0.605,18.37,237.49,4.316,4.321,--
75da632b6d88410327751e98f443d04e2c80759f5318eecd3ca64d9455bef96c,data/raw/etrade/portfolio_lot_level/20260616-170446-98736df49fee-PositionsLotLevel.csv,2026-06-16 19:58:00,EST,900001003,x1003,Partnership / LLC / LLP - x1003,LITE +9 Shares (3 lots),LITE,9,3,03/23/2026,Short term,75.9697777778,87.536,-8.188,87.536,-8.188,75.9697777778,-73.692,104.096,787.824,88,88.25,2026-08-12
75da632b6d88410327751e98f443d04e2c80759f5318eecd3ca64d9455bef96c,data/raw/etrade/portfolio_lot_level/20260616-170446-98736df49fee-PositionsLotLevel.csv,2026-06-16 19:58:00,EST,900001003,x1003,Partnership / LLC / LLP - x1003,MDLZ +15 Shares (1 lot),MDLZ,15,1,06/12/2026,Short term,6.332,6.215,0.065,6.215,0.065,6.332,0.975,-1.755,93.225,6.15,6.222,2026-07-28
75da632b6d88410327751e98f443d04e2c80759f5318eecd3ca64d9455bef96c,data/raw/etrade/portfolio_lot_level/20260616-170446-98736df49fee-PositionsLotLevel.csv,2026-06-16 19:58:00,EST,900001003,x1003,Partnership / LLC / LLP - x1003,MU +15 Shares (2 lots),MU,15,2,03/24/2026,Short term,40.3296666667,102.076,-6.723,102.076,-6.723,40.3296666667,-100.845,926.195,1531.14,103.548,103.6,2026-06-24
75da632b6d88410327751e98f443d04e2c80759f5318eecd3ca64d9455bef96c,data/raw/etrade/portfolio_lot_level/20260616-170446-98736df49fee-PositionsLotLevel.csv,2026-06-16 19:58:00,EST,900001003,x1003,Partnership / LLC / LLP - x1003,PPLT +70 Shares (1 lot),PPLT,70,1,11/11/2025,Short term,1.4420571429,1.642,0.036,1.642,0.036,1.4420571429,2.52,13.996,114.94,1.622,1.647,--
75da632b6d88410327751e98f443d04e2c80759f5318eecd3ca64d9455bef96c,data/raw/etrade/portfolio_lot_level/20260616-170446-98736df49fee-PositionsLotLevel.csv,2026-06-16 19:58:00,EST,900001003,x1003,Partnership / LLC / LLP - x1003,PSTL +200 Shares (1 lot),PSTL,200,1,06/05/2026,Short term,2.27146,2.331,0.015,2.331,0.015,2.27146,3,11.908,466.2,2.214,2.45,2026-08-03
75da632b6d88410327751e98f443d04e2c80759f5318eecd3ca64d9455bef96c,data/raw/etrade/portfolio_lot_level/20260616-170446-98736df49fee-PositionsLotLevel.csv,2026-06-16 19:58:00,EST,900001003,x1003,Partnership / LLC / LLP - x1003,SGDM +50 Shares (1 lot),SGDM,50,1,06/15/2026,Short term,7.065,7.216,0.155,7.216,0.155,7.065,7.75,7.55,360.8,6.84,7.667,--
75da632b6d88410327751e98f443d04e2c80759f5318eecd3ca64d9455bef96c,data/raw/etrade/portfolio_lot_level/20260616-170446-98736df49fee-PositionsLotLevel.csv,2026-06-16 19:58:00,EST,900001003,x1003,Partnership / LLC / LLP - x1003,SHLD +300 Shares (1 lot),SHLD,300,1,04/04/2025,Long term,4.401,6.386,0.058,6.386,0.058,4.401,17.4,595.5,1915.8,6.355,6.45,2018-11-30
75da632b6d88410327751e98f443d04e2c80759f5318eecd3ca64d9455bef96c,data/raw/etrade/portfolio_lot_level/20260616-170446-98736df49fee-PositionsLotLevel.csv,2026-06-16 19:58:00,EST,900001003,x1003,Partnership / LLC / LLP - x1003,SLV +70 Shares (3 lots),SLV,70,3,10/17/2025,Short term,5.9709285714,6.339,-0.008,6.339,-0.008,5.9709285714,-0.56,25.765,443.73,6.33,6.335,--
75da632b6d88410327751e98f443d04e2c80759f5318eecd3ca64d9455bef96c,data/raw/etrade/portfolio_lot_level/20260616-170446-98736df49fee-PositionsLotLevel.csv,2026-06-16 19:58:00,EST,900001003,x1003,Partnership / LLC / LLP - x1003,SPMO +235 Shares (3 lots),SPMO,235,3,04/16/2026,Short term,14.4162978723,15.462,-0.322,15.462,-0.322,14.4162978723,-75.67,245.74,3633.57,15.51,15.516,--
75da632b6d88410327751e98f443d04e2c80759f5318eecd3ca64d9455bef96c,data/raw/etrade/portfolio_lot_level/20260616-170446-98736df49fee-PositionsLotLevel.csv,2026-06-16 19:58:00,EST,900001003,x1003,Partnership / LLC / LLP - x1003,SYF +50 Shares (1 lot),SYF,50,1,09/16/2024,Long term,4.70876,7.529,0.068,7.529,0.068,4.70876,3.4,141.012,376.45,7.456,7.599,2026-07-21
75da632b6d88410327751e98f443d04e2c80759f5318eecd3ca64d9455bef96c,data/raw/etrade/portfolio_lot_level/20260616-170446-98736df49fee-PositionsLotLevel.csv,2026-06-16 19:58:00,EST,900001003,x1003,Partnership / LLC / LLP - x1003,TSLA +20 Shares (1 lot),TSLA,20,1,04/16/2026,Short term,38.299,40.466,-0.649,40.466,-0.649,38.299,-12.98,43.34,809.32,40.297,40.302,2026-07-22
75da632b6d88410327751e98f443d04e2c80759f5318eecd3ca64d9455bef96c,data/raw/etrade/portfolio_lot_level/20260616-170446-98736df49fee-PositionsLotLevel.csv,2026-06-16 19:58:00,EST,900001001,x1001,Traditional IRA - x1001,AEM +40 Shares (2 lots),AEM,40,2,06/09/2026,Short term,15.40925,17.582,0.402,17.582,0.402,15.40925,16.08,86.91,703.28,17.457,17.8,2026-07-29
75da632b6d88410327751e98f443d04e2c80759f5318eecd3ca64d9455bef96c,data/raw/etrade/portfolio_lot_level/20260616-170446-98736df49fee-PositionsLotLevel.csv,2026-06-16 19:58:00,EST,900001001,x1001,Traditional IRA - x1001,AGX +18 Shares (3 lots),AGX,18,3,05/07/2026,Short term,68.0835,69.039,0.152,69.039,0.152,68.0835,1.976,17.199,1242.702,68.5,69.2,2026-09-03
75da632b6d88410327751e98f443d04e2c80759f5318eecd3ca64d9455bef96c,data/raw/etrade/portfolio_lot_level/20260616-170446-98736df49fee-PositionsLotLevel.csv,2026-06-16 19:58:00,EST,900001001,x1001,Traditional IRA - x1001,AMD +15 Shares (2 lots),AMD,15,2,06/04/2026,Short term,52.358,50.729,-3.997,50.729,-3.997,52.358,-36.465,-24.435,760.935,51.065,51.101,2026-08-04
75da632b6d88410327751e98f443d04e2c80759f5318eecd3ca64d9455bef96c,data/raw/etrade/portfolio_lot_level/20260616-170446-98736df49fee-PositionsLotLevel.csv,2026-06-16 19:58:00,EST,900001001,x1001,Traditional IRA - x1001,AMZN +255 Shares (11 lots),AMZN,255,11,04/30/2026,Short term,25.528745098,24.6,-0.002,24.6,-0.002,25.528745098,-0.51,-236.83,6273,24.57,24.577,2026-07-30
75da632b6d88410327751e98f443d04e2c80759f5318eecd3ca64d9455bef96c,data/raw/etrade/portfolio_lot_level/20260616-170446-98736df49fee-PositionsLotLevel.csv,2026-06-16 19:58:00,EST,900001001,x1001,Traditional IRA - x1001,APP +15 Shares (3 lots),APP,15,3,06/10/2026,Short term,49.564,51.52,-0.566,51.52,-0.566,49.564,-1.554,29.34,772.8,51.055,51.35,2026-08-06
75da632b6d88410327751e98f443d04e2c80759f5318eecd3ca64d9455bef96c,data/raw/etrade/portfolio_lot_level/20260616-170446-98736df49fee-PositionsLotLevel.csv,2026-06-16 19:58:00,EST,900001001,x1001,Traditional IRA - x1001,ARE +900 Shares (11 lots),ARE,900,11,10/13/2025,Short term,5.3995272222,5.176,-0.062,5.176,-0.062,5.3995272222,-52.76,-201.1745,4658.4,5.1,5.259,2026-08-03
75da632b6d88410327751e98f443d04e2c80759f5318eecd3ca64d9455bef96c,data/raw/etrade/portfolio_lot_level/20260616-170446-98736df49fee-PositionsLotLevel.csv,2026-06-16 19:58:00,EST,900001001,x1001,Traditional IRA - x1001,ARKX +300 Shares (1 lot),ARKX,300,1,06/12/2026,Short term,3.404,3.475,-0.043,3.475,-0.043,3.404,-12.9,21.3,1042.5,3.465,3.47,--
75da632b6d88410327751e98f443d04e2c80759f5318eecd3ca64d9455bef96c,data/raw/etrade/portfolio_lot_level/20260616-170446-98736df49fee-PositionsLotLevel.csv,2026-06-16 19:58:00,EST,900001001,x1001,Traditional IRA - x1001,ASML +2 Shares (1 lot),ASML,2,1,06/10/2026,Short term,180.7745,180.389,-8.877,180.389,-8.877,180.7745,-17.754,-0.771,360.778,181.5,181.8,2026-07-15
75da632b6d88410327751e98f443d04e2c80759f5318eecd3ca64d9455bef96c,data/raw/etrade/portfolio_lot_level/20260616-170446-98736df49fee-PositionsLotLevel.csv,2026-06-16 19:58:00,EST,900001001,x1001,Traditional IRA - x1001,AUGO +140 Shares (5 lots),AUGO,140,5,04/20/2026,Short term,9.6291642857,6.637,0.019,6.637,0.019,9.6291642857,2.66,-418.903,929.18,6.1,6.888,2026-08-05
75da632b6d88410327751e98f443d04e2c80759f5318eecd3ca64d9455bef96c,data/raw/etrade/portfolio_lot_level/20260616-170446-98736df49fee-PositionsLotLevel.csv,2026-06-16 19:58:00,EST,900001001,x1001,Traditional IRA - x1001,B +145 Shares (3 lots),B,145,3,01/15/2026,Short term,4.7317063448,4.277,0.094,4.277,0.094,4.7317063448,13.63,-65.93242,620.165,4.275,4.295,2026-08-11
75da632b6d88410327751e98f443d04e2c80759f5318eecd3ca64d9455bef96c,data/raw/etrade/portfolio_lot_level/20260616-170446-98736df49fee-PositionsLotLevel.csv,2026-06-16 19:58:00,EST,900001001,x1001,Traditional IRA - x1001,BE +15 Shares (1 lot),BE,15,1,06/03/2026,Short term,29.0868666667,28.088,0.638,28.088,0.638,29.0868666667,9.57,-14.983,421.32,28.18,28.263,2026-07-30
75da632b6d88410327751e98f443d04e2c80759f5318eecd3ca64d9455bef96c,data/raw/etrade/portfolio_lot_level/20260616-170446-98736df49fee-PositionsLotLevel.csv,2026-06-16 19:58:00,EST,900001001,x1001,Traditional IRA - x1001,BLOX +875 Shares (6 lots),BLOX,875,6,05/15/2026,Short term,1.7519685714,1.704,-0.01,1.704,-0.01,1.7519685714,-8.75,-41.9725,1491,1.68,1.736,--
75da632b6d88410327751e98f443d04e2c80759f5318eecd3ca64d9455bef96c,data/raw/etrade/portfolio_lot_level/20260616-170446-98736df49fee-PositionsLotLevel.csv,2026-06-16 19:58:00,EST,900001001,x1001,Traditional IRA - x1001,BRK.B +53 Shares (8 lots),BRK.B,53,8,10/08/2025,Short term,49.0496801887,49.495,-0.057,49.495,-0.057,49.0496801887,-1.74705,23.60195,2623.235,49.49,49.502,2026-08-01
75da632b6d88410327751e98f443d04e2c80759f5318eecd3ca64d9455bef96c,data/raw/etrade/portfolio_lot_level/20260616-170446-98736df49fee-PositionsLotLevel.csv,2026-06-16 19:58:00,EST,900001001,x1001,Traditional IRA - x1001,BTG +3100 Shares (2 lots),BTG,3100,2,06/05/2026,Short term,0.4174064516,0.457,0.01,0.457,0.01,0.4174064516,31,122.74,1416.7,0.454,0.456,2026-08-06
75da632b6d88410327751e98f443d04e2c80759f5318eecd3ca64d9455bef96c,data/raw/etrade/portfolio_lot_level/20260616-170446-98736df49fee-PositionsLotLevel.csv,2026-06-16 19:58:00,EST,900001001,x1001,Traditional IRA - x1001,BVN +125 Shares (3 lots),BVN,125,3,04/10/2026,Short term,3.562928,3.596,0.11,3.596,0.11,3.562928,13.75,4.134,449.5,3.504,3.66,2026-07-23
75da632b6d88410327751e98f443d04e2c80759f5318eecd3ca64d9455bef96c,data/raw/etrade/portfolio_lot_level/20260616-170446-98736df49fee-PositionsLotLevel.csv,2026-06-16 19:58:00,EST,900001001,x1001,Traditional IRA - x1001,CCL +300 Shares (2 lots),CCL,300,2,09/19/2025,Short term,2.9796266667,3.09,0.078,3.09,0.078,2.9796266667,23.4,33.112,927,3.082,3.089,2026-06-23
75da632b6d88410327751e98f443d04e2c80759f5318eecd3ca64d9455bef96c,data/raw/etrade/portfolio_lot_level/20260616-170446-98736df49fee-PositionsLotLevel.csv,2026-06-16 19:58:00,EST,900001001,x1001,Traditional IRA - x1001,CDE +400 Shares (4 lots),CDE,400,4,01/29/2026,Short term,2.2189375,1.879,0.013,1.879,0.013,2.2189375,5.2,-135.975,751.6,1.88,1.895,2026-08-05
75da632b6d88410327751e98f443d04e2c80759f5318eecd3ca64d9455bef96c,data/raw/etrade/portfolio_lot_level/20260616-170446-98736df49fee-PositionsLotLevel.csv,2026-06-16 19:58:00,EST,900001001,x1001,Traditional IRA - x1001,CLS +27 Shares (3 lots),CLS,27,3,05/04/2026,Short term,42.3341111111,38.201,-2.144,38.201,-2.144,42.3341111111,-57.888,-111.594,1031.427,38.262,38.36,2026-07-27
75da632b6d88410327751e98f443d04e2c80759f5318eecd3ca64d9455bef96c,data/raw/etrade/portfolio_lot_level/20260616-170446-98736df49fee-PositionsLotLevel.csv,2026-06-16 19:58:00,EST,900001001,x1001,Traditional IRA - x1001,CNC +145 Shares (4 lots),CNC,145,4,06/08/2026,Short term,6.4600344828,6.139,-0.201,6.139,-0.201,6.4600344828,-29.145,-46.55,890.155,6.12,6.15,2026-07-28
75da632b6d88410327751e98f443d04e2c80759f5318eecd3ca64d9455bef96c,data/raw/etrade/portfolio_lot_level/20260616-170446-98736df49fee-PositionsLotLevel.csv,2026-06-16 19:58:00,EST,900001001,x1001,Traditional IRA - x1001,CNSWF +20 Shares (2 lots),CNSWF,20,2,05/27/2026,Short term,200.783,204.2524,-3.5406,204.2524,-3.5406,200.81765,-70.812,68.695,4085.048,0,0,--
75da632b6d88410327751e98f443d04e2c80759f5318eecd3ca64d9455bef96c,data/raw/etrade/portfolio_lot_level/20260616-170446-98736df49fee-PositionsLotLevel.csv,2026-06-16 19:58:00,EST,900001001,x1001,Traditional IRA - x1001,COPJ +300 Shares (5 lots),COPJ,300,5,01/27/2026,Short term,4.4824,4.521,0.06,4.521,0.06,4.4824,18,11.58,1356.3,4.521,4.6,--
75da632b6d88410327751e98f443d04e2c80759f5318eecd3ca64d9455bef96c,data/raw/etrade/portfolio_lot_level/20260616-170446-98736df49fee-PositionsLotLevel.csv,2026-06-16 19:58:00,EST,900001001,x1001,Traditional IRA - x1001,CRDO +190 Shares (7 lots),CRDO,190,7,06/12/2026,Short term,25.2341710526,23.918,-2.023,23.918,-2.023,25.2341710526,-364.14,-250.0725,4544.42,23.94,24,2026-09-02
75da632b6d88410327751e98f443d04e2c80759f5318eecd3ca64d9455bef96c,data/raw/etrade/portfolio_lot_level/20260616-170446-98736df49fee-PositionsLotLevel.csv,2026-06-16 19:58:00,EST,900001001,x1001,Traditional IRA - x1001,CRM +110 Shares (4 lots),CRM,110,4,06/03/2026,Short term,18.2071318182,16.171,-0.284,16.171,-0.284,18.2071318182,-31.24,-223.9745,1778.81,16.175,16.183,2026-09-02
75da632b6d88410327751e98f443d04e2c80759f5318eecd3ca64d9455bef96c,data/raw/etrade/portfolio_lot_level/20260616-170446-98736df49fee-PositionsLotLevel.csv,2026-06-16 19:58:00,EST,900001001,x1001,Traditional IRA - x1001,CRWD +7 Shares (2 lots),CRWD,7,2,06/05/2026,Short term,68.2837142857,67.949,-1.342,67.949,-1.342,68.2837142857,-2.684,-2.343,475.643,68.013,68.088,2026-09-01
75da632b6d88410327751e98f443d04e2c80759f5318eecd3ca64d9455bef96c,data/raw/etrade/portfolio_lot_level/20260616-170446-98736df49fee-PositionsLotLevel.csv,2026-06-16 19:58:00,EST,900001001,x1001,Traditional IRA - x1001,CRWV +20 Shares (1 lot),CRWV,20,1,06/03/2026,Short term,11.97,11.703,1.032,11.703,1.032,11.97,20.64,-5.34,234.06,11.714,11.73,2026-08-12
75da632b6d88410327751e98f443d04e2c80759f5318eecd3ca64d9455bef96c,data/raw/etrade/portfolio_lot_level/20260616-170446-98736df49fee-PositionsLotLevel.csv,2026-06-16 19:58:00,EST,900001001,x1001,Traditional IRA - x1001,CSTM +500 Shares (5 lots),CSTM,500,5,05/14/2026,Short term,3.403148,3.418,-0.053,3.418,-0.053,3.403148,-26.5,7.426,1709,3.4,3.425,2026-07-28
75da632b6d88410327751e98f443d04e2c80759f5318eecd3ca64d9455bef96c,data/raw/etrade/portfolio_lot_level/20260616-170446-98736df49fee-PositionsLotLevel.csv,2026-06-16 19:58:00,EST,900001001,x1001,Traditional IRA - x1001,DDOG +15 Shares (2 lots),DDOG,15,2,06/03/2026,Short term,25.0896666667,23.111,-0.198,23.111,-0.198,25.0896666667,-3.34,-29.68,346.665,22.93,23.1,2026-08-06
75da632b6d88410327751e98f443d04e2c80759f5318eecd3ca64d9455bef96c,data/raw/etrade/portfolio_lot_level/20260616-170446-98736df49fee-PositionsLotLevel.csv,2026-06-16 19:58:00,EST,900001001,x1001,Traditional IRA - x1001,DRH +1425 Shares (5 lots),DRH,1425,5,05/12/2026,Short term,1.1501754386,1.202,0.008,1.202,0.008,1.1501754386,11.4,73.85,1712.85,1.179,1.221,2026-08-06
75da632b6d88410327751e98f443d04e2c80759f5318eecd3ca64d9455bef96c,data/raw/etrade/portfolio_lot_level/20260616-170446-98736df49fee-PositionsLotLevel.csv,2026-06-16 19:58:00,EST,900001001,x1001,Traditional IRA - x1001,DY +13 Shares (1 lot),DY,13,1,05/29/2026,Short term,50.9885,47.172,0.042,47.172,0.042,50.9885,0.546,-49.6145,613.236,46.802,51.569,2026-08-26
75da632b6d88410327751e98f443d04e2c80759f5318eecd3ca64d9455bef96c,data/raw/etrade/portfolio_lot_level/20260616-170446-98736df49fee-PositionsLotLevel.csv,2026-06-16 19:58:00,EST,900001001,x1001,Traditional IRA - x1001,EAT +40 Shares (1 lot),EAT,40,1,07/02/2025,Short term,18.2145,15.355,-0.269,15.355,-0.269,18.2145,-10.76,-114.38,614.2,14.807,16.333,2026-08-12
75da632b6d88410327751e98f443d04e2c80759f5318eecd3ca64d9455bef96c,data/raw/etrade/portfolio_lot_level/20260616-170446-98736df49fee-PositionsLotLevel.csv,2026-06-16 19:58:00,EST,900001001,x1001,Traditional IRA - x1001,EMEQ +100 Shares (2 lots),EMEQ,100,2,05/29/2026,Short term,6.639,7.01495,-0.1553,7.01495,-0.1553,6.639,-15.53,37.595,701.495,6.97,10.54,--
75da632b6d88410327751e98f443d04e2c80759f5318eecd3ca64d9455bef96c,data/raw/etrade/portfolio_lot_level/20260616-170446-98736df49fee-PositionsLotLevel.csv,2026-06-16 19:58:00,EST,900001001,x1001,Traditional IRA - x1001,EPR +150 Shares (2 lots),EPR,150,2,06/08/2026,Short term,5.8795,5.91,0.074,5.91,0.074,5.8795,11.1,4.575,886.5,5.728,6.148,2026-07-29
75da632b6d88410327751e98f443d04e2c80759f5318eecd3ca64d9455bef96c,data/raw/etrade/portfolio_lot_level/20260616-170446-98736df49fee-PositionsLotLevel.csv,2026-06-16 19:58:00,EST,900001001,x1001,Traditional IRA - x1001,ET +1495 Shares (11 lots),ET,1495,11,05/01/2026,Short term,1.9651065217,1.891,--,1.891,0,1.9651065217,--,-110.78925,2827.045,1.885,1.891,2026-08-05
75da632b6d88410327751e98f443d04e2c80759f5318eecd3ca64d9455bef96c,data/raw/etrade/portfolio_lot_level/20260616-170446-98736df49fee-PositionsLotLevel.csv,2026-06-16 19:58:00,EST,900001001,x1001,Traditional IRA - x1001,ETH +523 Shares (3 lots),ETH,523,3,08/14/2025,Short term,3.3450248566,1.706,-0.025,1.706,-0.025,3.3450248566,-13.075,-857.21,892.238,1.698,1.712,2021-10-28
75da632b6d88410327751e98f443d04e2c80759f5318eecd3ca64d9455bef96c,data/raw/etrade/portfolio_lot_level/20260616-170446-98736df49fee-PositionsLotLevel.csv,2026-06-16 19:58:00,EST,900001001,x1001,Traditional IRA - x1001,EWY +45 Shares (4 lots),EWY,45,4,06/02/2026,Short term,21.0574888889,20.591,-0.554,20.591,-0.554,21.0574888889,-20.94,-20.992,926.595,20.6,20.632,--
75da632b6d88410327751e98f443d04e2c80759f5318eecd3ca64d9455bef96c,data/raw/etrade/portfolio_lot_level/20260616-170446-98736df49fee-PositionsLotLevel.csv,2026-06-16 19:58:00,EST,900001001,x1001,Traditional IRA - x1001,EZPW +900 Shares (10 lots),EZPW,900,10,05/07/2026,Short term,3.1687022222,3.089,-0.135,3.089,-0.135,3.1687022222,-109.5,-71.732,2780.1,3,3.355,2026-07-29
75da632b6d88410327751e98f443d04e2c80759f5318eecd3ca64d9455bef96c,data/raw/etrade/portfolio_lot_level/20260616-170446-98736df49fee-PositionsLotLevel.csv,2026-06-16 19:58:00,EST,900001001,x1001,Traditional IRA - x1001,FMX +50 Shares (2 lots),FMX,50,2,06/10/2026,Short term,12.50249,12.688,0.054,12.688,0.054,12.50249,2.7,9.2755,634.4,10,13.151,2026-07-28
75da632b6d88410327751e98f443d04e2c80759f5318eecd3ca64d9455bef96c,data/raw/etrade/portfolio_lot_level/20260616-170446-98736df49fee-PositionsLotLevel.csv,2026-06-16 19:58:00,EST,900001001,x1001,Traditional IRA - x1001,FN +10 Shares (2 lots),FN,10,2,06/11/2026,Short term,60.15975,58.803,-4.755,58.803,-4.755,60.15975,-34.4125,-13.5675,588.03,58.952,59.3,2026-08-17
75da632b6d88410327751e98f443d04e2c80759f5318eecd3ca64d9455bef96c,data/raw/etrade/portfolio_lot_level/20260616-170446-98736df49fee-PositionsLotLevel.csv,2026-06-16 19:58:00,EST,900001001,x1001,Traditional IRA - x1001,FRCB +376 Shares (3 lots),FRCB,376,3,08/14/2017,Long term,1.7655638298,0.00006,-0.0001,0.00006,-0.0001,1.7655638298,-0.0376,-663.82944,0.02256,0,0,2023-07-27
75da632b6d88410327751e98f443d04e2c80759f5318eecd3ca64d9455bef96c,data/raw/etrade/portfolio_lot_level/20260616-170446-98736df49fee-PositionsLotLevel.csv,2026-06-16 19:58:00,EST,900001001,x1001,Traditional IRA - x1001,GDMN +400 Shares (6 lots),GDMN,400,6,06/12/2026,Short term,8.24198,8.844,0.215,8.844,0.215,8.24198,86,240.808,3537.6,8.64,9.4,--
75da632b6d88410327751e98f443d04e2c80759f5318eecd3ca64d9455bef96c,data/raw/etrade/portfolio_lot_level/20260616-170446-98736df49fee-PositionsLotLevel.csv,2026-06-16 19:58:00,EST,900001001,x1001,Traditional IRA - x1001,GM +225 Shares (7 lots),GM,225,7,06/02/2026,Short term,8.1857177778,8.251,-0.156,8.251,-0.156,8.1857177778,-31.2,14.6885,1856.475,8.27,8.3,2026-07-21
75da632b6d88410327751e98f443d04e2c80759f5318eecd3ca64d9455bef96c,data/raw/etrade/portfolio_lot_level/20260616-170446-98736df49fee-PositionsLotLevel.csv,2026-06-16 19:58:00,EST,900001001,x1001,Traditional IRA - x1001,GOOG +45 Shares (7 lots),GOOG,45,7,05/29/2026,Short term,37.1388666667,37.11,0.399,37.11,0.399,37.1388666667,17.955,-1.299,1669.95,36.92,37,2026-07-23
75da632b6d88410327751e98f443d04e2c80759f5318eecd3ca64d9455bef96c,data/raw/etrade/portfolio_lot_level/20260616-170446-98736df49fee-PositionsLotLevel.csv,2026-06-16 19:58:00,EST,900001001,x1001,Traditional IRA - x1001,HHH +135 Shares (5 lots),HHH,135,5,10/08/2025,Short term,8.4053777778,6.794,0.085,6.794,0.085,8.4053777778,11.475,-217.536,917.19,6.666,6.84,2026-08-05
75da632b6d88410327751e98f443d04e2c80759f5318eecd3ca64d9455bef96c,data/raw/etrade/portfolio_lot_level/20260616-170446-98736df49fee-PositionsLotLevel.csv,2026-06-16 19:58:00,EST,900001001,x1001,Traditional IRA - x1001,IAUM +525 Shares (6 lots),IAUM,525,6,03/02/2026,Short term,4.8400238095,4.318,0.011,4.318,0.011,4.8400238095,5.775,-274.0625,2266.95,4.316,4.321,--
75da632b6d88410327751e98f443d04e2c80759f5318eecd3ca64d9455bef96c,data/raw/etrade/portfolio_lot_level/20260616-170446-98736df49fee-PositionsLotLevel.csv,2026-06-16 19:58:00,EST,900001001,x1001,Traditional IRA - x1001,IBIT +350 Shares (2 lots),IBIT,350,2,06/12/2026,Short term,3.6708571429,3.717,-0.057,3.717,-0.057,3.6708571429,-19.95,16.15,1300.95,3.719,3.722,--
75da632b6d88410327751e98f443d04e2c80759f5318eecd3ca64d9455bef96c,data/raw/etrade/portfolio_lot_level/20260616-170446-98736df49fee-PositionsLotLevel.csv,2026-06-16 19:58:00,EST,900001001,x1001,Traditional IRA - x1001,ICHR +135 Shares (3 lots),ICHR,135,3,06/11/2026,Short term,8.1258148148,8.577,-0.37,8.577,-0.37,8.1258148148,-45.65,60.91,1157.895,8.577,8.7,2026-08-04
75da632b6d88410327751e98f443d04e2c80759f5318eecd3ca64d9455bef96c,data/raw/etrade/portfolio_lot_level/20260616-170446-98736df49fee-PositionsLotLevel.csv,2026-06-16 19:58:00,EST,900001001,x1001,Traditional IRA - x1001,IGM +60 Shares (2 lots),IGM,60,2,06/02/2026,Short term,16.8794166667,16.103,-0.406,16.103,-0.406,16.8794166667,-24,-46.585,966.18,16.1,16.434,--
75da632b6d88410327751e98f443d04e2c80759f5318eecd3ca64d9455bef96c,data/raw/etrade/portfolio_lot_level/20260616-170446-98736df49fee-PositionsLotLevel.csv,2026-06-16 19:58:00,EST,900001001,x1001,Traditional IRA - x1001,INCY +115 Shares (2 lots),INCY,115,2,06/10/2026,Short term,10.6264782609,9.975,-0.223,9.975,-0.223,10.6264782609,-25.645,-74.92,1147.125,9.9,10.2,2026-07-28
75da632b6d88410327751e98f443d04e2c80759f5318eecd3ca64d9455bef96c,data/raw/etrade/portfolio_lot_level/20260616-170446-98736df49fee-PositionsLotLevel.csv,2026-06-16 19:58:00,EST,900001001,x1001,Traditional IRA - x1001,INDV +325 Shares (4 lots),INDV,325,4,06/08/2026,Short term,3.8175753846,3.801,-0.039,3.801,-0.039,3.8175753846,-12.675,-5.387,1235.325,3.801,3.849,2026-08-06
75da632b6d88410327751e98f443d04e2c80759f5318eecd3ca64d9455bef96c,data/raw/etrade/portfolio_lot_level/20260616-170446-98736df49fee-PositionsLotLevel.csv,2026-06-16 19:58:00,EST,900001001,x1001,Traditional IRA - x1001,IWM +100 Shares (1 lot),IWM,100,1,06/15/2026,Short term,29.726,29.208,-0.256,29.208,-0.256,29.726,-25.6,-51.8,2920.8,29.214,29.218,--
75da632b6d88410327751e98f443d04e2c80759f5318eecd3ca64d9455bef96c,data/raw/etrade/portfolio_lot_level/20260616-170446-98736df49fee-PositionsLotLevel.csv,2026-06-16 19:58:00,EST,900001001,x1001,Traditional IRA - x1001,JAZZ +15 Shares (1 lot),JAZZ,15,1,06/08/2026,Short term,23.1895333333,22.688,-0.371,22.688,-0.371,23.1895333333,-5.565,-7.523,340.32,22.488,23.988,2026-08-04
75da632b6d88410327751e98f443d04e2c80759f5318eecd3ca64d9455bef96c,data/raw/etrade/portfolio_lot_level/20260616-170446-98736df49fee-PositionsLotLevel.csv,2026-06-16 19:58:00,EST,900001001,x1001,Traditional IRA - x1001,KGC +341 Shares (4 lots),KGC,341,4,01/21/2026,Short term,3.1653079179,2.799,0.065,2.799,0.065,3.1653079179,22.165,-124.911,954.459,2.783,2.8,2026-07-29
75da632b6d88410327751e98f443d04e2c80759f5318eecd3ca64d9455bef96c,data/raw/etrade/portfolio_lot_level/20260616-170446-98736df49fee-PositionsLotLevel.csv,2026-06-16 19:58:00,EST,900001001,x1001,Traditional IRA - x1001,LRN +60 Shares (2 lots),LRN,60,2,09/10/2025,Short term,12.357,8.336,-0.018,8.336,-0.018,12.357,-1.08,-241.26,500.16,8.31,8.4,2026-08-04
75da632b6d88410327751e98f443d04e2c80759f5318eecd3ca64d9455bef96c,data/raw/etrade/portfolio_lot_level/20260616-170446-98736df49fee-PositionsLotLevel.csv,2026-06-16 19:58:00,EST,900001001,x1001,Traditional IRA - x1001,MDLZ +15 Shares (1 lot),MDLZ,15,1,06/12/2026,Short term,6.332,6.215,0.065,6.215,0.065,6.332,0.975,-1.755,93.225,6.15,6.222,2026-07-28
75da632b6d88410327751e98f443d04e2c80759f5318eecd3ca64d9455bef96c,data/raw/etrade/portfolio_lot_level/20260616-170446-98736df49fee-PositionsLotLevel.csv,2026-06-16 19:58:00,EST,900001001,x1001,Traditional IRA - x1001,MKOR +115 Shares (2 lots),MKOR,115,2,05/27/2026,Short term,6.6350217391,6.838,-0.2265,6.838,-0.2265,6.6350217391,-26.0475,23.3425,786.37,6.087,10.264,--
75da632b6d88410327751e98f443d04e2c80759f5318eecd3ca64d9455bef96c,data/raw/etrade/portfolio_lot_level/20260616-170446-98736df49fee-PositionsLotLevel.csv,2026-06-16 19:58:00,EST,900001001,x1001,Traditional IRA - x1001,MLPI +270 Shares (6 lots),MLPI,270,6,05/15/2026,Short term,5.6820148148,5.452,-0.04324,5.452,-0.04324,5.6820148148,-11.6748,-62.104,1472.04,5.46,5.54,--
75da632b6d88410327751e98f443d04e2c80759f5318eecd3ca64d9455bef96c,data/raw/etrade/portfolio_lot_level/20260616-170446-98736df49fee-PositionsLotLevel.csv,2026-06-16 19:58:00,EST,900001001,x1001,Traditional IRA - x1001,MRK +350 Shares (5 lots),MRK,350,5,02/18/2026,Short term,12.0220571429,11.517,0.027,11.517,0.027,12.0220571429,9.45,-176.77,4030.95,11.5,11.525,2026-08-04
75da632b6d88410327751e98f443d04e2c80759f5318eecd3ca64d9455bef96c,data/raw/etrade/portfolio_lot_level/20260616-170446-98736df49fee-PositionsLotLevel.csv,2026-06-16 19:58:00,EST,900001001,x1001,Traditional IRA - x1001,MSFT +140 Shares (17 lots),MSFT,140,17,04/29/2026,Short term,41.7466035714,39.383,-0.593,39.383,-0.593,41.7466035714,-79.5175,-330.9045,5513.62,39.29,39.3,2026-07-29
75da632b6d88410327751e98f443d04e2c80759f5318eecd3ca64d9455bef96c,data/raw/etrade/portfolio_lot_level/20260616-170446-98736df49fee-PositionsLotLevel.csv,2026-06-16 19:58:00,EST,900001001,x1001,Traditional IRA - x1001,MTZ +7 Shares (1 lot),MTZ,7,1,06/11/2026,Short term,35.1115714286,36.935,-0.25,36.935,-0.25,35.1115714286,-1.75,12.764,258.545,36.86,37.5,2026-07-30
75da632b6d88410327751e98f443d04e2c80759f5318eecd3ca64d9455bef96c,data/raw/etrade/portfolio_lot_level/20260616-170446-98736df49fee-PositionsLotLevel.csv,2026-06-16 19:58:00,EST,900001001,x1001,Traditional IRA - x1001,MXL +90 Shares (2 lots),MXL,90,2,06/05/2026,Short term,8.4690388889,8.439,-0.437,8.439,-0.437,8.4690388889,-39.33,-2.7035,759.51,8.451,8.495,2026-07-22
75da632b6d88410327751e98f443d04e2c80759f5318eecd3ca64d9455bef96c,data/raw/etrade/portfolio_lot_level/20260616-170446-98736df49fee-PositionsLotLevel.csv,2026-06-16 19:58:00,EST,900001001,x1001,Traditional IRA - x1001,MYRG +25 Shares (2 lots),MYRG,25,2,05/29/2026,Short term,46.323,44.677,-0.317,44.677,-0.317,46.323,-7.925,-41.15,1116.925,41.187,49.304,2026-07-29
75da632b6d88410327751e98f443d04e2c80759f5318eecd3ca64d9455bef96c,data/raw/etrade/portfolio_lot_level/20260616-170446-98736df49fee-PositionsLotLevel.csv,2026-06-16 19:58:00,EST,900001001,x1001,Traditional IRA - x1001,NBIS +5 Shares (1 lot),NBIS,5,1,06/08/2026,Short term,23.862,26.51,0.503,26.51,0.503,23.862,2.515,13.24,132.55,26.375,26.483,2026-08-06
75da632b6d88410327751e98f443d04e2c80759f5318eecd3ca64d9455bef96c,data/raw/etrade/portfolio_lot_level/20260616-170446-98736df49fee-PositionsLotLevel.csv,2026-06-16 19:58:00,EST,900001001,x1001,Traditional IRA - x1001,NEM +85 Shares (3 lots),NEM,85,3,02/20/2026,Short term,11.7344941176,10.844,0.264,10.844,0.264,11.7344941176,22.44,-75.692,921.74,10.8,10.874,2026-07-23
75da632b6d88410327751e98f443d04e2c80759f5318eecd3ca64d9455bef96c,data/raw/etrade/portfolio_lot_level/20260616-170446-98736df49fee-PositionsLotLevel.csv,2026-06-16 19:58:00,EST,900001001,x1001,Traditional IRA - x1001,NEXA +600 Shares (3 lots),NEXA,600,3,06/02/2026,Short term,1.588455,1.484,0.043,1.484,0.043,1.588455,25.8,-62.673,890.4,1.47,1.535,2026-07-30
75da632b6d88410327751e98f443d04e2c80759f5318eecd3ca64d9455bef96c,data/raw/etrade/portfolio_lot_level/20260616-170446-98736df49fee-PositionsLotLevel.csv,2026-06-16 19:58:00,EST,900001001,x1001,Traditional IRA - x1001,NLCP +1200 Shares (3 lots),NLCP,1200,3,05/29/2026,Short term,1.5302083333,1.525,-0.03515,1.525,-0.03515,1.5312741667,-42.18,-7.529,1830,0,0,2026-08-05
75da632b6d88410327751e98f443d04e2c80759f5318eecd3ca64d9455bef96c,data/raw/etrade/portfolio_lot_level/20260616-170446-98736df49fee-PositionsLotLevel.csv,2026-06-16 19:58:00,EST,900001001,x1001,Traditional IRA - x1001,NVDA +45 Shares (1 lot),NVDA,45,1,06/03/2026,Short term,21.69,20.741,-0.504,20.741,-0.504,21.69,-22.68,-42.705,933.345,20.741,20.749,2026-08-26
75da632b6d88410327751e98f443d04e2c80759f5318eecd3ca64d9455bef96c,data/raw/etrade/portfolio_lot_level/20260616-170446-98736df49fee-PositionsLotLevel.csv,2026-06-16 19:58:00,EST,900001001,x1001,Traditional IRA - x1001,PARR +250 Shares (5 lots),PARR,250,5,05/05/2026,Short term,5.881748,5.253,-0.095,5.253,-0.095,5.881748,-23.75,-157.187,1313.25,5.106,5.6,2026-08-04
75da632b6d88410327751e98f443d04e2c80759f5318eecd3ca64d9455bef96c,data/raw/etrade/portfolio_lot_level/20260616-170446-98736df49fee-PositionsLotLevel.csv,2026-06-16 19:58:00,EST,900001001,x1001,Traditional IRA - x1001,PBR +375 Shares (3 lots),PBR,375,3,06/08/2026,Short term,1.8059053333,1.705,-0.029,1.705,-0.029,1.8059053333,-10.875,-37.8395,639.375,1.698,1.706,2026-08-06
75da632b6d88410327751e98f443d04e2c80759f5318eecd3ca64d9455bef96c,data/raw/etrade/portfolio_lot_level/20260616-170446-98736df49fee-PositionsLotLevel.csv,2026-06-16 19:58:00,EST,900001001,x1001,Traditional IRA - x1001,PINE +2500 Shares (8 lots),PINE,2500,8,05/20/2026,Short term,1.9729152,2.009,0.011,2.009,0.011,1.9729152,27.5,90.212,5022.5,2,2.1,2026-07-23
75da632b6d88410327751e98f443d04e2c80759f5318eecd3ca64d9455bef96c,data/raw/etrade/portfolio_lot_level/20260616-170446-98736df49fee-PositionsLotLevel.csv,2026-06-16 19:58:00,EST,900001001,x1001,Traditional IRA - x1001,PLTR +205 Shares (5 lots),PLTR,205,5,06/02/2026,Short term,14.9773073171,13.325,-0.146,13.325,-0.146,14.9773073171,-26.28,-338.723,2731.625,13.24,13.265,2026-08-03
75da632b6d88410327751e98f443d04e2c80759f5318eecd3ca64d9455bef96c,data/raw/etrade/portfolio_lot_level/20260616-170446-98736df49fee-PositionsLotLevel.csv,2026-06-16 19:58:00,EST,900001001,x1001,Traditional IRA - x1001,PM +55 Shares (3 lots),PM,55,3,06/12/2026,Short term,18.3140863636,18.406,0.225,18.406,0.225,18.3140863636,12.375,5.05525,1012.33,18.285,18.634,2026-07-22
75da632b6d88410327751e98f443d04e2c80759f5318eecd3ca64d9455bef96c,data/raw/etrade/portfolio_lot_level/20260616-170446-98736df49fee-PositionsLotLevel.csv,2026-06-16 19:58:00,EST,900001001,x1001,Traditional IRA - x1001,PPLT +530 Shares (6 lots),PPLT,530,6,01/15/2026,Short term,2.0556981132,1.642,0.036,1.642,0.036,2.0556981132,19.08,-219.26,870.26,1.622,1.647,--
75da632b6d88410327751e98f443d04e2c80759f5318eecd3ca64d9455bef96c,data/raw/etrade/portfolio_lot_level/20260616-170446-98736df49fee-PositionsLotLevel.csv,2026-06-16 19:58:00,EST,900001001,x1001,Traditional IRA - x1001,PSIX +125 Shares (2 lots),PSIX,125,2,06/11/2026,Short term,4.0092,3.902,-0.042,3.902,-0.042,4.0092,-5.25,-13.4,487.75,3.875,4.015,2026-08-06
75da632b6d88410327751e98f443d04e2c80759f5318eecd3ca64d9455bef96c,data/raw/etrade/portfolio_lot_level/20260616-170446-98736df49fee-PositionsLotLevel.csv,2026-06-16 19:58:00,EST,900001001,x1001,Traditional IRA - x1001,PSTL +1300 Shares (14 lots),PSTL,1300,14,03/05/2026,Short term,2.2789519231,2.331,0.015,2.331,0.015,2.2789519231,19.5,67.6625,3030.3,2.214,2.45,2026-08-03
75da632b6d88410327751e98f443d04e2c80759f5318eecd3ca64d9455bef96c,data/raw/etrade/portfolio_lot_level/20260616-170446-98736df49fee-PositionsLotLevel.csv,2026-06-16 19:58:00,EST,900001001,x1001,Traditional IRA - x1001,PSUS +950 Shares (10 lots),PSUS,950,10,05/28/2026,Short term,3.8543563158,4.007,0.046,4.007,0.046,3.8543563158,43.7,145.0115,3806.65,4.011,4.02,--
75da632b6d88410327751e98f443d04e2c80759f5318eecd3ca64d9455bef96c,data/raw/etrade/portfolio_lot_level/20260616-170446-98736df49fee-PositionsLotLevel.csv,2026-06-16 19:58:00,EST,900001001,x1001,Traditional IRA - x1001,QQQ +23 Shares (2 lots),QQQ,23,2,06/15/2026,Short term,73.7103478261,72.986,-1.414,72.986,-1.414,73.7103478261,-28.28,-16.66,1678.678,73.04,73.048,--
75da632b6d88410327751e98f443d04e2c80759f5318eecd3ca64d9455bef96c,data/raw/etrade/portfolio_lot_level/20260616-170446-98736df49fee-PositionsLotLevel.csv,2026-06-16 19:58:00,EST,900001001,x1001,Traditional IRA - x1001,REMX +95 Shares (5 lots),REMX,95,5,05/08/2026,Short term,10.0307368421,9.678,-0.011,9.678,-0.011,10.0307368421,-1.045,-33.51,919.41,9.65,9.799,--
75da632b6d88410327751e98f443d04e2c80759f5318eecd3ca64d9455bef96c,data/raw/etrade/portfolio_lot_level/20260616-170446-98736df49fee-PositionsLotLevel.csv,2026-06-16 19:58:00,EST,900001001,x1001,Traditional IRA - x1001,RTX +55 Shares (3 lots),RTX,55,3,05/29/2026,Short term,18.0373909091,18.677,0.313,18.677,0.313,18.0373909091,17.215,35.1785,1027.235,18.611,18.68,2026-07-21
75da632b6d88410327751e98f443d04e2c80759f5318eecd3ca64d9455bef96c,data/raw/etrade/portfolio_lot_level/20260616-170446-98736df49fee-PositionsLotLevel.csv,2026-06-16 19:58:00,EST,900001001,x1001,Traditional IRA - x1001,SGDM +300 Shares (2 lots),SGDM,300,2,06/15/2026,Short term,7.0636666667,7.216,0.155,7.216,0.155,7.0636666667,46.5,45.7,2164.8,6.84,7.667,--
75da632b6d88410327751e98f443d04e2c80759f5318eecd3ca64d9455bef96c,data/raw/etrade/portfolio_lot_level/20260616-170446-98736df49fee-PositionsLotLevel.csv,2026-06-16 19:58:00,EST,900001001,x1001,Traditional IRA - x1001,SHLD +130 Shares (2 lots),SHLD,130,2,04/10/2026,Short term,6.8652,6.386,0.058,6.386,0.058,6.8652,7.54,-62.296,830.18,6.355,6.45,2018-11-30
75da632b6d88410327751e98f443d04e2c80759f5318eecd3ca64d9455bef96c,data/raw/etrade/portfolio_lot_level/20260616-170446-98736df49fee-PositionsLotLevel.csv,2026-06-16 19:58:00,EST,900001001,x1001,Traditional IRA - x1001,SIL +65 Shares (2 lots),SIL,65,2,01/28/2026,Short term,11.1770615385,8.923,0.228,8.923,0.228,11.1770615385,14.82,-146.514,579.995,8.866,8.95,--
75da632b6d88410327751e98f443d04e2c80759f5318eecd3ca64d9455bef96c,data/raw/etrade/portfolio_lot_level/20260616-170446-98736df49fee-PositionsLotLevel.csv,2026-06-16 19:58:00,EST,900001001,x1001,Traditional IRA - x1001,SIVR +140 Shares (3 lots),SIVR,140,3,03/02/2026,Short term,8.3707892857,6.66,-0.009,6.66,-0.009,8.3707892857,-1.26,-239.5105,932.4,6.651,6.657,--
75da632b6d88410327751e98f443d04e2c80759f5318eecd3ca64d9455bef96c,data/raw/etrade/portfolio_lot_level/20260616-170446-98736df49fee-PositionsLotLevel.csv,2026-06-16 19:58:00,EST,900001001,x1001,Traditional IRA - x1001,SLV +125 Shares (5 lots),SLV,125,5,03/02/2026,Short term,7.463832,6.339,-0.008,6.339,-0.008,7.463832,-1,-140.604,792.375,6.33,6.335,--
75da632b6d88410327751e98f443d04e2c80759f5318eecd3ca64d9455bef96c,data/raw/etrade/portfolio_lot_level/20260616-170446-98736df49fee-PositionsLotLevel.csv,2026-06-16 19:58:00,EST,900001001,x1001,Traditional IRA - x1001,SMCI +425 Shares (5 lots),SMCI,425,5,06/03/2026,Short term,3.4311223529,2.922,-0.163,2.922,-0.163,3.4311223529,-64.925,-216.377,1241.85,2.937,2.94,2026-08-04
75da632b6d88410327751e98f443d04e2c80759f5318eecd3ca64d9455bef96c,data/raw/etrade/portfolio_lot_level/20260616-170446-98736df49fee-PositionsLotLevel.csv,2026-06-16 19:58:00,EST,900001001,x1001,Traditional IRA - x1001,SOXX +15 Shares (1 lot),SOXX,15,1,06/12/2026,Short term,58.999,59.124,-3.721,59.124,-3.721,58.999,-55.815,1.875,886.86,59.45,59.549,--
75da632b6d88410327751e98f443d04e2c80759f5318eecd3ca64d9455bef96c,data/raw/etrade/portfolio_lot_level/20260616-170446-98736df49fee-PositionsLotLevel.csv,2026-06-16 19:58:00,EST,900001001,x1001,Traditional IRA - x1001,SPCX +325 Shares (12 lots),SPCX,325,12,06/16/2026,Short term,20.4281023077,20.18,0.93,20.18,0.93,20.4281023077,-80.63325,-80.63325,6558.5,20.583,20.59,--
75da632b6d88410327751e98f443d04e2c80759f5318eecd3ca64d9455bef96c,data/raw/etrade/portfolio_lot_level/20260616-170446-98736df49fee-PositionsLotLevel.csv,2026-06-16 19:58:00,EST,900001001,x1001,Traditional IRA - x1001,SPMO +164 Shares (2 lots),SPMO,164,2,06/12/2026,Short term,15.2897256098,15.462,-0.322,15.462,-0.322,15.2897256098,-52.808,28.253,2535.768,15.51,15.516,--
75da632b6d88410327751e98f443d04e2c80759f5318eecd3ca64d9455bef96c,data/raw/etrade/portfolio_lot_level/20260616-170446-98736df49fee-PositionsLotLevel.csv,2026-06-16 19:58:00,EST,900001001,x1001,Traditional IRA - x1001,SSRM +575 Shares (3 lots),SSRM,575,3,04/08/2026,Short term,3.4092721739,3.183,0.289,3.183,0.289,3.4092721739,166.175,-130.1065,1830.225,3.14,3.183,2026-08-04
75da632b6d88410327751e98f443d04e2c80759f5318eecd3ca64d9455bef96c,data/raw/etrade/portfolio_lot_level/20260616-170446-98736df49fee-PositionsLotLevel.csv,2026-06-16 19:58:00,EST,900001001,x1001,Traditional IRA - x1001,STRL +15 Shares (1 lot),STRL,15,1,06/08/2026,Short term,89.434,85.776,-0.891,85.776,-0.891,89.434,-13.365,-54.87,1286.64,85.776,86.5,2026-08-03
75da632b6d88410327751e98f443d04e2c80759f5318eecd3ca64d9455bef96c,data/raw/etrade/portfolio_lot_level/20260616-170446-98736df49fee-PositionsLotLevel.csv,2026-06-16 19:58:00,EST,900001001,x1001,Traditional IRA - x1001,SYF +110 Shares (3 lots),SYF,110,3,09/10/2025,Short term,7.5827,7.529,0.068,7.529,0.068,7.5827,7.48,-5.907,828.19,7.456,7.599,2026-07-21
75da632b6d88410327751e98f443d04e2c80759f5318eecd3ca64d9455bef96c,data/raw/etrade/portfolio_lot_level/20260616-170446-98736df49fee-PositionsLotLevel.csv,2026-06-16 19:58:00,EST,900001001,x1001,Traditional IRA - x1001,THG +175 Shares (6 lots),THG,175,6,06/08/2026,Short term,19.5966371429,19.92,0.093,19.92,0.093,19.5966371429,16.275,56.5885,3486,19.85,31.556,2026-07-29
75da632b6d88410327751e98f443d04e2c80759f5318eecd3ca64d9455bef96c,data/raw/etrade/portfolio_lot_level/20260616-170446-98736df49fee-PositionsLotLevel.csv,2026-06-16 19:58:00,EST,900001001,x1001,Traditional IRA - x1001,TIGO +200 Shares (4 lots),TIGO,200,4,06/10/2026,Short term,9.008685,8.731,-0.214,8.731,-0.214,9.008685,-24.35,-55.537,1746.2,8.565,9,2026-08-06
75da632b6d88410327751e98f443d04e2c80759f5318eecd3ca64d9455bef96c,data/raw/etrade/portfolio_lot_level/20260616-170446-98736df49fee-PositionsLotLevel.csv,2026-06-16 19:58:00,EST,900001001,x1001,Traditional IRA - x1001,TSLA +55 Shares (6 lots),TSLA,55,6,01/15/2026,Short term,39.7644636364,40.466,-0.649,40.466,-0.649,39.7644636364,-32.2175,38.5845,2225.63,40.297,40.302,2026-07-22
75da632b6d88410327751e98f443d04e2c80759f5318eecd3ca64d9455bef96c,data/raw/etrade/portfolio_lot_level/20260616-170446-98736df49fee-PositionsLotLevel.csv,2026-06-16 19:58:00,EST,900001001,x1001,Traditional IRA - x1001,TTMI +15 Shares (1 lot),TTMI,15,1,06/12/2026,Short term,19.429,19.958,-0.708,19.958,-0.708,19.429,-10.62,7.935,299.37,19.958,20.559,2026-07-29
75da632b6d88410327751e98f443d04e2c80759f5318eecd3ca64d9455bef96c,data/raw/etrade/portfolio_lot_level/20260616-170446-98736df49fee-PositionsLotLevel.csv,2026-06-16 19:58:00,EST,900001001,x1001,Traditional IRA - x1001,UBER +170 Shares (4 lots),UBER,170,4,07/15/2025,Short term,9.0862235294,7.325,0.04,7.325,0.04,9.0862235294,6.8,-299.408,1245.25,7.325,7.34,2026-08-05
75da632b6d88410327751e98f443d04e2c80759f5318eecd3ca64d9455bef96c,data/raw/etrade/portfolio_lot_level/20260616-170446-98736df49fee-PositionsLotLevel.csv,2026-06-16 19:58:00,EST,900001001,x1001,Traditional IRA - x1001,UNFI +625 Shares (10 lots),UNFI,625,10,05/20/2026,Short term,5.190148,4.951,-0.082,4.951,-0.082,5.190148,-51.25,-149.4675,3094.375,4.951,5.078,2026-09-29
75da632b6d88410327751e98f443d04e2c80759f5318eecd3ca64d9455bef96c,data/raw/etrade/portfolio_lot_level/20260616-170446-98736df49fee-PositionsLotLevel.csv,2026-06-16 19:58:00,EST,900001001,x1001,Traditional IRA - x1001,UNH +130 Shares (5 lots),UNH,130,5,06/10/2026,Short term,40.7001153846,40.765,-0.339,40.765,-0.339,40.7001153846,-42.435,8.435,5299.45,40.701,40.76,2026-07-16
75da632b6d88410327751e98f443d04e2c80759f5318eecd3ca64d9455bef96c,data/raw/etrade/portfolio_lot_level/20260616-170446-98736df49fee-PositionsLotLevel.csv,2026-06-16 19:58:00,EST,900001001,x1001,Traditional IRA - x1001,URA +110 Shares (4 lots),URA,110,4,10/31/2025,Short term,5.4212863636,4.787,-0.019,4.787,-0.019,5.4212863636,-2.09,-69.7715,526.57,4.75,4.787,--
75da632b6d88410327751e98f443d04e2c80759f5318eecd3ca64d9455bef96c,data/raw/etrade/portfolio_lot_level/20260616-170446-98736df49fee-PositionsLotLevel.csv,2026-06-16 19:58:00,EST,900001001,x1001,Traditional IRA - x1001,USAR +300 Shares (2 lots),USAR,300,2,06/08/2026,Short term,2.19592,2.174,-0.128,2.174,-0.128,2.19592,-38.4,-6.576,652.2,2.173,2.174,2026-08-10
75da632b6d88410327751e98f443d04e2c80759f5318eecd3ca64d9455bef96c,data/raw/etrade/portfolio_lot_level/20260616-170446-98736df49fee-PositionsLotLevel.csv,2026-06-16 19:58:00,EST,900001001,x1001,Traditional IRA - x1001,USO +190 Shares (4 lots),USO,190,4,06/09/2026,Short term,12.9726052632,11.547,-0.574,11.547,-0.574,12.9726052632,-95.11,-270.865,2193.93,11.485,11.499,--
75da632b6d88410327751e98f443d04e2c80759f5318eecd3ca64d9455bef96c,data/raw/etrade/portfolio_lot_level/20260616-170446-98736df49fee-PositionsLotLevel.csv,2026-06-16 19:58:00,EST,900001001,x1001,Traditional IRA - x1001,VGSH +900 Shares (3 lots),VGSH,900,3,05/26/2026,Short term,5.8232122222,5.822,0.002,5.822,0.002,5.8232122222,1.8,-1.091,5239.8,5.821,5.823,--
75da632b6d88410327751e98f443d04e2c80759f5318eecd3ca64d9455bef96c,data/raw/etrade/portfolio_lot_level/20260616-170446-98736df49fee-PositionsLotLevel.csv,2026-06-16 19:58:00,EST,900001001,x1001,Traditional IRA - x1001,VRT +5 Shares (1 lot),VRT,5,1,05/14/2026,Short term,37.113,29.96,-1.233,29.96,-1.233,37.113,-6.165,-35.765,149.8,30.05,30.073,2026-07-29
75da632b6d88410327751e98f443d04e2c80759f5318eecd3ca64d9455bef96c,data/raw/etrade/portfolio_lot_level/20260616-170446-98736df49fee-PositionsLotLevel.csv,2026-06-16 19:58:00,EST,900001001,x1001,Traditional IRA - x1001,VTIP +300 Shares (2 lots),VTIP,300,2,05/27/2026,Short term,5.0348333333,5.0325,-0.0055,5.0325,-0.0055,5.0348333333,-1.65,-0.7,1509.75,5.031,5.034,--
75da632b6d88410327751e98f443d04e2c80759f5318eecd3ca64d9455bef96c,data/raw/etrade/portfolio_lot_level/20260616-170446-98736df49fee-PositionsLotLevel.csv,2026-06-16 19:58:00,EST,900001001,x1001,Traditional IRA - x1001,XOM +125 Shares (3 lots),XOM,125,3,06/10/2026,Short term,15.0982,14.186,0.094,14.186,0.094,15.0982,11.75,-114.025,1773.25,14.18,14.185,2026-07-31
defd593c3cc089ff1e5b25405b5d6fe47c3b3e81a44f69b0573b87fd0ee2b583,data/raw/etrade/portfolio_lot_level/20260701-235622-61c4bd18ed92-demo-b-Positions.csv,2026-07-01 19:37:00,EST,900001004,x1004,Individual 401(k) - x1004,AMZN +159 Shares (10 lots),AMZN,159,10,09/07/2018,Mixed term,20.5330471,24.17,0.336,24.17,0.336,20.5330471,53.424,578.2755111,3843.03,24.22,24.259,2026-07-30
defd593c3cc089ff1e5b25405b5d6fe47c3b3e81a44f69b0573b87fd0ee2b583,data/raw/etrade/portfolio_lot_level/20260701-235622-61c4bd18ed92-demo-b-Positions.csv,2026-07-01 19:37:00,EST,900001004,x1004,Individual 401(k) - x1004,BRK.B +50 Shares (3 lots),BRK.B,50,3,10/27/2025,Short term,48.5415,49.974,-0.065,49.974,-0.065,48.5415,-3.25,71.625,2498.7,49.974,50,2026-08-01
defd593c3cc089ff1e5b25405b5d6fe47c3b3e81a44f69b0573b87fd0ee2b583,data/raw/etrade/portfolio_lot_level/20260701-235622-61c4bd18ed92-demo-b-Positions.csv,2026-07-01 19:37:00,EST,900001004,x1004,Individual 401(k) - x1004,COPJ +75 Shares (3 lots),COPJ,75,3,01/28/2026,Short term,4.7618166,3.895,-0.065,3.895,-0.065,4.7618166,-4.875,-65.011245,292.125,3.7,4.254,--
defd593c3cc089ff1e5b25405b5d6fe47c3b3e81a44f69b0573b87fd0ee2b583,data/raw/etrade/portfolio_lot_level/20260701-235622-61c4bd18ed92-demo-b-Positions.csv,2026-07-01 19:37:00,EST,900001004,x1004,Individual 401(k) - x1004,EMEQ +25 Shares (1 lot),EMEQ,25,1,05/29/2026,Short term,6.777,6.961,-0.325,6.961,-0.325,6.777,-8.125,4.6,174.025,6.7,7.315,--
defd593c3cc089ff1e5b25405b5d6fe47c3b3e81a44f69b0573b87fd0ee2b583,data/raw/etrade/portfolio_lot_level/20260701-235622-61c4bd18ed92-demo-b-Positions.csv,2026-07-01 19:37:00,EST,900001004,x1004,Individual 401(k) - x1004,ETH +318 Shares (3 lots),ETH,318,3,09/02/2025,Short term,3.4449811,1.537,0.034,1.537,0.034,3.4449811,10.812,-606.7379898,488.766,1.532,1.547,2021-10-28
defd593c3cc089ff1e5b25405b5d6fe47c3b3e81a44f69b0573b87fd0ee2b583,data/raw/etrade/portfolio_lot_level/20260701-235622-61c4bd18ed92-demo-b-Positions.csv,2026-07-01 19:37:00,EST,900001004,x1004,Individual 401(k) - x1004,EWY +30 Shares (2 lots),EWY,30,2,06/11/2026,Short term,19.6818333,18.55,-1.64,18.55,-1.64,19.6818333,-49.2,-33.954999,556.5,18.62,18.724,--
defd593c3cc089ff1e5b25405b5d6fe47c3b3e81a44f69b0573b87fd0ee2b583,data/raw/etrade/portfolio_lot_level/20260701-235622-61c4bd18ed92-demo-b-Positions.csv,2026-07-01 19:37:00,EST,900001004,x1004,Individual 401(k) - x1004,GDE +115 Shares (2 lots),GDE,115,2,02/04/2026,Short term,7.007,6.154,0.0445,6.154,0.0445,7.007,5.117,-98.095,707.71,5.948,6.885,--
defd593c3cc089ff1e5b25405b5d6fe47c3b3e81a44f69b0573b87fd0ee2b583,data/raw/etrade/portfolio_lot_level/20260701-235622-61c4bd18ed92-demo-b-Positions.csv,2026-07-01 19:37:00,EST,900001004,x1004,Individual 401(k) - x1004,GDMN +450 Shares (3 lots),GDMN,450,3,06/12/2026,Short term,7.6731111,7.262,0.021,7.262,0.021,7.6731111,9.45,-184.999995,3267.9,6.969,7.262,--
defd593c3cc089ff1e5b25405b5d6fe47c3b3e81a44f69b0573b87fd0ee2b583,data/raw/etrade/portfolio_lot_level/20260701-235622-61c4bd18ed92-demo-b-Positions.csv,2026-07-01 19:37:00,EST,900001004,x1004,Individual 401(k) - x1004,GM +175 Shares (4 lots),GM,175,4,02/06/2026,Short term,8.1211742,7.552,-0.156,7.552,-0.156,8.1211742,-27.3,-99.605485,1321.6,7.522,7.576,2026-07-21
defd593c3cc089ff1e5b25405b5d6fe47c3b3e81a44f69b0573b87fd0ee2b583,data/raw/etrade/portfolio_lot_level/20260701-235622-61c4bd18ed92-demo-b-Positions.csv,2026-07-01 19:37:00,EST,900001004,x1004,Individual 401(k) - x1004,GRNJ +150 Shares (2 lots),GRNJ,150,2,05/12/2026,Short term,3.0566666,3.098,-0.046,3.098,-0.046,3.0566666,-6.9,6.20001,464.7,3.077,3.174,--
defd593c3cc089ff1e5b25405b5d6fe47c3b3e81a44f69b0573b87fd0ee2b583,data/raw/etrade/portfolio_lot_level/20260701-235622-61c4bd18ed92-demo-b-Positions.csv,2026-07-01 19:37:00,EST,900001004,x1004,Individual 401(k) - x1004,GRNY +200 Shares (2 lots),GRNY,200,2,03/16/2026,Short term,2.5059675,2.768,0.003,2.768,0.003,2.5059675,0.6,52.4065,553.6,2.765,2.776,--
defd593c3cc089ff1e5b25405b5d6fe47c3b3e81a44f69b0573b87fd0ee2b583,data/raw/etrade/portfolio_lot_level/20260701-235622-61c4bd18ed92-demo-b-Positions.csv,2026-07-01 19:37:00,EST,900001004,x1004,Individual 401(k) - x1004,IAUM +575 Shares (7 lots),IAUM,575,7,02/06/2026,Short term,4.4826913,4.026,0.025,4.026,0.025,4.4826913,14.375,-262.5974975,2314.95,4.021,4.026,--
defd593c3cc089ff1e5b25405b5d6fe47c3b3e81a44f69b0573b87fd0ee2b583,data/raw/etrade/portfolio_lot_level/20260701-235622-61c4bd18ed92-demo-b-Positions.csv,2026-07-01 19:37:00,EST,900001004,x1004,Individual 401(k) - x1004,IBIT +600 Shares (2 lots),IBIT,600,2,06/24/2026,Short term,3.4516666,3.4,0.071,3.4,0.071,3.4516666,42.6,-30.99996,2040,3.41,3.414,--
defd593c3cc089ff1e5b25405b5d6fe47c3b3e81a44f69b0573b87fd0ee2b583,data/raw/etrade/portfolio_lot_level/20260701-235622-61c4bd18ed92-demo-b-Positions.csv,2026-07-01 19:37:00,EST,900001004,x1004,Individual 401(k) - x1004,IFRA +25 Shares (1 lot),IFRA,25,1,05/08/2026,Short term,6.149,6.189,-0.115,6.189,-0.115,6.149,-2.875,1,154.725,6.15,6.55,--
defd593c3cc089ff1e5b25405b5d6fe47c3b3e81a44f69b0573b87fd0ee2b583,data/raw/etrade/portfolio_lot_level/20260701-235622-61c4bd18ed92-demo-b-Positions.csv,2026-07-01 19:37:00,EST,900001004,x1004,Individual 401(k) - x1004,IWM +13 Shares (2 lots),IWM,13,2,04/27/2026,Short term,27.9925384,29.932,-0.113,29.932,-0.113,27.9925384,-1.469,25.2130008,389.116,29.904,29.909,--
defd593c3cc089ff1e5b25405b5d6fe47c3b3e81a44f69b0573b87fd0ee2b583,data/raw/etrade/portfolio_lot_level/20260701-235622-61c4bd18ed92-demo-b-Positions.csv,2026-07-01 19:37:00,EST,900001004,x1004,Individual 401(k) - x1004,MSFT +60 Shares (4 lots),MSFT,60,4,06/03/2026,Short term,39.95525,38.428,1.126,38.428,1.126,39.95525,67.56,-91.635,2305.68,38.395,38.399,2026-07-29
defd593c3cc089ff1e5b25405b5d6fe47c3b3e81a44f69b0573b87fd0ee2b583,data/raw/etrade/portfolio_lot_level/20260701-235622-61c4bd18ed92-demo-b-Positions.csv,2026-07-01 19:37:00,EST,900001004,x1004,Individual 401(k) - x1004,PLTR +55 Shares (2 lots),PLTR,55,2,05/05/2026,Short term,13.9941818,12.573,0.906,12.573,0.906,13.9941818,49.83,-78.164999,691.515,12.504,12.522,2026-08-03
defd593c3cc089ff1e5b25405b5d6fe47c3b3e81a44f69b0573b87fd0ee2b583,data/raw/etrade/portfolio_lot_level/20260701-235622-61c4bd18ed92-demo-b-Positions.csv,2026-07-01 19:37:00,EST,900001004,x1004,Individual 401(k) - x1004,SCHP +300 Shares (1 lot),SCHP,300,1,04/16/2026,Short term,2.67699,2.624,-0.0039,2.624,-0.0039,2.67699,-1.17,-15.897,787.2,2.624,2.654,--
defd593c3cc089ff1e5b25405b5d6fe47c3b3e81a44f69b0573b87fd0ee2b583,data/raw/etrade/portfolio_lot_level/20260701-235622-61c4bd18ed92-demo-b-Positions.csv,2026-07-01 19:37:00,EST,900001004,x1004,Individual 401(k) - x1004,SHLD +115 Shares (3 lots),SHLD,115,3,04/09/2026,Short term,7.4017113,6.12,0.149,6.12,0.149,7.4017113,17.135,-147.3967995,703.8,6.1,6.206,2018-11-30
defd593c3cc089ff1e5b25405b5d6fe47c3b3e81a44f69b0573b87fd0ee2b583,data/raw/etrade/portfolio_lot_level/20260701-235622-61c4bd18ed92-demo-b-Positions.csv,2026-07-01 19:37:00,EST,900001004,x1004,Individual 401(k) - x1004,SPCX +75 Shares (2 lots),SPCX,75,2,06/17/2026,Short term,19.5048333,15.754,-1.332,15.754,-1.332,19.5048333,-99.9,-281.3124975,1181.55,15.769,15.784,--
defd593c3cc089ff1e5b25405b5d6fe47c3b3e81a44f69b0573b87fd0ee2b583,data/raw/etrade/portfolio_lot_level/20260701-235622-61c4bd18ed92-demo-b-Positions.csv,2026-07-01 19:37:00,EST,900001004,x1004,Individual 401(k) - x1004,SPMO +65 Shares (2 lots),SPMO,65,2,06/12/2026,Short term,15.1743846,15.532,-0.622,15.532,-0.622,15.1743846,-40.43,23.245001,1009.58,15.525,15.567,--
defd593c3cc089ff1e5b25405b5d6fe47c3b3e81a44f69b0573b87fd0ee2b583,data/raw/etrade/portfolio_lot_level/20260701-235622-61c4bd18ed92-demo-b-Positions.csv,2026-07-01 19:37:00,EST,900001004,x1004,Individual 401(k) - x1004,VGSH +1305 Shares (6 lots),VGSH,1305,6,06/03/2026,Short term,5.8138546,5.802,-0.0002,5.802,-0.0002,5.8138546,-0.261,-15.470253,7571.61,5.801,5.804,--
defd593c3cc089ff1e5b25405b5d6fe47c3b3e81a44f69b0573b87fd0ee2b583,data/raw/etrade/portfolio_lot_level/20260701-235622-61c4bd18ed92-demo-b-Positions.csv,2026-07-01 19:37:00,EST,900001004,x1004,Individual 401(k) - x1004,VOOV +23 Shares (3 lots),VOOV,23,3,05/26/2026,Short term,21.9863913,21.991,0.07,21.991,0.07,21.9863913,1.61,0.1060001,505.793,21.922,22.054,--
defd593c3cc089ff1e5b25405b5d6fe47c3b3e81a44f69b0573b87fd0ee2b583,data/raw/etrade/portfolio_lot_level/20260701-235622-61c4bd18ed92-demo-b-Positions.csv,2026-07-01 19:37:00,EST,900001004,x1004,Individual 401(k) - x1004,VT +35 Shares (2 lots),VT,35,2,01/26/2026,Short term,15.4649,15.612,-0.083,15.612,-0.083,15.4649,-2.905,5.1485,546.42,15.616,15.698,--
defd593c3cc089ff1e5b25405b5d6fe47c3b3e81a44f69b0573b87fd0ee2b583,data/raw/etrade/portfolio_lot_level/20260701-235622-61c4bd18ed92-demo-b-Positions.csv,2026-07-01 19:37:00,EST,900001004,x1004,Individual 401(k) - x1004,VTIP +105 Shares (2 lots),VTIP,105,2,04/20/2026,Short term,5.024919,4.952,-0.003,4.952,-0.003,5.024919,-0.315,-7.656495,519.96,4.952,4.959,--
2b8438c02a47d418829d66cf1eb75a76e9b76cfeb73ccac5934423550f687186,data/raw/etrade/portfolio_lot_level/20260701-235622-bffbaaf60491-demo-a-Positions.csv,2026-07-01 19:49:00,EST,900001001,x1001,Traditional IRA - x1001,AEM +70 Shares (4 lots),AEM,70,4,06/09/2026,Short term,15.7300428,15.485,-0.028,15.485,-0.028,15.7300428,-1.96,-17.152996,1083.95,15.415,15.44,2026-07-29
2b8438c02a47d418829d66cf1eb75a76e9b76cfeb73ccac5934423550f687186,data/raw/etrade/portfolio_lot_level/20260701-235622-bffbaaf60491-demo-a-Positions.csv,2026-07-01 19:49:00,EST,900001001,x1001,Traditional IRA - x1001,AGX +29 Shares (6 lots),AGX,29,6,05/07/2026,Short term,71.6990689,76.456,-3.399,76.456,-3.399,71.6990689,-98.571,137.9510019,2217.224,76.376,77.78,2026-09-03
2b8438c02a47d418829d66cf1eb75a76e9b76cfeb73ccac5934423550f687186,data/raw/etrade/portfolio_lot_level/20260701-235622-bffbaaf60491-demo-a-Positions.csv,2026-07-01 19:49:00,EST,900001001,x1001,Traditional IRA - x1001,AMZN +150 Shares (9 lots),AMZN,150,9,05/11/2026,Short term,25.7408666,24.17,0.336,24.17,0.336,25.7408666,50.4,-235.62999,3625.5,24.23,24.259,2026-07-30
2b8438c02a47d418829d66cf1eb75a76e9b76cfeb73ccac5934423550f687186,data/raw/etrade/portfolio_lot_level/20260701-235622-bffbaaf60491-demo-a-Positions.csv,2026-07-01 19:49:00,EST,900001001,x1001,Traditional IRA - x1001,APP +5 Shares (1 lot),APP,5,1,06/10/2026,Short term,50.154,56.461,4.938,56.461,4.938,50.154,24.69,31.535,282.305,56.1,56.199,2026-08-06
2b8438c02a47d418829d66cf1eb75a76e9b76cfeb73ccac5934423550f687186,data/raw/etrade/portfolio_lot_level/20260701-235622-bffbaaf60491-demo-a-Positions.csv,2026-07-01 19:49:00,EST,900001001,x1001,Traditional IRA - x1001,ARE +1350 Shares (14 lots),ARE,1350,14,10/13/2025,Short term,5.4114766,5.301,0.016,5.301,0.016,5.4114766,21.6,-149.14341,7156.35,5.223,5.388,2026-08-03
2b8438c02a47d418829d66cf1eb75a76e9b76cfeb73ccac5934423550f687186,data/raw/etrade/portfolio_lot_level/20260701-235622-bffbaaf60491-demo-a-Positions.csv,2026-07-01 19:49:00,EST,900001001,x1001,Traditional IRA - x1001,ARKX +250 Shares (3 lots),ARKX,250,3,06/18/2026,Short term,3.3874,3.383,-0.029,3.383,-0.029,3.3874,-6.8,-1.1,845.75,3.38,3.416,--
2b8438c02a47d418829d66cf1eb75a76e9b76cfeb73ccac5934423550f687186,data/raw/etrade/portfolio_lot_level/20260701-235622-bffbaaf60491-demo-a-Positions.csv,2026-07-01 19:49:00,EST,900001001,x1001,Traditional IRA - x1001,AUGO +190 Shares (6 lots),AUGO,190,6,04/20/2026,Short term,8.7448447,6.05,-0.245,6.05,-0.245,8.7448447,-46.55,-512.020493,1149.5,6,6.4,2026-08-05
2b8438c02a47d418829d66cf1eb75a76e9b76cfeb73ccac5934423550f687186,data/raw/etrade/portfolio_lot_level/20260701-235622-bffbaaf60491-demo-a-Positions.csv,2026-07-01 19:49:00,EST,900001001,x1001,Traditional IRA - x1001,B +270 Shares (4 lots),B,270,4,01/15/2026,Short term,4.2410981,3.645,-0.028,3.645,-0.028,4.2410981,-7.56,-160.946487,984.15,3.649,3.655,2026-08-11
2b8438c02a47d418829d66cf1eb75a76e9b76cfeb73ccac5934423550f687186,data/raw/etrade/portfolio_lot_level/20260701-235622-bffbaaf60491-demo-a-Positions.csv,2026-07-01 19:49:00,EST,900001001,x1001,Traditional IRA - x1001,BE +10 Shares (1 lot),BE,10,1,06/26/2026,Short term,27.3447,28.95,-1.32,28.95,-1.32,27.3447,-13.2,16.053,289.5,29.511,29.543,2026-07-30
2b8438c02a47d418829d66cf1eb75a76e9b76cfeb73ccac5934423550f687186,data/raw/etrade/portfolio_lot_level/20260701-235622-bffbaaf60491-demo-a-Positions.csv,2026-07-01 19:49:00,EST,900001001,x1001,Traditional IRA - x1001,BLOX +1175 Shares (8 lots),BLOX,1175,8,05/15/2026,Short term,1.7018642,1.505,-0.051,1.505,-0.051,1.7018642,-59.925,-231.315435,1768.375,1.5,1.518,--
2b8438c02a47d418829d66cf1eb75a76e9b76cfeb73ccac5934423550f687186,data/raw/etrade/portfolio_lot_level/20260701-235622-bffbaaf60491-demo-a-Positions.csv,2026-07-01 19:49:00,EST,900001001,x1001,Traditional IRA - x1001,BRK.B +75 Shares (10 lots),BRK.B,75,10,10/08/2025,Short term,49.5800119,49.974,-0.065,49.974,-0.065,49.5800119,-4.875,29.5491075,3748.05,49.974,50,2026-08-01
2b8438c02a47d418829d66cf1eb75a76e9b76cfeb73ccac5934423550f687186,data/raw/etrade/portfolio_lot_level/20260701-235622-bffbaaf60491-demo-a-Positions.csv,2026-07-01 19:49:00,EST,900001001,x1001,Traditional IRA - x1001,BTG +3500 Shares (3 lots),BTG,3500,3,06/05/2026,Short term,0.4055285,0.382,0.008,0.382,0.008,0.4055285,28,-82.34975,1337,0.383,0.386,2026-08-06
2b8438c02a47d418829d66cf1eb75a76e9b76cfeb73ccac5934423550f687186,data/raw/etrade/portfolio_lot_level/20260701-235622-bffbaaf60491-demo-a-Positions.csv,2026-07-01 19:49:00,EST,900001001,x1001,Traditional IRA - x1001,CCL +200 Shares (2 lots),CCL,200,2,09/29/2025,Short term,3.00285,2.852,-0.005,2.852,-0.005,3.00285,-1,-30.17,570.4,2.85,2.861,2026-09-28
2b8438c02a47d418829d66cf1eb75a76e9b76cfeb73ccac5934423550f687186,data/raw/etrade/portfolio_lot_level/20260701-235622-bffbaaf60491-demo-a-Positions.csv,2026-07-01 19:49:00,EST,900001001,x1001,Traditional IRA - x1001,CLS +54 Shares (6 lots),CLS,54,6,05/04/2026,Short term,38.5167777,36.162,-0.318,36.162,-0.318,38.5167777,-17.172,-127.1579958,1952.748,35.5,36.139,2026-07-27
2b8438c02a47d418829d66cf1eb75a76e9b76cfeb73ccac5934423550f687186,data/raw/etrade/portfolio_lot_level/20260701-235622-bffbaaf60491-demo-a-Positions.csv,2026-07-01 19:49:00,EST,900001001,x1001,Traditional IRA - x1001,CNC +210 Shares (5 lots),CNC,210,5,06/08/2026,Short term,6.480469,6.835,0.416,6.835,0.416,6.480469,87.36,74.45151,1435.35,6.83,6.85,2026-07-28
2b8438c02a47d418829d66cf1eb75a76e9b76cfeb73ccac5934423550f687186,data/raw/etrade/portfolio_lot_level/20260701-235622-bffbaaf60491-demo-a-Positions.csv,2026-07-01 19:49:00,EST,900001001,x1001,Traditional IRA - x1001,CNSWF +37 Shares (4 lots),CNSWF,37,4,05/27/2026,Short term,196.7425945,192.94175,4.14175,192.94175,4.14175,196.7880809865,153.24475,-142.3142465,7138.84475,0,0,--
2b8438c02a47d418829d66cf1eb75a76e9b76cfeb73ccac5934423550f687186,data/raw/etrade/portfolio_lot_level/20260701-235622-bffbaaf60491-demo-a-Positions.csv,2026-07-01 19:49:00,EST,900001001,x1001,Traditional IRA - x1001,CRDO +80 Shares (5 lots),CRDO,80,5,06/12/2026,Short term,26.548875,25.909,-1.286,25.909,-1.286,26.548875,-89.125,-51.19,2072.72,25.85,25.9,2026-09-02
2b8438c02a47d418829d66cf1eb75a76e9b76cfeb73ccac5934423550f687186,data/raw/etrade/portfolio_lot_level/20260701-235622-bffbaaf60491-demo-a-Positions.csv,2026-07-01 19:49:00,EST,900001001,x1001,Traditional IRA - x1001,CRM +10 Shares (1 lot),CRM,10,1,06/09/2026,Short term,17.3605,16.323,0.657,16.323,0.657,17.3605,6.57,-10.375,163.23,16.21,16.25,2026-09-02
2b8438c02a47d418829d66cf1eb75a76e9b76cfeb73ccac5934423550f687186,data/raw/etrade/portfolio_lot_level/20260701-235622-bffbaaf60491-demo-a-Positions.csv,2026-07-01 19:49:00,EST,900001001,x1001,Traditional IRA - x1001,CSTM +1000 Shares (9 lots),CSTM,1000,9,05/14/2026,Short term,3.3057665,3.024,-0.163,3.024,-0.163,3.3057665,-163,-281.7665,3024,3.025,3.041,2026-07-28
2b8438c02a47d418829d66cf1eb75a76e9b76cfeb73ccac5934423550f687186,data/raw/etrade/portfolio_lot_level/20260701-235622-bffbaaf60491-demo-a-Positions.csv,2026-07-01 19:49:00,EST,900001001,x1001,Traditional IRA - x1001,DRH +4375 Shares (10 lots),DRH,4375,10,05/12/2026,Short term,1.1990171,1.193,-0.025,1.193,-0.025,1.1990171,-109.375,-26.3248125,5219.375,1.161,1.219,2026-07-30
2b8438c02a47d418829d66cf1eb75a76e9b76cfeb73ccac5934423550f687186,data/raw/etrade/portfolio_lot_level/20260701-235622-bffbaaf60491-demo-a-Positions.csv,2026-07-01 19:49:00,EST,900001001,x1001,Traditional IRA - x1001,DY +27 Shares (3 lots),DY,27,3,05/29/2026,Short term,49.8414233,47.051,-3.508,47.051,-3.508,49.8414233,-81.654,-75.3414291,1270.377,46.501,48.847,2026-08-26
2b8438c02a47d418829d66cf1eb75a76e9b76cfeb73ccac5934423550f687186,data/raw/etrade/portfolio_lot_level/20260701-235622-bffbaaf60491-demo-a-Positions.csv,2026-07-01 19:49:00,EST,900001001,x1001,Traditional IRA - x1001,EAT +45 Shares (2 lots),EAT,45,2,07/02/2025,Short term,17.7656666,17.207,0.407,17.207,0.407,17.7656666,18.315,-25.139997,774.315,15.207,17.8,2026-08-12
2b8438c02a47d418829d66cf1eb75a76e9b76cfeb73ccac5934423550f687186,data/raw/etrade/portfolio_lot_level/20260701-235622-bffbaaf60491-demo-a-Positions.csv,2026-07-01 19:49:00,EST,900001001,x1001,Traditional IRA - x1001,EMEQ +200 Shares (5 lots),EMEQ,200,5,05/29/2026,Short term,6.91522,6.961,-0.325,6.961,-0.325,6.91522,-53.494,9.156,1392.2,6.7,7.315,--
2b8438c02a47d418829d66cf1eb75a76e9b76cfeb73ccac5934423550f687186,data/raw/etrade/portfolio_lot_level/20260701-235622-bffbaaf60491-demo-a-Positions.csv,2026-07-01 19:49:00,EST,900001001,x1001,Traditional IRA - x1001,EPR +150 Shares (2 lots),EPR,150,2,06/08/2026,Short term,5.8795,5.774,-0.027,5.774,-0.027,5.8795,-4.05,-15.825,866.1,5.723,5.858,2026-07-29
2b8438c02a47d418829d66cf1eb75a76e9b76cfeb73ccac5934423550f687186,data/raw/etrade/portfolio_lot_level/20260701-235622-bffbaaf60491-demo-a-Positions.csv,2026-07-01 19:49:00,EST,900001001,x1001,Traditional IRA - x1001,ET +1595 Shares (11 lots),ET,1595,11,05/01/2026,Short term,1.96057,1.905,-0.007,1.905,-0.007,1.96057,-11.165,-88.63415,3038.475,1.901,1.903,2026-08-04
2b8438c02a47d418829d66cf1eb75a76e9b76cfeb73ccac5934423550f687186,data/raw/etrade/portfolio_lot_level/20260701-235622-bffbaaf60491-demo-a-Positions.csv,2026-07-01 19:49:00,EST,900001001,x1001,Traditional IRA - x1001,EWY +70 Shares (3 lots),EWY,70,3,06/02/2026,Short term,20.2309571,18.55,-1.64,18.55,-1.64,20.2309571,-114.8,-117.666997,1298.5,18.625,18.689,--
2b8438c02a47d418829d66cf1eb75a76e9b76cfeb73ccac5934423550f687186,data/raw/etrade/portfolio_lot_level/20260701-235622-bffbaaf60491-demo-a-Positions.csv,2026-07-01 19:49:00,EST,900001001,x1001,Traditional IRA - x1001,EZPW +625 Shares (8 lots),EZPW,625,8,05/13/2026,Short term,3.2643767,3.553,0.096,3.553,0.096,3.2643767,63.187,180.3895625,2220.625,3.511,3.611,2026-07-29
2b8438c02a47d418829d66cf1eb75a76e9b76cfeb73ccac5934423550f687186,data/raw/etrade/portfolio_lot_level/20260701-235622-bffbaaf60491-demo-a-Positions.csv,2026-07-01 19:49:00,EST,900001001,x1001,Traditional IRA - x1001,FMX +80 Shares (4 lots),FMX,80,4,06/10/2026,Short term,12.5647749,12.811,0.021,12.811,0.021,12.5647749,1.68,19.698008,1024.88,9.911,13.357,2026-07-28
2b8438c02a47d418829d66cf1eb75a76e9b76cfeb73ccac5934423550f687186,data/raw/etrade/portfolio_lot_level/20260701-235622-bffbaaf60491-demo-a-Positions.csv,2026-07-01 19:49:00,EST,900001001,x1001,Traditional IRA - x1001,FN +15 Shares (3 lots),FN,15,3,06/11/2026,Short term,58.3258666,54.718,-1.49,54.718,-1.49,58.3258666,-14.6,-54.117999,820.77,54.825,56.08,2026-08-17
2b8438c02a47d418829d66cf1eb75a76e9b76cfeb73ccac5934423550f687186,data/raw/etrade/portfolio_lot_level/20260701-235622-bffbaaf60491-demo-a-Positions.csv,2026-07-01 19:49:00,EST,900001001,x1001,Traditional IRA - x1001,FRCB +376 Shares (3 lots),FRCB,376,3,08/14/2017,Long term,1.7655638,0.00011,-0.000035,0.00011,-0.000035,1.7655638,-0.01364,-663.8106288,0.04136,0,0,2023-07-27
2b8438c02a47d418829d66cf1eb75a76e9b76cfeb73ccac5934423550f687186,data/raw/etrade/portfolio_lot_level/20260701-235622-bffbaaf60491-demo-a-Positions.csv,2026-07-01 19:49:00,EST,900001001,x1001,Traditional IRA - x1001,GDMN +375 Shares (5 lots),GDMN,375,5,06/15/2026,Short term,8.075872,7.262,0.021,7.262,0.021,8.075872,7.875,-305.202,2723.25,6.969,7.262,--
2b8438c02a47d418829d66cf1eb75a76e9b76cfeb73ccac5934423550f687186,data/raw/etrade/portfolio_lot_level/20260701-235622-bffbaaf60491-demo-a-Positions.csv,2026-07-01 19:49:00,EST,900001001,x1001,Traditional IRA - x1001,GM +325 Shares (9 lots),GM,325,9,06/02/2026,Short term,8.0629015,7.552,-0.156,7.552,-0.156,8.0629015,-50.7,-166.0429875,2454.4,7.522,7.576,2026-07-21
2b8438c02a47d418829d66cf1eb75a76e9b76cfeb73ccac5934423550f687186,data/raw/etrade/portfolio_lot_level/20260701-235622-bffbaaf60491-demo-a-Positions.csv,2026-07-01 19:49:00,EST,900001001,x1001,Traditional IRA - x1001,GOOG +55 Shares (6 lots),GOOG,55,6,06/01/2026,Short term,35.9056363,35.789,0.456,35.789,0.456,35.9056363,25.08,-6.4149965,1968.395,35.68,35.726,2026-07-23
2b8438c02a47d418829d66cf1eb75a76e9b76cfeb73ccac5934423550f687186,data/raw/etrade/portfolio_lot_level/20260701-235622-bffbaaf60491-demo-a-Positions.csv,2026-07-01 19:49:00,EST,900001001,x1001,Traditional IRA - x1001,HHH +135 Shares (5 lots),HHH,135,5,10/08/2025,Short term,8.4053777,7.253,0.104,7.253,0.104,8.4053777,14.04,-155.5709895,979.155,7.101,7.402,2026-08-05
2b8438c02a47d418829d66cf1eb75a76e9b76cfeb73ccac5934423550f687186,data/raw/etrade/portfolio_lot_level/20260701-235622-bffbaaf60491-demo-a-Positions.csv,2026-07-01 19:49:00,EST,900001001,x1001,Traditional IRA - x1001,IAUM +700 Shares (7 lots),IAUM,700,7,03/02/2026,Short term,4.5533428,4.026,0.025,4.026,0.025,4.5533428,17.5,-369.13996,2818.2,4.024,4.028,--
2b8438c02a47d418829d66cf1eb75a76e9b76cfeb73ccac5934423550f687186,data/raw/etrade/portfolio_lot_level/20260701-235622-bffbaaf60491-demo-a-Positions.csv,2026-07-01 19:49:00,EST,900001001,x1001,Traditional IRA - x1001,IBIT +150 Shares (1 lot),IBIT,150,1,06/15/2026,Short term,3.782,3.4,0.071,3.4,0.071,3.782,10.65,-57.3,510,3.407,3.411,--
2b8438c02a47d418829d66cf1eb75a76e9b76cfeb73ccac5934423550f687186,data/raw/etrade/portfolio_lot_level/20260701-235622-bffbaaf60491-demo-a-Positions.csv,2026-07-01 19:49:00,EST,900001001,x1001,Traditional IRA - x1001,ICHR +55 Shares (2 lots),ICHR,55,2,06/24/2026,Short term,9.8895454,11.177,-0.051,11.177,-0.051,9.8895454,18.585,70.810003,614.735,11.35,11.42,2026-08-04
2b8438c02a47d418829d66cf1eb75a76e9b76cfeb73ccac5934423550f687186,data/raw/etrade/portfolio_lot_level/20260701-235622-bffbaaf60491-demo-a-Positions.csv,2026-07-01 19:49:00,EST,900001001,x1001,Traditional IRA - x1001,IGM +30 Shares (2 lots),IGM,30,2,06/26/2026,Short term,16.0406,16.101,-0.257,16.101,-0.257,16.0406,-4.79,1.812,483.03,16.049,16.148,--
2b8438c02a47d418829d66cf1eb75a76e9b76cfeb73ccac5934423550f687186,data/raw/etrade/portfolio_lot_level/20260701-235622-bffbaaf60491-demo-a-Positions.csv,2026-07-01 19:49:00,EST,900001001,x1001,Traditional IRA - x1001,IGV +25 Shares (1 lot),IGV,25,1,07/01/2026,Short term,9.2555,9.334,0.274,9.334,0.274,9.2555,1.962,1.9625,233.35,9.334,9.37,--
2b8438c02a47d418829d66cf1eb75a76e9b76cfeb73ccac5934423550f687186,data/raw/etrade/portfolio_lot_level/20260701-235622-bffbaaf60491-demo-a-Positions.csv,2026-07-01 19:49:00,EST,900001001,x1001,Traditional IRA - x1001,INCY +125 Shares (2 lots),INCY,125,2,06/10/2026,Short term,11.0598,11.381,0.045,11.381,0.045,11.0598,5.625,40.15,1422.625,11.299,11.6,2026-07-28
2b8438c02a47d418829d66cf1eb75a76e9b76cfeb73ccac5934423550f687186,data/raw/etrade/portfolio_lot_level/20260701-235622-bffbaaf60491-demo-a-Positions.csv,2026-07-01 19:49:00,EST,900001001,x1001,Traditional IRA - x1001,INDV +325 Shares (4 lots),INDV,325,4,06/09/2026,Short term,3.9272707,4.025,-0.078,4.025,-0.078,3.9272707,-25.35,31.7620225,1308.125,4,4.3,2026-08-06
2b8438c02a47d418829d66cf1eb75a76e9b76cfeb73ccac5934423550f687186,data/raw/etrade/portfolio_lot_level/20260701-235622-bffbaaf60491-demo-a-Positions.csv,2026-07-01 19:49:00,EST,900001001,x1001,Traditional IRA - x1001,IWM +100 Shares (1 lot),IWM,100,1,06/15/2026,Short term,29.726,29.932,-0.113,29.932,-0.113,29.726,-11.3,20.6,2993.2,29.901,29.907,--
2b8438c02a47d418829d66cf1eb75a76e9b76cfeb73ccac5934423550f687186,data/raw/etrade/portfolio_lot_level/20260701-235622-bffbaaf60491-demo-a-Positions.csv,2026-07-01 19:49:00,EST,900001001,x1001,Traditional IRA - x1001,JAZZ +25 Shares (2 lots),JAZZ,25,2,06/08/2026,Short term,22.9617199,23.751,-0.346,23.751,-0.346,22.9617199,-8.65,19.7320025,593.775,20,24.9,2026-08-04
2b8438c02a47d418829d66cf1eb75a76e9b76cfeb73ccac5934423550f687186,data/raw/etrade/portfolio_lot_level/20260701-235622-bffbaaf60491-demo-a-Positions.csv,2026-07-01 19:49:00,EST,900001001,x1001,Traditional IRA - x1001,KGC +341 Shares (4 lots),KGC,341,4,01/21/2026,Short term,3.1653079,2.347,-0.015,2.347,-0.015,3.1653079,-5.115,-279.0429939,800.327,2.347,2.355,2026-07-29
2b8438c02a47d418829d66cf1eb75a76e9b76cfeb73ccac5934423550f687186,data/raw/etrade/portfolio_lot_level/20260701-235622-bffbaaf60491-demo-a-Positions.csv,2026-07-01 19:49:00,EST,900001001,x1001,Traditional IRA - x1001,LITE +10 Shares (2 lots),LITE,10,2,06/26/2026,Short term,82.82991,80.116,-5.69,80.116,-5.69,82.82991,-47.679,-27.1391,801.16,79.811,80.085,2026-08-12
2b8438c02a47d418829d66cf1eb75a76e9b76cfeb73ccac5934423550f687186,data/raw/etrade/portfolio_lot_level/20260701-235622-bffbaaf60491-demo-a-Positions.csv,2026-07-01 19:49:00,EST,900001001,x1001,Traditional IRA - x1001,MDLZ +15 Shares (1 lot),MDLZ,15,1,06/12/2026,Short term,6.332,5.935,0.151,5.935,0.151,6.332,2.265,-5.955,89.025,5.936,5.982,2026-07-28
2b8438c02a47d418829d66cf1eb75a76e9b76cfeb73ccac5934423550f687186,data/raw/etrade/portfolio_lot_level/20260701-235622-bffbaaf60491-demo-a-Positions.csv,2026-07-01 19:49:00,EST,900001001,x1001,Traditional IRA - x1001,MKOR +100 Shares (2 lots),MKOR,100,2,06/12/2026,Short term,6.8705,6.26914,-0.36372,6.26914,-0.36372,6.8705,-36.372,-60.136,626.914,6.087,7.286,--
2b8438c02a47d418829d66cf1eb75a76e9b76cfeb73ccac5934423550f687186,data/raw/etrade/portfolio_lot_level/20260701-235622-bffbaaf60491-demo-a-Positions.csv,2026-07-01 19:49:00,EST,900001001,x1001,Traditional IRA - x1001,MLPI +345 Shares (7 lots),MLPI,345,7,05/15/2026,Short term,5.6562724,5.437,-0.065,5.437,-0.065,5.6562724,-22.425,-75.648978,1875.765,5.426,5.45,--
2b8438c02a47d418829d66cf1eb75a76e9b76cfeb73ccac5934423550f687186,data/raw/etrade/portfolio_lot_level/20260701-235622-bffbaaf60491-demo-a-Positions.csv,2026-07-01 19:49:00,EST,900001001,x1001,Traditional IRA - x1001,MRK +125 Shares (1 lot),MRK,125,1,06/12/2026,Short term,12.059872,12.537,-0.313,12.537,-0.313,12.059872,-39.125,59.641,1567.125,12.477,12.6,2026-08-04
2b8438c02a47d418829d66cf1eb75a76e9b76cfeb73ccac5934423550f687186,data/raw/etrade/portfolio_lot_level/20260701-235622-bffbaaf60491-demo-a-Positions.csv,2026-07-01 19:49:00,EST,900001001,x1001,Traditional IRA - x1001,MSFT +167 Shares (17 lots),MSFT,167,17,04/29/2026,Short term,40.7857401,38.428,1.126,38.428,1.126,40.7857401,188.042,-393.7425967,6417.476,38.414,38.45,2026-07-29
2b8438c02a47d418829d66cf1eb75a76e9b76cfeb73ccac5934423550f687186,data/raw/etrade/portfolio_lot_level/20260701-235622-bffbaaf60491-demo-a-Positions.csv,2026-07-01 19:49:00,EST,900001001,x1001,Traditional IRA - x1001,MXL +110 Shares (3 lots),MXL,110,3,06/26/2026,Short term,11.4634,11.239,-1.564,11.239,-1.564,11.4634,-93.59,-24.684,1236.29,11.314,11.36,2026-07-22
2b8438c02a47d418829d66cf1eb75a76e9b76cfeb73ccac5934423550f687186,data/raw/etrade/portfolio_lot_level/20260701-235622-bffbaaf60491-demo-a-Positions.csv,2026-07-01 19:49:00,EST,900001001,x1001,Traditional IRA - x1001,MYRG +25 Shares (2 lots),MYRG,25,2,05/29/2026,Short term,46.323,46.311,-3.729,46.311,-3.729,46.323,-93.225,-0.3,1157.775,46.349,47.512,2026-07-29
2b8438c02a47d418829d66cf1eb75a76e9b76cfeb73ccac5934423550f687186,data/raw/etrade/portfolio_lot_level/20260701-235622-bffbaaf60491-demo-a-Positions.csv,2026-07-01 19:49:00,EST,900001001,x1001,Traditional IRA - x1001,NBIS +20 Shares (2 lots),NBIS,20,2,06/26/2026,Short term,24.141125,22.918,-4.699,22.918,-4.699,24.141125,-40.047,-24.4625,458.36,23.096,23.165,2026-08-06
2b8438c02a47d418829d66cf1eb75a76e9b76cfeb73ccac5934423550f687186,data/raw/etrade/portfolio_lot_level/20260701-235622-bffbaaf60491-demo-a-Positions.csv,2026-07-01 19:49:00,EST,900001001,x1001,Traditional IRA - x1001,NEM +85 Shares (3 lots),NEM,85,3,02/20/2026,Short term,11.7344941,9.33,-0.01,9.33,-0.01,11.7344941,-0.85,-204.3819985,793.05,9.3,9.318,2026-07-23
2b8438c02a47d418829d66cf1eb75a76e9b76cfeb73ccac5934423550f687186,data/raw/etrade/portfolio_lot_level/20260701-235622-bffbaaf60491-demo-a-Positions.csv,2026-07-01 19:49:00,EST,900001001,x1001,Traditional IRA - x1001,NEXA +1350 Shares (6 lots),NEXA,1350,6,06/02/2026,Short term,1.4115807,1.204,-0.02,1.204,-0.02,1.4115807,-27,-280.233945,1625.4,1.193,1.2,2026-07-30
2b8438c02a47d418829d66cf1eb75a76e9b76cfeb73ccac5934423550f687186,data/raw/etrade/portfolio_lot_level/20260701-235622-bffbaaf60491-demo-a-Positions.csv,2026-07-01 19:49:00,EST,900001001,x1001,Traditional IRA - x1001,NLCP +2950 Shares (6 lots),NLCP,2950,6,05/29/2026,Short term,1.5538135,1.561,-0.035,1.561,-0.035,1.5547504492,-103.25,18.436175,4604.95,0,0,2026-08-05
2b8438c02a47d418829d66cf1eb75a76e9b76cfeb73ccac5934423550f687186,data/raw/etrade/portfolio_lot_level/20260701-235622-bffbaaf60491-demo-a-Positions.csv,2026-07-01 19:49:00,EST,900001001,x1001,Traditional IRA - x1001,NVDA +45 Shares (1 lot),NVDA,45,1,06/03/2026,Short term,21.69,19.758,-0.251,19.758,-0.251,21.69,-11.295,-86.94,889.11,19.731,19.744,2026-08-26
2b8438c02a47d418829d66cf1eb75a76e9b76cfeb73ccac5934423550f687186,data/raw/etrade/portfolio_lot_level/20260701-235622-bffbaaf60491-demo-a-Positions.csv,2026-07-01 19:49:00,EST,900001001,x1001,Traditional IRA - x1001,PARR +247 Shares (4 lots),PARR,247,4,05/05/2026,Short term,5.8848906,5.88,0.272,5.88,0.272,5.8848906,67.184,-1.2079782,1452.36,5.553,6,2026-08-04
2b8438c02a47d418829d66cf1eb75a76e9b76cfeb73ccac5934423550f687186,data/raw/etrade/portfolio_lot_level/20260701-235622-bffbaaf60491-demo-a-Positions.csv,2026-07-01 19:49:00,EST,900001001,x1001,Traditional IRA - x1001,PBR +375 Shares (3 lots),PBR,375,3,06/08/2026,Short term,1.8059053,1.599,-0.017,1.599,-0.017,1.8059053,-6.375,-77.5894875,599.625,1.59,1.599,2026-08-06
2b8438c02a47d418829d66cf1eb75a76e9b76cfeb73ccac5934423550f687186,data/raw/etrade/portfolio_lot_level/20260701-235622-bffbaaf60491-demo-a-Positions.csv,2026-07-01 19:49:00,EST,900001001,x1001,Traditional IRA - x1001,PINE +1300 Shares (5 lots),PINE,1300,5,06/10/2026,Short term,2.0121869,2.097,0.021,2.097,0.021,2.0121869,27.3,110.25703,2726.1,1.95,2.225,2026-07-23
2b8438c02a47d418829d66cf1eb75a76e9b76cfeb73ccac5934423550f687186,data/raw/etrade/portfolio_lot_level/20260701-235622-bffbaaf60491-demo-a-Positions.csv,2026-07-01 19:49:00,EST,900001001,x1001,Traditional IRA - x1001,PLTR +255 Shares (5 lots),PLTR,255,5,06/02/2026,Short term,14.462149,12.573,0.906,12.573,0.906,14.462149,231.03,-481.732995,3206.115,12.523,12.53,2026-08-03
2b8438c02a47d418829d66cf1eb75a76e9b76cfeb73ccac5934423550f687186,data/raw/etrade/portfolio_lot_level/20260701-235622-bffbaaf60491-demo-a-Positions.csv,2026-07-01 19:49:00,EST,900001001,x1001,Traditional IRA - x1001,PM +130 Shares (6 lots),PM,130,6,06/12/2026,Short term,18.061673,17.769,-0.322,17.769,-0.322,18.061673,-41.86,-38.04749,2309.97,17.787,17.815,2026-07-22
2b8438c02a47d418829d66cf1eb75a76e9b76cfeb73ccac5934423550f687186,data/raw/etrade/portfolio_lot_level/20260701-235622-bffbaaf60491-demo-a-Positions.csv,2026-07-01 19:49:00,EST,900001001,x1001,Traditional IRA - x1001,PPLT +100 Shares (1 lot),PPLT,100,1,05/14/2026,Short term,1.87595,1.429,0.016,1.429,0.016,1.87595,1.6,-44.695,142.9,1.43,1.439,--
2b8438c02a47d418829d66cf1eb75a76e9b76cfeb73ccac5934423550f687186,data/raw/etrade/portfolio_lot_level/20260701-235622-bffbaaf60491-demo-a-Positions.csv,2026-07-01 19:49:00,EST,900001001,x1001,Traditional IRA - x1001,PSTL +1600 Shares (15 lots),PSTL,1600,15,03/09/2026,Short term,2.3284009,2.472,0.008,2.472,0.008,2.3284009,12.8,229.75856,3955.2,2.214,2.472,2026-08-03
2b8438c02a47d418829d66cf1eb75a76e9b76cfeb73ccac5934423550f687186,data/raw/etrade/portfolio_lot_level/20260701-235622-bffbaaf60491-demo-a-Positions.csv,2026-07-01 19:49:00,EST,900001001,x1001,Traditional IRA - x1001,PSUS +1050 Shares (11 lots),PSUS,1050,11,05/28/2026,Short term,3.8411795,3.888,0.15,3.888,0.15,3.8411795,157.5,49.161525,4082.4,3.8,3.935,--
2b8438c02a47d418829d66cf1eb75a76e9b76cfeb73ccac5934423550f687186,data/raw/etrade/portfolio_lot_level/20260701-235622-bffbaaf60491-demo-a-Positions.csv,2026-07-01 19:49:00,EST,900001001,x1001,Traditional IRA - x1001,QQQ +20 Shares (1 lot),QQQ,20,1,06/15/2026,Short term,73.819,72.517,-1.123,72.517,-1.123,73.819,-22.46,-26.04,1450.34,72.482,72.489,--
2b8438c02a47d418829d66cf1eb75a76e9b76cfeb73ccac5934423550f687186,data/raw/etrade/portfolio_lot_level/20260701-235622-bffbaaf60491-demo-a-Positions.csv,2026-07-01 19:49:00,EST,900001001,x1001,Traditional IRA - x1001,REMX +95 Shares (5 lots),REMX,95,5,05/08/2026,Short term,10.0307368,8.766,-0.084,8.766,-0.084,10.0307368,-7.98,-120.149996,832.77,8.737,8.764,--
2b8438c02a47d418829d66cf1eb75a76e9b76cfeb73ccac5934423550f687186,data/raw/etrade/portfolio_lot_level/20260701-235622-bffbaaf60491-demo-a-Positions.csv,2026-07-01 19:49:00,EST,900001001,x1001,Traditional IRA - x1001,RTX +70 Shares (3 lots),RTX,70,3,06/08/2026,Short term,18.0989857,19.178,0.205,19.178,0.205,18.0989857,14.35,75.531001,1342.46,19.125,19.178,2026-07-23
2b8438c02a47d418829d66cf1eb75a76e9b76cfeb73ccac5934423550f687186,data/raw/etrade/portfolio_lot_level/20260701-235622-bffbaaf60491-demo-a-Positions.csv,2026-07-01 19:49:00,EST,900001001,x1001,Traditional IRA - x1001,SHLD +50 Shares (1 lot),SHLD,50,1,04/24/2026,Short term,6.74316,6.12,0.149,6.12,0.149,6.74316,7.45,-31.158,306,6.1,6.206,2018-11-30
2b8438c02a47d418829d66cf1eb75a76e9b76cfeb73ccac5934423550f687186,data/raw/etrade/portfolio_lot_level/20260701-235622-bffbaaf60491-demo-a-Positions.csv,2026-07-01 19:49:00,EST,900001001,x1001,Traditional IRA - x1001,SIL +65 Shares (2 lots),SIL,65,2,01/28/2026,Short term,11.1770615,7.719,-0.027,7.719,-0.027,11.1770615,-1.755,-224.7739975,501.735,7.71,7.989,--
2b8438c02a47d418829d66cf1eb75a76e9b76cfeb73ccac5934423550f687186,data/raw/etrade/portfolio_lot_level/20260701-235622-bffbaaf60491-demo-a-Positions.csv,2026-07-01 19:49:00,EST,900001001,x1001,Traditional IRA - x1001,SLV +120 Shares (4 lots),SLV,120,4,03/09/2026,Short term,7.4362,5.358,0.011,5.358,0.011,7.4362,1.32,-249.384,642.96,5.357,5.363,--
2b8438c02a47d418829d66cf1eb75a76e9b76cfeb73ccac5934423550f687186,data/raw/etrade/portfolio_lot_level/20260701-235622-bffbaaf60491-demo-a-Positions.csv,2026-07-01 19:49:00,EST,900001001,x1001,Traditional IRA - x1001,SNDK +10 Shares (4 lots),SNDK,10,4,06/26/2026,Short term,209.7284,203.222,-24.151,203.222,-24.151,209.7284,-241.51,-65.064,2032.22,201.525,201.76,2026-08-24
2b8438c02a47d418829d66cf1eb75a76e9b76cfeb73ccac5934423550f687186,data/raw/etrade/portfolio_lot_level/20260701-235622-bffbaaf60491-demo-a-Positions.csv,2026-07-01 19:49:00,EST,900001001,x1001,Traditional IRA - x1001,SNEX +175 Shares (3 lots),SNEX,175,3,06/26/2026,Short term,12.8398571,12.374,0.524,12.374,0.524,12.8398571,91.7,-81.5249925,2165.45,12.397,12.65,2026-08-04
2b8438c02a47d418829d66cf1eb75a76e9b76cfeb73ccac5934423550f687186,data/raw/etrade/portfolio_lot_level/20260701-235622-bffbaaf60491-demo-a-Positions.csv,2026-07-01 19:49:00,EST,900001001,x1001,Traditional IRA - x1001,SPCX +90 Shares (5 lots),SPCX,90,5,06/16/2026,Short term,19.3047366,15.754,-1.332,15.754,-1.332,19.3047366,-111.171,-319.566294,1417.86,15.795,15.808,--
2b8438c02a47d418829d66cf1eb75a76e9b76cfeb73ccac5934423550f687186,data/raw/etrade/portfolio_lot_level/20260701-235622-bffbaaf60491-demo-a-Positions.csv,2026-07-01 19:49:00,EST,900001001,x1001,Traditional IRA - x1001,SPMO +135 Shares (2 lots),SPMO,135,2,06/12/2026,Short term,15.4451222,15.532,-0.622,15.532,-0.622,15.4451222,-71.283,11.728503,2096.82,15.52,15.571,--
2b8438c02a47d418829d66cf1eb75a76e9b76cfeb73ccac5934423550f687186,data/raw/etrade/portfolio_lot_level/20260701-235622-bffbaaf60491-demo-a-Positions.csv,2026-07-01 19:49:00,EST,900001001,x1001,Traditional IRA - x1001,SSRM +375 Shares (2 lots),SSRM,375,2,04/08/2026,Short term,3.4341,2.883,0.055,2.883,0.055,3.4341,20.625,-206.6625,1081.125,2.83,2.977,2026-08-04
2b8438c02a47d418829d66cf1eb75a76e9b76cfeb73ccac5934423550f687186,data/raw/etrade/portfolio_lot_level/20260701-235622-bffbaaf60491-demo-a-Positions.csv,2026-07-01 19:49:00,EST,900001001,x1001,Traditional IRA - x1001,STRL +30 Shares (3 lots),STRL,30,3,06/08/2026,Short term,85.4994333,77.655,-6.281,77.655,-6.281,85.4994333,-160.1,-235.332999,2329.65,77.574,78.8,2026-08-03
2b8438c02a47d418829d66cf1eb75a76e9b76cfeb73ccac5934423550f687186,data/raw/etrade/portfolio_lot_level/20260701-235622-bffbaaf60491-demo-a-Positions.csv,2026-07-01 19:49:00,EST,900001001,x1001,Traditional IRA - x1001,SYF +65 Shares (2 lots),SYF,65,2,09/10/2025,Short term,7.6148923,7.677,0.072,7.677,0.072,7.6148923,4.68,4.0370005,499.005,7.601,7.743,2026-07-21
2b8438c02a47d418829d66cf1eb75a76e9b76cfeb73ccac5934423550f687186,data/raw/etrade/portfolio_lot_level/20260701-235622-bffbaaf60491-demo-a-Positions.csv,2026-07-01 19:49:00,EST,900001001,x1001,Traditional IRA - x1001,THG +70 Shares (3 lots),THG,70,3,06/11/2026,Short term,19.8093428,21.676,0.264,21.676,0.264,19.8093428,18.48,130.666004,1517.32,19.2,34.822,2026-07-28
2b8438c02a47d418829d66cf1eb75a76e9b76cfeb73ccac5934423550f687186,data/raw/etrade/portfolio_lot_level/20260701-235622-bffbaaf60491-demo-a-Positions.csv,2026-07-01 19:49:00,EST,900001001,x1001,Traditional IRA - x1001,TIGO +460 Shares (10 lots),TIGO,460,10,06/10/2026,Short term,8.9465782,9.049,-0.027,9.049,-0.027,8.9465782,-12.42,47.114028,4162.54,9.049,9.4,2026-08-06
2b8438c02a47d418829d66cf1eb75a76e9b76cfeb73ccac5934423550f687186,data/raw/etrade/portfolio_lot_level/20260701-235622-bffbaaf60491-demo-a-Positions.csv,2026-07-01 19:49:00,EST,900001001,x1001,Traditional IRA - x1001,TSLA +30 Shares (4 lots),TSLA,30,4,06/09/2026,Short term,39.1366,42.53,0.47,42.53,0.47,39.1366,14.1,101.802,1275.9,42.305,42.356,2026-07-22
2b8438c02a47d418829d66cf1eb75a76e9b76cfeb73ccac5934423550f687186,data/raw/etrade/portfolio_lot_level/20260701-235622-bffbaaf60491-demo-a-Positions.csv,2026-07-01 19:49:00,EST,900001001,x1001,Traditional IRA - x1001,TTMI +160 Shares (9 lots),TTMI,160,9,06/12/2026,Short term,19.739209,17.97,-0.732,17.97,-0.732,19.739209,-103.211,-283.07344,2875.2,17.782,18,2026-07-29
2b8438c02a47d418829d66cf1eb75a76e9b76cfeb73ccac5934423550f687186,data/raw/etrade/portfolio_lot_level/20260701-235622-bffbaaf60491-demo-a-Positions.csv,2026-07-01 19:49:00,EST,900001001,x1001,Traditional IRA - x1001,UBER +215.393 Shares (4 lots),UBER,215.393,4,07/15/2025,Short term,8.7370341,7.266,0.05,7.266,0.05,8.7370341,10.769538,-316.8504479013,1565.045538,7.273,7.282,2026-08-05
2b8438c02a47d418829d66cf1eb75a76e9b76cfeb73ccac5934423550f687186,data/raw/etrade/portfolio_lot_level/20260701-235622-bffbaaf60491-demo-a-Positions.csv,2026-07-01 19:49:00,EST,900001001,x1001,Traditional IRA - x1001,UNFI +875 Shares (13 lots),UNFI,875,13,05/20/2026,Short term,5.0637771,4.568,0.001,4.568,0.001,5.0637771,0.875,-433.8049625,3997,4.5,4.568,2026-09-29
2b8438c02a47d418829d66cf1eb75a76e9b76cfeb73ccac5934423550f687186,data/raw/etrade/portfolio_lot_level/20260701-235622-bffbaaf60491-demo-a-Positions.csv,2026-07-01 19:49:00,EST,900001001,x1001,Traditional IRA - x1001,UNH +110 Shares (4 lots),UNH,110,4,06/10/2026,Short term,40.8042,42.654,1.091,42.654,1.091,40.8042,120.01,203.478,4691.94,42.55,42.65,2026-07-16
2b8438c02a47d418829d66cf1eb75a76e9b76cfeb73ccac5934423550f687186,data/raw/etrade/portfolio_lot_level/20260701-235622-bffbaaf60491-demo-a-Positions.csv,2026-07-01 19:49:00,EST,900001001,x1001,Traditional IRA - x1001,URA +25 Shares (1 lot),URA,25,1,06/03/2026,Short term,5.163,4.318,-0.052,4.318,-0.052,5.163,-1.3,-21.125,107.95,4.334,4.358,--
2b8438c02a47d418829d66cf1eb75a76e9b76cfeb73ccac5934423550f687186,data/raw/etrade/portfolio_lot_level/20260701-235622-bffbaaf60491-demo-a-Positions.csv,2026-07-01 19:49:00,EST,900001001,x1001,Traditional IRA - x1001,USAR +535 Shares (6 lots),USAR,535,6,06/08/2026,Short term,2.1503887,1.998,-0.16,1.998,-0.16,2.1503887,-85.6,-81.5279545,1068.93,2.012,2.022,2026-08-10
2b8438c02a47d418829d66cf1eb75a76e9b76cfeb73ccac5934423550f687186,data/raw/etrade/portfolio_lot_level/20260701-235622-bffbaaf60491-demo-a-Positions.csv,2026-07-01 19:49:00,EST,900001001,x1001,Traditional IRA - x1001,USO +165 Shares (3 lots),USO,165,3,06/09/2026,Short term,13.1861818,10.327,-0.317,10.327,-0.317,13.1861818,-52.305,-471.764997,1703.955,10.32,10.344,--
2b8438c02a47d418829d66cf1eb75a76e9b76cfeb73ccac5934423550f687186,data/raw/etrade/portfolio_lot_level/20260701-235622-bffbaaf60491-demo-a-Positions.csv,2026-07-01 19:49:00,EST,900001001,x1001,Traditional IRA - x1001,VGSH +1000 Shares (4 lots),VGSH,1000,4,06/15/2026,Short term,5.8235419,5.802,-0.0002,5.802,-0.0002,5.8235419,-0.2,-21.5419,5802,5.801,5.804,--
2b8438c02a47d418829d66cf1eb75a76e9b76cfeb73ccac5934423550f687186,data/raw/etrade/portfolio_lot_level/20260701-235622-bffbaaf60491-demo-a-Positions.csv,2026-07-01 19:49:00,EST,900001001,x1001,Traditional IRA - x1001,VRT +15 Shares (2 lots),VRT,15,2,06/26/2026,Short term,31.4626666,31.142,-2.34,31.142,-2.34,31.4626666,-20.025,-4.809999,467.13,31.35,31.38,2026-07-29
2b8438c02a47d418829d66cf1eb75a76e9b76cfeb73ccac5934423550f687186,data/raw/etrade/portfolio_lot_level/20260701-235622-bffbaaf60491-demo-a-Positions.csv,2026-07-01 19:49:00,EST,900001001,x1001,Traditional IRA - x1001,VTIP +500 Shares (2 lots),VTIP,500,2,05/27/2026,Short term,5.0295,4.952,-0.003,4.952,-0.003,5.0295,-1.5,-38.75,2476,4.952,4.959,--
2b8438c02a47d418829d66cf1eb75a76e9b76cfeb73ccac5934423550f687186,data/raw/etrade/portfolio_lot_level/20260701-235622-bffbaaf60491-demo-a-Positions.csv,2026-07-01 19:49:00,EST,900001001,x1001,Traditional IRA - x1001,XOM +125 Shares (3 lots),XOM,125,3,06/10/2026,Short term,15.0982,13.628,-0.044,13.628,-0.044,15.0982,-5.5,-183.775,1703.5,13.631,13.633,2026-07-31
