"Account All Accounts - 3 accounts Orders, as of 06/16/26 at 07:57 PM EST"
Symbol,Status,Fill,Description,Market,Time,Account
DRH,Open,--,Buy 750 Shares @ 1.188 Limit GTC to Open,1.221,"06/16/2026, 10:23:29 AM",900001001
MRK,Open,--,Sell 150 Shares @ 12.234 Limit GTC to Close,11.5,"06/15/2026, 10:18:57 AM",900001001
ICHR,Open,--,Sell 60 Shares @ 9.216 Limit GTC to Close,8.577,"06/15/2026, 10:03:45 AM",900001001
SPCX,Open,--,Buy 100 Shares @ 14.599 Limit GTC to Open,20.59,"06/12/2026, 2:42:41 PM",900001001
SPCX,Open,--,Buy 100 Shares @ 13.999 Limit GTC to Open,20.59,"06/12/2026, 2:06:29 PM",900001001
IBIT,Open,--,Buy 250 Shares @ 3.345 Limit GTC to Open,3.722,"06/11/2026, 12:32:04 PM",900001001
PARR,Saved,--,Sell 35 Shares @ Market CLO to Close,5.106,"06/02/2026, 11:29:03 AM",900001001
SPCX,Expired,--,Sell 100 Shares @ 22.789 Limit to Close,20.58,"06/16/2026, 4:00:14 PM",900001001
AGX,Filled,5 @ 690.39,Buy 5 Shares @ Market CLO to Open,69.2,"06/16/2026, 4:00:04 PM",900001001
GM,Filled,25 @ 82.51,Buy 25 Shares @ Market CLO to Open,8.3,"06/16/2026, 4:00:04 PM",900001001
CRWD,Filled,5 @ 679.49,Buy 5 Shares @ Market CLO to Open,68.088,"06/16/2026, 4:00:03 PM",900001001
NEM,Filled,5 @ 108.44,Sell 5 Shares @ Market CLO to Close,10.8,"06/16/2026, 4:00:03 PM",900001001
CRWV,Filled,5 @ 117.03,Sell 5 Shares @ Market CLO to Close,11.714,"06/16/2026, 4:00:03 PM",900001001
CRDO,Filled,10 @ 239.18,Buy 10 Shares @ Market CLO to Open,24,"06/16/2026, 4:00:03 PM",900001001
QQQ,Filled,3 @ 729.86,Buy 3 Shares @ Market CLO to Open,73.046,"06/16/2026, 4:00:02 PM",900001001
MLPI,Filled,35 @ 54.49,Sell 35 Shares @ Market CLO to Close,5.46,"06/16/2026, 4:00:02 PM",900001001
BTG,Filled,200 @ 4.57,Sell 200 Shares @ Market CLO to Close,0.454,"06/16/2026, 4:00:02 PM",900001001
PLTR,Filled,25 @ 133.25,Buy 25 Shares @ Market CLO to Open,13.265,"06/16/2026, 4:00:02 PM",900001001
MDLZ,Filled,50 @ 62.15,Sell 50 Shares @ Market CLO to Close,6.15,"06/16/2026, 4:00:02 PM",900001001
GDE,Filled,80 @ 65.74,Sell 80 Shares @ Market CLO to Close,6.012,"06/16/2026, 4:00:01 PM",900001001
SPCX,Filled,25 @ 196.54,Buy 25 Shares @ 19.654 Limit to Open,20.59,"06/16/2026, 3:46:25 PM",900001001
SPCX,Filled,25 @ 199.99,Buy 25 Shares @ 19.999 Limit to Open,20.59,"06/16/2026, 3:38:30 PM",900001001
SPCX,Filled,25 @ 201.76,Buy 25 Shares @ Market to Open,20.59,"06/16/2026, 3:24:14 PM",900001001
SPCX,Filled,25 @ 201.99,Buy 25 Shares @ 20.199 Limit to Open,20.59,"06/16/2026, 3:16:08 PM",900001001
SPCX,Canceled,--,Buy 25 Shares @ 19.999 Limit to Open,20.59,"06/16/2026, 3:13:31 PM",900001001
SPCX,Filled,50 @ 203.99,Buy 50 Shares @ 20.399 Limit to Open,20.59,"06/16/2026, 3:10:22 PM",900001001
SPCX,Filled,25 @ 206.86,Buy 25 Shares @ 20.686 Limit to Open,20.59,"06/16/2026, 3:04:48 PM",900001001
SPCX,Filled,25 @ 211.40,Buy 25 Shares @ 21.14 Limit to Open,20.59,"06/16/2026, 1:55:49 PM",900001001
SGDM,Filled,200 @ 72.34,Sell 200 Shares @ 7.234 Limit to Close,6.84,"06/16/2026, 1:51:23 PM",900001001
SPCX,Filled,25 @ 217.55,Sell 25 Shares @ 21.755 Limit to Close,20.58,"06/16/2026, 1:03:13 PM",900001001
SPCX,Canceled,--,Sell 25 Shares @ 21.765 Limit to Close,20.58,"06/16/2026, 1:01:15 PM",900001001
SPCX,Canceled,--,Buy 25 Shares @ 20.299 Limit to Open,20.59,"06/16/2026, 1:00:12 PM",900001001
B,Filled,25 @ 42.83,Sell 25 Shares @ Market to Close,4.275,"06/16/2026, 12:49:36 PM",900001001
B,Filled,50 @ 42.83,Sell 50 Shares @ Market to Close,4.275,"06/16/2026, 12:49:02 PM",900001001
UBER,Filled,30 @ 74.05,Sell 30 Shares @ Market to Close,7.325,"06/16/2026, 12:42:29 PM",900001001
PSUS,Filled,20 @ 39.98,Sell 20 Shares @ Market to Close,4.011,"06/16/2026, 12:37:56 PM",900001001
TSLA,Filled,5 @ 404.19,Buy 5 Shares @ Market to Open,40.309,"06/16/2026, 12:35:35 PM",900001001
RTX,Filled,15 @ 185.30,Sell 15 Shares @ Market to Close,18.611,"06/16/2026, 12:34:49 PM",900001001
DDOG,Filled,5 @ 233.83,Buy 5 Shares @ Market to Open,23.1,"06/16/2026, 12:34:04 PM",900001001
VGSH,Filled,100 @ 58.23,Sell 100 Shares @ Market to Close,5.821,"06/16/2026, 12:33:14 PM",900001001
SSRM,Filled,125 @ 31.71,Sell 125 Shares @ Market to Close,3.14,"06/16/2026, 12:27:58 PM",900001001
EWY,Filled,10 @ 207.46,Buy 10 Shares @ Market to Open,20.632,"06/16/2026, 12:25:33 PM",900001001
AUGO,Filled,75 @ 67.35,Sell 75 Shares @ Market to Close,6.1,"06/16/2026, 12:23:20 PM",900001001
PARR,Filled,88 @ 52.38,Sell 88 Shares @ Market to Close,5.106,"06/16/2026, 12:21:39 PM",900001001
AMD,Filled,10 @ 523.77,Buy 10 Shares @ Market to Open,--,"06/16/2026, 12:14:49 PM",900001001
SPCX,Filled,25 @ 212.55,Sell 25 Shares @ 21.255 Limit to Close,--,"06/16/2026, 12:05:35 PM",900001001
APP,Filled,3 @ 497.74,Buy 3 Shares @ Market to Open,--,"06/16/2026, 10:57:39 AM",900001001
USO,Filled,25 @ 115.63,Buy 25 Shares @ Market to Open,--,"06/16/2026, 10:57:18 AM",900001001
SPCX,Canceled,--,Buy 50 Shares @ 20.499 Limit to Open,--,"06/16/2026, 10:35:28 AM",900001001
SPCX,Canceled,--,Buy 50 Shares @ 20.512 Limit to Open,--,"06/16/2026, 10:33:21 AM",900001001
GDE,Filled,1 @ 65.69,Sell 1 Share @ Market to Close,--,"06/16/2026, 10:29:55 AM",900001002
SPCX,Filled,75 @ 208.99,Buy 75 Shares @ 20.899 Limit to Open,--,"06/16/2026, 10:29:45 AM",900001001
MSFT,Filled,5 @ 392.75,Buy 5 Shares @ Market to Open,--,"06/16/2026, 10:23:55 AM",900001001
DY,Filled,5 @ 486.88,Sell 5 Shares @ Market to Close,--,"06/16/2026, 10:18:05 AM",900001001
IWM,Filled,100 @ 295.71,Sell 100 Shares @ 29.571 Limit to Close,--,"06/16/2026, 10:17:01 AM",900001001
TTMI,Filled,25 @ 207.45,Sell 25 Shares @ Market to Close,--,"06/16/2026, 10:15:53 AM",900001001
BE,Filled,5 @ 294.76,Sell 5 Shares @ Market to Close,--,"06/16/2026, 10:12:29 AM",900001001
CRWV,Filled,30 @ 117.00,Sell 30 Shares @ Market to Close,--,"06/16/2026, 10:11:34 AM",900001001
BVN,Filled,150 @ 35.47,Sell 150 Shares @ Market to Close,--,"06/16/2026, 10:06:07 AM",900001001
BTG,Filled,145 @ 4.59,Sell 145 Shares @ Market to Close,--,"06/16/2026, 10:03:58 AM",900001001
EZPW,Filled,100 @ 31.04,Buy 100 Shares @ Market to Open,--,"06/16/2026, 10:02:16 AM",900001001
SMCI,Filled,75 @ 30.27,Buy 75 Shares @ Market to Open,--,"06/16/2026, 10:01:55 AM",900001001
IGM,Filled,15 @ 164.85,Buy 15 Shares @ Market to Open,--,"06/16/2026, 10:01:29 AM",900001001
VGSH,Filled,100 @ 58.20,Buy 100 Shares @ Market to Open,--,"06/16/2026, 10:00:57 AM",900001001
FN,Filled,5 @ 609.30,Buy 5 Shares @ Market to Open,--,"06/16/2026, 10:00:15 AM",900001001
UNH,Filled,5 @ 407.77,Buy 5 Shares @ Market to Open,--,"06/16/2026, 9:59:46 AM",900001001
ICHR,Filled,25 @ 87.75,Buy 25 Shares @ Market to Open,--,"06/16/2026, 9:59:15 AM",900001001
BRK.B,Filled,5 @ 492.97,Buy 5 Shares @ Market to Open,--,"06/16/2026, 9:58:51 AM",900001001
ARE,Filled,100 @ 52.08,Buy 100 Shares @ Market to Open,--,"06/16/2026, 9:58:20 AM",900001001
TIGO,Filled,50 @ 85.76,Buy 50 Shares @ Market to Open,--,"06/16/2026, 9:57:09 AM",900001001
SPCX,Filled,25 @ 219.63,Sell 25 Shares @ Market to Close,--,"06/16/2026, 9:55:30 AM",900001001
SPCX,Filled,25 @ 213.99,Sell 25 Shares @ 21.399 Limit to Close,--,"06/16/2026, 9:47:21 AM",900001001
SPCX,Filled,5 @ 211.91,Sell 5 Shares @ Market to Close,--,"06/16/2026, 9:44:31 AM",900001001
AMZN,Filled,30 @ 248.03,Sell 30 Shares @ 24.765 Limit GTC to Close,--,"06/16/2026, 9:30:05 AM",900001001
SPCX,Filled,50 @ 198.52,Buy 50 Shares @ 19.876 Limit EXT to Open,--,"06/16/2026, 9:09:47 AM",900001001
SPCX,Filled,100 @ 201.08,Buy 100 Shares @ 20.123 Limit EXT to Open,--,"06/16/2026, 9:06:53 AM",900001001
AUGO,Expired,--,Sell 15 Shares @ 6.868 Limit to Close,--,"06/15/2026, 4:06:31 PM",900001001
TTMI,Expired,--,Sell 10 Shares @ 20.899 Limit to Close,--,"06/15/2026, 4:06:31 PM",900001001
CNSWF,Expired,--,Buy 5 Shares @ 206.789 Limit to Open,--,"06/15/2026, 4:06:31 PM",900001001
KGC,Filled,75 @ 27.34,Buy 75 Shares @ Market CLO to Open,--,"06/15/2026, 4:01:58 PM",900001001
PSTL,Filled,100 @ 23.16,Buy 100 Shares @ Market CLO to Open,--,"06/15/2026, 4:00:31 PM",900001001
SPCX,Expired,--,Buy 50 Shares @ 17.123 Limit to Open,--,"06/15/2026, 4:00:27 PM",900001001
LRN,Filled,30 @ 83.54,Buy 30 Shares @ Market CLO to Open,--,"06/15/2026, 4:00:08 PM",900001001
INCY,Filled,40 @ 101.98,Buy 40 Shares @ Market CLO to Open,--,"06/15/2026, 4:00:08 PM",900001001
AGX,Filled,5 @ 688.87,Sell 5 Shares @ Market CLO to Close,--,"06/15/2026, 4:00:04 PM",900001001
UNFI,Filled,75 @ 50.33,Buy 75 Shares @ Market CLO to Open,--,"06/15/2026, 4:00:04 PM",900001001
BRK.B,Filled,7 @ 495.52,Sell 7 Shares @ Market CLO to Close,--,"06/15/2026, 4:00:03 PM",900001001
AUGO,Filled,75 @ 66.18,Buy 75 Shares @ Market CLO to Open,--,"06/15/2026, 4:00:02 PM",900001001
MDLZ,Filled,50 @ 61.50,Buy 50 Shares @ Market CLO to Open,--,"06/15/2026, 4:00:02 PM",900001001
SGDM,Filled,100 @ 70.61,Buy 100 Shares @ Market CLO to Open,--,"06/15/2026, 4:00:00 PM",900001001
BLOX,Filled,125 @ 17.14,Buy 125 Shares @ Market CLO to Open,--,"06/15/2026, 4:00:00 PM",900001001
SPCX,Filled,5 @ 188.68,Sell 5 Shares @ Market to Close,--,"06/15/2026, 3:46:27 PM",900001001
TTMI,Filled,10 @ 206.52,Sell 10 Shares @ Market to Close,--,"06/15/2026, 3:46:05 PM",900001001
SPCX,Filled,15 @ 187.16,Sell 15 Shares @ Market to Close,--,"06/15/2026, 2:59:53 PM",900001001
CNSWF,Filled,10 @ 2077.77,Buy 10 Shares @ 207.777 Limit GTC to Open,--,"06/15/2026, 2:31:02 PM",900001001
REMX,Filled,25 @ 97.54,Sell 25 Shares @ Market to Close,--,"06/15/2026, 1:21:39 PM",900001001
VTIP,Filled,200 @ 50.35,Buy 200 Shares @ Market to Open,--,"06/15/2026, 1:20:33 PM",900001001
BVN,Filled,75 @ 34.36,Buy 75 Shares @ Market to Open,--,"06/15/2026, 1:20:05 PM",900001001
EMEQ,Canceled,--,Sell 35 Shares @ Market CLO to Close,--,"06/15/2026, 1:17:37 PM",900001001
EMEQ,Filled,35 @ 71.48,Sell 35 Shares @ Market to Close,--,"06/15/2026, 1:17:35 PM",900001001
SPMO,Filled,30 @ 157.77,Sell 30 Shares @ Market to Close,--,"06/15/2026, 1:16:48 PM",900001001
SPMO,Canceled,--,Sell 30 Shares @ Market CLO to Close,--,"06/15/2026, 1:16:48 PM",900001001
FMX,Filled,25 @ 127.17,Buy 25 Shares @ Market to Open,--,"06/15/2026, 1:13:05 PM",900001001
QQQ,Filled,15 @ 743.15,Sell 15 Shares @ Market to Close,--,"06/15/2026, 1:10:52 PM",900001001
SPCX,Filled,25 @ 180.58,Sell 25 Shares @ Market to Close,--,"06/15/2026, 1:05:00 PM",900001001
MSFT,Filled,10 @ 400.69,Sell 10 Shares @ Market to Close,--,"06/15/2026, 12:20:25 PM",900001001
MSFT,Filled,10 @ 400.66,Sell 10 Shares @ Market to Close,--,"06/15/2026, 12:19:40 PM",900001001
CSTM,Filled,150 @ 34.58,Buy 150 Shares @ Market to Open,--,"06/15/2026, 12:18:17 PM",900001001
CSTM,Canceled,--,Buy 150 Shares @ Market CLO to Open,--,"06/15/2026, 12:18:17 PM",900001001
TIGO,Canceled,--,Buy 50 Shares @ Market CLO to Open,--,"06/15/2026, 12:14:11 PM",900001001
TIGO,Filled,50 @ 92.61,Buy 50 Shares @ Market to Open,--,"06/15/2026, 12:14:09 PM",900001001
SPCX,Filled,50 @ 175.72,Sell 50 Shares @ Market to Close,--,"06/15/2026, 12:08:02 PM",900001001
TIGO,Filled,50 @ 92.38,Buy 50 Shares @ Market to Open,--,"06/15/2026, 12:00:40 PM",900001001
IAUM,Filled,175 @ 43.41,Buy 175 Shares @ Market to Open,--,"06/15/2026, 11:59:53 AM",900001001
IAUM,Canceled,--,Buy 175 Shares @ Market CLO to Open,--,"06/15/2026, 11:59:52 AM",900001001
GDMN,Filled,50 @ 87.76,Buy 50 Shares @ Market to Open,--,"06/15/2026, 11:59:05 AM",900001001
IAUM,Filled,50 @ 43.40,Sell 50 Shares @ Market to Close,--,"06/15/2026, 11:22:52 AM",900001001
SPCX,Filled,50 @ 173.89,Sell 50 Shares @ 17.389 Limit to Close,--,"06/15/2026, 11:11:05 AM",900001001
SPCX,Canceled,--,Sell 50 Shares @ 17.399 Limit to Close,--,"06/15/2026, 11:10:04 AM",900001001
SPCX,Canceled,--,Sell 50 Shares @ 17.378 Limit to Close,--,"06/15/2026, 11:09:32 AM",900001001
SPCX,Canceled,--,Sell 50 Shares @ 17.424 Limit to Close,--,"06/15/2026, 11:08:51 AM",900001001
PINE,Filled,495 @ 20.20,Sell 495 Shares @ 2.02 Limit GTC to Close,--,"06/15/2026, 11:05:25 AM",900001001
SOXX,Filled,10 @ 621.45,Sell 10 Shares @ Market to Close,--,"06/15/2026, 10:56:47 AM",900001001
PM,Filled,25 @ 183.04,Buy 25 Shares @ Market to Open,--,"06/15/2026, 10:54:19 AM",900001001
PSTL,Filled,150 @ 23.66,Buy 150 Shares @ Market to Open,--,"06/15/2026, 10:53:50 AM",900001001
CSTM,Filled,100 @ 35.02,Buy 100 Shares @ Market to Open,--,"06/15/2026, 10:53:07 AM",900001001
EWY,Filled,20 @ 208.69,Sell 20 Shares @ 20.869 Limit to Close,--,"06/15/2026, 10:30:00 AM",900001001
CRWV,Filled,25 @ 107.15,Sell 25 Shares @ 10.715 Limit GTC to Close,--,"06/15/2026, 10:29:38 AM",900001001
VGSH,Filled,400 @ 58.23,Buy 400 Shares @ Market to Open,--,"06/15/2026, 10:26:46 AM",900001001
SPCX,Filled,50 @ 170.70,Buy 50 Shares @ 17.07 Limit to Open,--,"06/15/2026, 10:26:30 AM",900001001
ARE,Filled,100 @ 53.35,Buy 100 Shares @ Market to Open,--,"06/15/2026, 10:23:28 AM",900001001
USAR,Filled,100 @ 23.23,Sell 100 Shares @ Market to Close,--,"06/15/2026, 10:22:32 AM",900001001
VGSH,Filled,400 @ 58.23,Buy 400 Shares @ Market to Open,--,"06/15/2026, 10:20:09 AM",900001001
SPMO,Filled,50 @ 156.97,Sell 50 Shares @ Market to Close,--,"06/15/2026, 10:19:35 AM",900001001
SPCX,Filled,29 @ 164.63,Sell 29 Shares @ Market to Close,--,"06/15/2026, 10:19:19 AM",900001001
PM,Filled,25 @ 183.67,Buy 25 Shares @ Market to Open,--,"06/15/2026, 10:15:24 AM",900001001
CNC,Filled,35 @ 63.43,Buy 35 Shares @ Market to Open,--,"06/15/2026, 10:13:59 AM",900001001
SPCX,Filled,100 @ 173.73,Sell 100 Shares @ 17.373 Limit to Close,--,"06/15/2026, 10:11:00 AM",900001001
FN,Filled,5 @ 631.21,Sell 5 Shares @ Market to Close,--,"06/15/2026, 10:04:19 AM",900001001
COPJ,Filled,75 @ 44.98,Sell 75 Shares @ Market to Close,--,"06/15/2026, 10:02:07 AM",900001001
USAR,Filled,200 @ 23.47,Sell 200 Shares @ Market to Close,--,"06/15/2026, 9:53:02 AM",900001001
CDE,Filled,225 @ 18.95,Sell 225 Shares @ 1.895 Limit to Close,--,"06/15/2026, 9:51:46 AM",900001001
NEXA,Filled,300 @ 14.68,Sell 300 Shares @ Market to Close,--,"06/15/2026, 9:50:58 AM",900001001
KGC,Filled,100 @ 27.59,Sell 100 Shares @ Market to Close,--,"06/15/2026, 9:50:36 AM",900001001
GDMN,Filled,50 @ 88.15,Buy 50 Shares @ Market to Open,--,"06/15/2026, 9:49:52 AM",900001001
SIL,Filled,25 @ 88.40,Sell 25 Shares @ Market to Close,--,"06/15/2026, 9:49:20 AM",900001001
GDMN,Filled,100 @ 88.48,Sell 100 Shares @ 8.799 Limit to Close,--,"06/15/2026, 9:47:22 AM",900001001
AUGO,Filled,25 @ 69.45,Sell 25 Shares @ Market to Close,--,"06/15/2026, 9:38:58 AM",900001001
SPCX,Filled,50 @ 169.85,Sell 50 Shares @ Market to Close,--,"06/15/2026, 9:36:01 AM",900001001
SPCX,Filled,50 @ 169.71,Buy 50 Shares @ 16.971 Limit to Open,--,"06/15/2026, 9:35:47 AM",900001001
AGX,Filled,10 @ 666.01,Buy 10 Shares @ Market to Open,--,"06/15/2026, 9:33:22 AM",900001001
AMZN,Filled,100 @ 245.00,Buy 100 Shares @ Market to Open,--,"06/15/2026, 9:30:55 AM",900001001
MSFT,Filled,25 @ 396.65,Buy 25 Shares @ Market to Open,--,"06/15/2026, 9:30:38 AM",900001001
QQQ,Filled,35 @ 738.19,Buy 35 Shares @ Market to Open,--,"06/15/2026, 9:30:37 AM",900001001
SGDM,Filled,50 @ 70.65,Buy 50 Shares @ Market to Open,--,"06/15/2026, 9:30:36 AM",900001003
IBIT,Filled,150 @ 37.82,Buy 150 Shares @ Market to Open,--,"06/15/2026, 9:30:22 AM",900001001
SGDM,Filled,200 @ 70.65,Buy 200 Shares @ Market to Open,--,"06/15/2026, 9:30:22 AM",900001001
CRDO,Filled,15 @ 263.00,Buy 15 Shares @ Market to Open,--,"06/15/2026, 9:30:20 AM",900001001
IWM,Filled,100 @ 296.64,Buy 100 Shares @ Market to Open,--,"06/15/2026, 9:30:14 AM",900001001
SPCX,Filled,50 @ 169.91,Buy 50 Shares @ 16.991 Limit EXT to Open,--,"06/15/2026, 9:14:05 AM",900001001
SPCX,Canceled,--,Buy 50 Shares @ 16.876 Limit EXT to Open,--,"06/15/2026, 9:14:05 AM",900001001
SGDM,Filled,200 @ 71.13,Buy 200 Shares @ 7.171 Limit EXT to Open,--,"06/15/2026, 9:11:32 AM",900001001
SPCX,Canceled,--,Buy 50 Shares @ 16.979 Limit to Open,--,"06/15/2026, 9:08:05 AM",900001001
SPCX,Canceled,--,Buy 50 Shares @ 16.876 Limit to Open,--,"06/15/2026, 9:06:00 AM",900001001
IWM,Filled,100 @ 297.26,Buy 100 Shares @ 29.726 Limit EXT to Open,--,"06/15/2026, 9:04:55 AM",900001001
SGDM,Canceled,--,Buy 150 Shares @ Market to Open,--,"06/15/2026, 8:58:27 AM",900001001
SGDM,Canceled,--,Buy 350 Shares @ 7.019 Limit EXT to Open,--,"06/15/2026, 8:58:01 AM",900001001
SPCX,Expired,--,Buy 200 Shares @ 14.999 Limit EXT to Open,--,"06/12/2026, 8:07:08 PM",900001001
SPCX,Filled,100 @ 167.19,Buy 100 Shares @ 16.719 Limit EXT to Open,--,"06/12/2026, 7:36:12 PM",900001001
SPCX,Canceled,--,Buy 200 Shares @ 15.999 Limit EXT to Open,--,"06/12/2026, 6:14:26 PM",900001001
SPCX,Canceled,--,Buy 150 Shares @ 15.623 Limit EXT to Open,--,"06/12/2026, 6:11:50 PM",900001001
SPCX,Filled,50 @ 165.99,Sell 50 Shares @ 16.599 Limit EXT to Close,--,"06/12/2026, 5:32:51 PM",900001001
SPCX,Expired,--,Buy 50 Shares @ 15.807 Limit to Open,--,"06/12/2026, 4:06:29 PM",900001001
SPCX,Expired,--,Buy 100 Shares @ 15.389 Limit to Open,--,"06/12/2026, 4:06:29 PM",900001001
SPCX,Filled,50 @ 162.34,Buy 50 Shares @ 16.234 Limit EXT to Open,--,"06/12/2026, 4:02:00 PM",900001001
SPCX,Expired,--,Sell 50 Shares @ 16.299 Limit to Close,--,"06/12/2026, 4:00:11 PM",900001001
FN,Filled,5 @ 611.01,Sell 5 Shares @ Market CLO to Close,--,"06/12/2026, 4:00:11 PM",900001001
SPCX,Expired,--,Buy 50 Shares @ 15.999 Limit to Open,--,"06/12/2026, 4:00:09 PM",900001001
AGX,Filled,5 @ 641.68,Sell 5 Shares @ Market CLO to Close,--,"06/12/2026, 4:00:06 PM",900001001
AUGO,Filled,35 @ 60.89,Sell 35 Shares @ Market CLO to Close,--,"06/12/2026, 4:00:03 PM",900001001
SPCX,Canceled,--,Sell 50 Shares @ 16.399 Limit GTC to Close,--,"06/12/2026, 3:56:53 PM",900001001
SPCX,Canceled,--,Sell 50 Shares @ 16.499 Limit GTC to Close,--,"06/12/2026, 3:56:21 PM",900001001
SPCX,Filled,50 @ 161.51,Sell 50 Shares @ Market to Close,--,"06/12/2026, 3:36:04 PM",900001001
SPCX,Filled,150 @ 161.78,Sell 150 Shares @ 16.178 Limit to Close,--,"06/12/2026, 3:35:05 PM",900001001
SPCX,Filled,50 @ 159.35,Buy 50 Shares @ Market to Open,--,"06/12/2026, 3:32:35 PM",900001001
SPCX,Canceled,--,Sell 50 Shares @ 16.499 Limit to Close,--,"06/12/2026, 3:30:19 PM",900001001
SPCX,Canceled,--,Sell 50 Shares @ 16.706 Limit to Close,--,"06/12/2026, 3:27:01 PM",900001001
SPCX,Filled,50 @ 162.99,Buy 50 Shares @ 16.299 Limit to Open,--,"06/12/2026, 3:21:38 PM",900001001
SPCX,Canceled,--,Sell 50 Shares @ 16.726 Limit to Close,--,"06/12/2026, 3:17:18 PM",900001001
SPCX,Canceled,--,Sell 100 Shares @ 17.085 Limit to Close,--,"06/12/2026, 3:10:04 PM",900001001
SPCX,Filled,50 @ 166.27,Buy 50 Shares @ 16.666 Limit to Open,--,"06/12/2026, 3:08:21 PM",900001001
SPCX,Canceled,--,Buy 100 Shares @ 15.899 Limit to Open,--,"06/12/2026, 2:42:42 PM",900001001
SPCX,Canceled,--,Buy 100 Shares @ 16.123 Limit to Open,--,"06/12/2026, 2:41:50 PM",900001001
SPCX,Filled,100 @ 169.59,Sell 100 Shares @ Market to Close,--,"06/12/2026, 2:39:37 PM",900001001
SPCX,Canceled,--,Sell 100 Shares @ 17.389 Limit to Close,--,"06/12/2026, 2:39:37 PM",900001001
MSFT,Filled,10 @ 387.49,Buy 10 Shares @ Market to Open,--,"06/12/2026, 2:27:01 PM",900001001
BTG,Filled,1000 @ 4.22,Sell 1000 Shares @ Market to Close,--,"06/12/2026, 2:26:10 PM",900001001
SPCX,Filled,200 @ 169.99,Sell 200 Shares @ 16.999 Limit to Close,--,"06/12/2026, 2:24:27 PM",900001001
SPCX,Filled,200 @ 167.83,Buy 200 Shares @ Market to Open,--,"06/12/2026, 2:20:36 PM",900001001
SPCX,Filled,100 @ 167.12,Buy 100 Shares @ Market to Open,--,"06/12/2026, 2:18:29 PM",900001001
SPCX,Filled,300 @ 165.60,Sell 300 Shares @ Market to Close,--,"06/12/2026, 2:17:20 PM",900001001
SPCX,Canceled,--,Sell 100 Shares @ 155.55 Stop 144.02 Limit to Close,--,"06/12/2026, 2:15:43 PM",900001001
SPCX,Filled,50 @ 168.28,Buy 50 Shares @ Market to Open,--,"06/12/2026, 2:15:19 PM",900001001
BE,Filled,10 @ 259.17,Sell 10 Shares @ Market to Close,--,"06/12/2026, 2:09:44 PM",900001001
MXL,Filled,100 @ 84.86,Sell 100 Shares @ Market to Close,--,"06/12/2026, 2:07:49 PM",900001001
SPCX,Filled,100 @ 170.55,Buy 100 Shares @ 17.055 Limit to Open,--,"06/12/2026, 2:07:26 PM",900001001
SPCX,Canceled,--,Buy 100 Shares @ 16.799 Limit to Open,--,"06/12/2026, 2:06:29 PM",900001001
CRWV,Filled,25 @ 103.46,Sell 25 Shares @ Market to Close,--,"06/12/2026, 2:05:18 PM",900001001
CRWV,Filled,25 @ 103.16,Sell 25 Shares @ Market to Close,--,"06/12/2026, 2:04:52 PM",900001001
SPCX,Filled,50 @ 173.02,Sell 50 Shares @ 17.302 Limit to Close,--,"06/12/2026, 2:03:59 PM",900001001
SPCX,Canceled,--,Sell 200 Shares @ 145.55 Stop 144.02 Limit to Close,--,"06/12/2026, 2:01:36 PM",900001001
SPCX,Canceled,--,Buy 100 Shares @ 17.012 Limit to Open,--,"06/12/2026, 1:55:05 PM",900001001
SPCX,Canceled,--,Sell 250 Shares @ 145.55 Stop 144.02 Limit to Close,--,"06/12/2026, 1:47:13 PM",900001001
SPCX,Filled,100 @ 172.76,Sell 100 Shares @ Market to Close,--,"06/12/2026, 1:43:32 PM",900001001
SPCX,Canceled,--,Buy 100 Shares @ 16.699 Limit to Open,--,"06/12/2026, 1:41:38 PM",900001001
GDMN,Filled,100 @ 80.99,Sell 100 Shares @ 8.099 Limit to Close,--,"06/12/2026, 1:41:05 PM",900001001
SPCX,Canceled,--,Buy 100 Shares @ 16.678 Limit to Open,--,"06/12/2026, 1:40:57 PM",900001001
SPCX,Filled,50 @ 171.23,Sell 50 Shares @ 17.123 Limit to Close,--,"06/12/2026, 1:35:32 PM",900001001
SPCX,Filled,100 @ 170.19,Buy 100 Shares @ Market to Open,--,"06/12/2026, 1:34:15 PM",900001001
SPCX,Canceled,--,Buy 100 Shares @ 16.699 Limit to Open,--,"06/12/2026, 1:33:21 PM",900001001
SPCX,Filled,100 @ 169.99,Buy 100 Shares @ 16.999 Limit to Open,--,"06/12/2026, 1:31:47 PM",900001001
SPCX,Canceled,--,Sell 216 Shares @ 145.55 Stop 144.02 Limit to Close,--,"06/12/2026, 1:23:57 PM",900001001
SOXX,Filled,7 @ 601.99,Sell 7 Shares @ 60.199 Limit GTC to Close,--,"06/12/2026, 1:22:08 PM",900001001
SPCX,Filled,66 @ 172.94,Sell 66 Shares @ Market to Close,--,"06/12/2026, 12:58:10 PM",900001001
SPCX,Canceled,--,Buy 200 Shares @ 14.999 Limit to Open,--,"06/12/2026, 12:57:45 PM",900001001
SPCX,Filled,100 @ 171.51,Sell 100 Shares @ Market to Close,--,"06/12/2026, 12:57:05 PM",900001001
SPCX,Filled,100 @ 172.19,Buy 100 Shares @ Market to Open,--,"06/12/2026, 12:54:19 PM",900001001
SPCX,Filled,100 @ 169.78,Buy 100 Shares @ Market to Open,--,"06/12/2026, 12:53:23 PM",900001001
SPCX,Filled,100 @ 169.99,Sell 100 Shares @ 16.999 Limit to Close,--,"06/12/2026, 12:52:19 PM",900001001
SPCX,Canceled,--,Buy 100 Shares @ 15.699 Limit to Open,--,"06/12/2026, 12:49:58 PM",900001001
SPCX,Filled,100 @ 168.99,Sell 100 Shares @ 16.899 Limit to Close,--,"06/12/2026, 12:48:06 PM",900001001
SPCX,Filled,100 @ 167.99,Sell 100 Shares @ 16.799 Limit to Close,--,"06/12/2026, 12:39:50 PM",900001001
SPCX,Filled,100 @ 166.99,Sell 100 Shares @ 16.699 Limit to Close,--,"06/12/2026, 12:20:46 PM",900001001
SPCX,Canceled,--,Buy 100 Shares @ 15.599 Limit to Open,--,"06/12/2026, 12:20:04 PM",900001001
SPCX,Filled,100 @ 165.99,Sell 100 Shares @ 16.599 Limit to Close,--,"06/12/2026, 12:16:56 PM",900001001
SPCX,Filled,5 @ 165.19,Sell 5 Shares @ Market to Close,--,"06/12/2026, 12:16:54 PM",900001001
SPCX,Filled,100 @ 164.63,Sell 100 Shares @ Market to Close,--,"06/12/2026, 12:15:54 PM",900001001
SPCX,Filled,200 @ 162.95,Sell 200 Shares @ Market to Close,--,"06/12/2026, 12:09:48 PM",900001001
SPCX,Filled,200 @ 156.28,Sell 200 Shares @ 15.601 Limit to Close,--,"06/12/2026, 12:04:14 PM",900001001
SPCX,Filled,200 @ 158.99,Buy 200 Shares @ 15.899 Limit to Open,--,"06/12/2026, 12:02:19 PM",900001001
SPCX,Filled,100 @ 163.29,Buy 100 Shares @ Market to Open,--,"06/12/2026, 12:01:09 PM",900001001
SPCX,Filled,100 @ 161.99,Buy 100 Shares @ 16.199 Limit to Open,--,"06/12/2026, 11:59:58 AM",900001001
SOXX,Filled,15 @ 589.99,Buy 15 Shares @ 58.999 Limit to Open,--,"06/12/2026, 11:59:42 AM",900001001
SPCX,Filled,100 @ 163.99,Buy 100 Shares @ 16.399 Limit to Open,--,"06/12/2026, 11:57:59 AM",900001001
SPCX,Filled,50 @ 165.00,Buy 50 Shares @ Market to Open,--,"06/12/2026, 11:55:27 AM",900001001
SPCX,Canceled,--,Buy 800 Shares @ 14.321 Limit to Open,--,"06/12/2026, 11:52:37 AM",900001001
SPCX,Filled,400 @ 159.44,Buy 400 Shares @ 15.999 Limit to Open,--,"06/12/2026, 11:52:36 AM",900001001
SPCX,Filled,100 @ 159.98,Buy 100 Shares @ 15.999 Limit to Open,--,"06/12/2026, 11:49:44 AM",900001001
SPCX,Filled,200 @ 150.00,Buy 200 Shares @ 16.789 Limit to Open,--,"06/12/2026, 11:47:10 AM",900001001
FMX,Filled,20 @ 129.47,Sell 20 Shares @ Market to Close,--,"06/12/2026, 11:43:43 AM",900001001
ICHR,Filled,50 @ 85.99,Buy 50 Shares @ 8.599 Limit to Open,--,"06/12/2026, 11:42:33 AM",900001001
EPR,Filled,175 @ 60.68,Sell 175 Shares @ Market to Close,--,"06/12/2026, 11:40:52 AM",900001001
CRDO,Filled,10 @ 254.78,Buy 10 Shares @ Market to Open,--,"06/12/2026, 11:36:31 AM",900001001
PSIX,Filled,50 @ 42.02,Buy 50 Shares @ Market to Open,--,"06/12/2026, 11:35:25 AM",900001001
FN,Filled,5 @ 604.79,Buy 5 Shares @ Market to Open,--,"06/12/2026, 11:32:25 AM",900001001
COPJ,Filled,100 @ 42.87,Buy 100 Shares @ Market to Open,--,"06/12/2026, 11:31:49 AM",900001001
CRDO,Filled,30 @ 253.99,Buy 30 Shares @ 25.399 Limit to Open,--,"06/12/2026, 11:31:46 AM",900001001
CRWV,Filled,25 @ 104.68,Buy 25 Shares @ Market to Open,--,"06/12/2026, 11:30:51 AM",900001001
SPMO,Filled,144 @ 153.24,Buy 144 Shares @ Market to Open,--,"06/12/2026, 11:30:18 AM",900001001
GDMN,Filled,300 @ 80.57,Buy 300 Shares @ Market to Open,--,"06/12/2026, 11:28:29 AM",900001001
BLOX,Filled,150 @ 16.69,Sell 150 Shares @ Market to Close,--,"06/12/2026, 10:45:15 AM",900001001
BTG,Filled,5555 @ 4.13,Sell 5555 Shares @ Market to Close,--,"06/12/2026, 10:39:09 AM",900001001
NEM,Filled,20 @ 98.38,Sell 20 Shares @ Market to Close,--,"06/12/2026, 10:22:54 AM",900001001
VRT,Filled,10 @ 301.04,Sell 10 Shares @ Market to Close,--,"06/12/2026, 10:22:05 AM",900001001
MKOR,Filled,75 @ 67.11,Buy 75 Shares @ Market to Open,--,"06/12/2026, 10:20:45 AM",900001001
ARKX,Filled,100 @ 34.05,Sell 100 Shares @ Market to Close,--,"06/12/2026, 10:19:49 AM",900001001
PSTL,Filled,100 @ 24.05,Sell 100 Shares @ Market to Close,--,"06/12/2026, 10:19:07 AM",900001001
BLOX,Filled,200 @ 16.76,Sell 200 Shares @ Market to Close,--,"06/12/2026, 10:18:06 AM",900001001
CRWV,Filled,25 @ 99.87,Buy 25 Shares @ Market to Open,--,"06/12/2026, 10:17:35 AM",900001001
TTMI,Filled,15 @ 194.29,Buy 15 Shares @ Market to Open,--,"06/12/2026, 10:16:58 AM",900001001
MYRG,Filled,7 @ 442.15,Sell 7 Shares @ Market to Close,--,"06/12/2026, 10:16:06 AM",900001001
NBIS,Filled,15 @ 235.03,Sell 15 Shares @ Market to Close,--,"06/12/2026, 10:15:42 AM",900001001
AUGO,Filled,57 @ 59.96,Sell 57 Shares @ Market to Close,--,"06/12/2026, 10:15:13 AM",900001001
SPMO,Filled,100 @ 152.75,Sell 100 Shares @ Market to Close,--,"06/12/2026, 10:12:07 AM",900001001
SPMO,Filled,100 @ 152.87,Sell 100 Shares @ Market to Close,--,"06/12/2026, 10:10:24 AM",900001001
ARKX,Filled,300 @ 34.04,Buy 300 Shares @ Market to Open,--,"06/12/2026, 10:07:44 AM",900001001
EWY,Filled,50 @ 197.78,Sell 50 Shares @ 19.748 Limit to Close,--,"06/12/2026, 10:06:43 AM",900001001
IBIT,Filled,200 @ 35.88,Buy 200 Shares @ Market to Open,--,"06/12/2026, 10:05:10 AM",900001001
MRK,Filled,150 @ 120.60,Buy 150 Shares @ Market to Open,--,"06/12/2026, 10:03:34 AM",900001001
UNH,Filled,50 @ 406.64,Buy 50 Shares @ Market to Open,--,"06/12/2026, 10:02:52 AM",900001001
CRDO,Filled,50 @ 251.04,Buy 50 Shares @ Market to Open,--,"06/12/2026, 10:02:11 AM",900001001
SPMO,Filled,25 @ 152.06,Buy 25 Shares @ Market to Open,--,"06/12/2026, 10:00:55 AM",900001003
CRDO,Filled,30 @ 249.25,Buy 30 Shares @ Market to Open,--,"06/12/2026, 10:00:25 AM",900001003
GDMN,Filled,320 @ 78.99,Sell 320 Shares @ 7.899 Limit to Close,--,"06/12/2026, 10:00:20 AM",900001001
SMCI,Filled,250 @ 30.31,Buy 250 Shares @ Market to Open,--,"06/12/2026, 9:59:24 AM",900001001
ET,Filled,350 @ 19.18,Sell 350 Shares @ Market to Close,--,"06/12/2026, 9:58:04 AM",900001001
UNH,Filled,50 @ 406.71,Buy 50 Shares @ Market to Open,--,"06/12/2026, 9:55:11 AM",900001001
MRK,Filled,100 @ 120.44,Buy 100 Shares @ Market to Open,--,"06/12/2026, 9:53:38 AM",900001001
CRDO,Filled,50 @ 251.88,Buy 50 Shares @ Market to Open,--,"06/12/2026, 9:50:59 AM",900001001
SPMO,Filled,150 @ 150.12,Buy 150 Shares @ 15.012 Limit to Open,--,"06/12/2026, 9:45:51 AM",900001003
GDMN,Filled,700 @ 78.27,Sell 700 Shares @ Market to Close,--,"06/12/2026, 9:45:30 AM",900001001
IAUM,Filled,50 @ 41.74,Buy 50 Shares @ Market to Open,--,"06/12/2026, 9:44:05 AM",900001001
MXL,Filled,100 @ 81.28,Buy 100 Shares @ Market to Open,--,"06/12/2026, 9:41:56 AM",900001001
EWY,Filled,50 @ 195.73,Buy 50 Shares @ Market to Open,--,"06/12/2026, 9:40:16 AM",900001001
CRDO,Filled,25 @ 251.78,Buy 25 Shares @ Market to Open,--,"06/12/2026, 9:39:17 AM",900001001
GDMN,Filled,1000 @ 79.21,Buy 1000 Shares @ Market to Open,--,"06/12/2026, 9:36:24 AM",900001001
SPMO,Filled,300 @ 150.44,Buy 300 Shares @ 15.061 Limit to Open,--,"06/12/2026, 9:33:14 AM",900001001
SPMO,Canceled,--,Buy 300 Shares @ 15.012 Limit to Open,--,"06/12/2026, 9:33:14 AM",900001001
SPMO,Canceled,--,Buy 150 Shares @ 15.007 Limit EXT to Open,--,"06/12/2026, 9:32:17 AM",900001001
SPMO,Canceled,--,Buy 75 Shares @ 15.007 Limit EXT to Open,--,"06/12/2026, 9:32:00 AM",900001003
PM,Filled,5 @ 181.00,Buy 5 Shares @ Market to Open,--,"06/12/2026, 9:30:12 AM",900001001
MDLZ,Filled,15 @ 63.32,Buy 15 Shares @ Market to Open,--,"06/12/2026, 9:30:12 AM",900001001
MDLZ,Filled,15 @ 63.32,Buy 15 Shares @ Market to Open,--,"06/12/2026, 9:30:02 AM",900001003
SPCX,Canceled,--,Buy 75 Shares @ 16.789 Limit to Open,--,"06/12/2026, 8:12:25 AM",900001001
GM,Filled,100 @ 80.85,Sell 100 Shares @ Market CLO to Close,--,"06/11/2026, 4:00:03 PM",900001001
DDOG,Filled,10 @ 234.24,Sell 10 Shares @ Market CLO to Close,--,"06/11/2026, 4:00:03 PM",900001001
LITE,Filled,1 @ 889.59,Sell 1 Share @ Market CLO to Close,--,"06/11/2026, 4:00:03 PM",900001003
CLS,Filled,5 @ 385.86,Sell 5 Shares @ Market CLO to Close,--,"06/11/2026, 4:00:03 PM",900001003
AMZN,Filled,30 @ 241.51,Sell 30 Shares @ Market CLO to Close,--,"06/11/2026, 4:00:02 PM",900001001
AMZN,Filled,15 @ 241.51,Sell 15 Shares @ Market CLO to Close,--,"06/11/2026, 4:00:02 PM",900001001
CRWD,Filled,7 @ 691.53,Sell 7 Shares @ Market CLO to Close,--,"06/11/2026, 4:00:02 PM",900001001
SLV,Filled,25 @ 60.82,Sell 25 Shares @ Market CLO to Close,--,"06/11/2026, 4:00:02 PM",900001003
SLV,Filled,39 @ 60.82,Sell 39 Shares @ Market CLO to Close,--,"06/11/2026, 4:00:01 PM",900001003
GDE,Filled,10 @ 63.15,Sell 10 Shares @ Market CLO to Close,--,"06/11/2026, 4:00:01 PM",900001003
SHLD,Filled,50 @ 65.15,Sell 50 Shares @ Market CLO to Close,--,"06/11/2026, 4:00:01 PM",900001003
LITE,Filled,1 @ 876.68,Sell 1 Share @ Market to Close,--,"06/11/2026, 3:00:24 PM",900001003
USO,Filled,50 @ 130.99,Buy 50 Shares @ Market to Open,--,"06/11/2026, 2:57:21 PM",900001001
BTG,Filled,4154 @ 4.08,Sell 4154 Shares @ Market to Close,--,"06/11/2026, 2:50:59 PM",900001001
BTG,Filled,1000 @ 4.09,Buy 1000 Shares @ Market to Open,--,"06/11/2026, 2:48:23 PM",900001001
ASML,Filled,3 @ 1857.45,Sell 3 Shares @ Market to Close,--,"06/11/2026, 2:42:48 PM",900001001
PSUS,Filled,120 @ 37.35,Buy 120 Shares @ Market to Open,--,"06/11/2026, 2:40:56 PM",900001001
GDMN,Filled,125 @ 76.94,Buy 125 Shares @ Market to Open,--,"06/11/2026, 2:40:21 PM",900001001
HHH,Canceled,--,Buy 30 Shares @ Market CLO to Open,--,"06/11/2026, 2:39:17 PM",900001001
MSFT,Canceled,--,Buy 10 Shares @ Market CLO to Open,--,"06/11/2026, 2:37:52 PM",900001001
MSFT,Filled,10 @ 388.01,Buy 10 Shares @ Market to Open,--,"06/11/2026, 2:37:51 PM",900001001
MSFT,Canceled,--,Buy 10 Shares @ Market CLO to Open,--,"06/11/2026, 2:37:36 PM",900001001
MSFT,Filled,10 @ 388.04,Buy 10 Shares @ Market to Open,--,"06/11/2026, 2:37:35 PM",900001001
UNFI,Canceled,--,Sell 100 Shares @ Market CLO to Close,--,"06/11/2026, 1:03:14 PM",900001001
UNFI,Canceled,--,Sell 40 Shares @ Market CLO to Close,--,"06/11/2026, 1:03:00 PM",900001001
COPX,Canceled,--,Sell 25 Shares @ Market CLO to Close,--,"06/11/2026, 1:02:08 PM",900001001
COPX,Filled,25 @ 80.04,Sell 25 Shares @ Market to Close,--,"06/11/2026, 1:02:07 PM",900001001
GDMN,Filled,45 @ 74.19,Sell 45 Shares @ Market to Close,--,"06/11/2026, 1:01:52 PM",900001001
GDMN,Canceled,--,Sell 45 Shares @ Market CLO to Close,--,"06/11/2026, 1:01:52 PM",900001001
BLOX,Filled,225 @ 15.75,Sell 225 Shares @ Market to Close,--,"06/11/2026, 1:01:34 PM",900001001
BLOX,Canceled,--,Sell 225 Shares @ Market CLO to Close,--,"06/11/2026, 1:01:34 PM",900001001
TIGO,Canceled,--,Sell 25 Shares @ Market CLO to Close,--,"06/11/2026, 1:00:51 PM",900001001
TIGO,Filled,25 @ 91.74,Sell 25 Shares @ Market to Close,--,"06/11/2026, 1:00:50 PM",900001001
SSRM,Canceled,--,Sell 75 Shares @ Market CLO to Close,--,"06/11/2026, 1:00:16 PM",900001001
SSRM,Filled,75 @ 25.25,Sell 75 Shares @ Market to Close,--,"06/11/2026, 1:00:15 PM",900001001
BLBD,Filled,15 @ 70.36,Sell 15 Shares @ Market to Close,--,"06/11/2026, 12:59:51 PM",900001001
BLBD,Canceled,--,Sell 15 Shares @ Market CLO to Close,--,"06/11/2026, 12:59:51 PM",900001001
URA,Canceled,--,Sell 50 Shares @ Market CLO to Close,--,"06/11/2026, 12:59:17 PM",900001001
URA,Filled,50 @ 43.30,Sell 50 Shares @ Market to Close,--,"06/11/2026, 12:59:16 PM",900001001
GOOG,Canceled,--,Sell 7 Shares @ 41.234 Limit GTC to Close,--,"06/11/2026, 12:58:07 PM",900001001
MSFT,Canceled,--,Sell 61 Shares @ 44.321 Limit GTC to Close,--,"06/11/2026, 12:57:50 PM",900001001
FN,Canceled,--,Sell 3 Shares @ 76.543 Limit GTC to Close,--,"06/11/2026, 12:57:31 PM",900001001
FN,Filled,3 @ 578.94,Sell 3 Shares @ Market to Close,--,"06/11/2026, 12:57:30 PM",900001001
MTZ,Filled,15 @ 347.44,Sell 15 Shares @ Market to Close,--,"06/11/2026, 12:56:25 PM",900001001
MTZ,Canceled,--,Sell 15 Shares @ Market CLO to Close,--,"06/11/2026, 12:56:25 PM",900001001
EZPW,Canceled,--,Sell 250 Shares @ Market CLO to Close,--,"06/11/2026, 12:54:57 PM",900001001
THG,Filled,50 @ 198.30,Buy 50 Shares @ Market to Open,--,"06/11/2026, 12:39:33 PM",900001001
THG,Filled,50 @ 198.08,Buy 50 Shares @ Market to Open,--,"06/11/2026, 12:33:44 PM",900001001
AMD,Filled,10 @ 464.55,Sell 10 Shares @ Market to Close,--,"06/11/2026, 12:30:03 PM",900001001
CEG,Canceled,--,Sell 10 Shares @ Market CLO to Close,--,"06/11/2026, 12:29:33 PM",900001001
CEG,Filled,10 @ 244.96,Sell 10 Shares @ Market to Close,--,"06/11/2026, 12:29:32 PM",900001001
MXL,Canceled,--,Sell 49 Shares @ Market CLO to Close,--,"06/11/2026, 12:28:40 PM",900001001
MXL,Filled,49 @ 76.93,Sell 49 Shares @ Market to Close,--,"06/11/2026, 12:28:39 PM",900001001
MXL,Canceled,--,Sell 100 Shares @ Market CLO to Close,--,"06/11/2026, 12:28:24 PM",900001001
MXL,Filled,100 @ 76.87,Sell 100 Shares @ Market to Close,--,"06/11/2026, 12:28:23 PM",900001001
FN,Filled,5 @ 584.45,Buy 5 Shares @ Market to Open,--,"06/11/2026, 12:22:35 PM",900001001
INDV,Filled,100 @ 38.77,Buy 100 Shares @ Market to Open,--,"06/11/2026, 12:21:55 PM",900001001
URA,Filled,50 @ 43.39,Sell 50 Shares @ Market to Close,--,"06/11/2026, 12:21:02 PM",900001001
GOOG,Filled,5 @ 346.70,Buy 5 Shares @ Market to Open,--,"06/11/2026, 12:17:38 PM",900001001
USAR,Filled,200 @ 21.49,Buy 200 Shares @ Market to Open,--,"06/11/2026, 12:16:22 PM",900001001
APP,Filled,7 @ 490.52,Buy 7 Shares @ Market to Open,--,"06/11/2026, 12:13:48 PM",900001001
CRWD,Filled,7 @ 688.86,Buy 7 Shares @ Market to Open,--,"06/11/2026, 12:13:23 PM",900001001
AGX,Filled,7 @ 609.99,Sell 7 Shares @ 60.999 Limit to Close,--,"06/11/2026, 11:13:49 AM",900001001
MKOR,Filled,60 @ 61.88,Sell 60 Shares @ Market to Close,--,"06/11/2026, 10:59:29 AM",900001001
DY,Filled,7 @ 454.16,Sell 7 Shares @ Market to Close,--,"06/11/2026, 10:58:44 AM",900001001
SNDK,Filled,5 @ 1718.74,Sell 5 Shares @ Market to Close,--,"06/11/2026, 10:57:39 AM",900001001
SHLD,Filled,35 @ 63.84,Sell 35 Shares @ Market to Close,--,"06/11/2026, 10:56:45 AM",900001001
GDE,Filled,20 @ 60.56,Sell 20 Shares @ Market to Close,--,"06/11/2026, 10:53:02 AM",900001001
PSIX,Filled,77 @ 40.69,Sell 77 Shares @ Market to Close,--,"06/11/2026, 10:52:37 AM",900001001
PSIX,Filled,40 @ 40.69,Sell 40 Shares @ Market to Close,--,"06/11/2026, 10:52:07 AM",900001001
SLV,Filled,75 @ 57.91,Sell 75 Shares @ Market to Close,--,"06/11/2026, 10:51:38 AM",900001001
TIGO,Filled,50 @ 92.33,Sell 50 Shares @ Market to Close,--,"06/11/2026, 10:49:18 AM",900001001
NVDA,Filled,15 @ 202.05,Sell 15 Shares @ Market to Close,--,"06/11/2026, 10:46:28 AM",900001001
PSUS,Filled,100 @ 37.63,Buy 100 Shares @ Market to Open,--,"06/11/2026, 10:45:23 AM",900001001
MYRG,Filled,7 @ 420.54,Sell 7 Shares @ Market to Close,--,"06/11/2026, 10:44:03 AM",900001001
MTZ,Filled,7 @ 351.12,Buy 7 Shares @ Market to Open,--,"06/11/2026, 10:42:42 AM",900001001
ICHR,Filled,10 @ 75.56,Sell 10 Shares @ Market to Close,--,"06/11/2026, 10:42:06 AM",900001001
SMCI,Filled,75 @ 29.38,Sell 75 Shares @ Market to Close,--,"06/11/2026, 10:41:34 AM",900001001
CNC,Filled,30 @ 63.98,Buy 30 Shares @ Market to Open,--,"06/11/2026, 10:41:06 AM",900001001
PBR,Filled,150 @ 18.39,Buy 150 Shares @ Market to Open,--,"06/11/2026, 10:40:15 AM",900001001
APP,Filled,3 @ 484.79,Sell 3 Shares @ Market to Close,--,"06/11/2026, 10:39:46 AM",900001001
CRWD,Filled,3 @ 671.82,Sell 3 Shares @ Market to Close,--,"06/11/2026, 10:39:18 AM",900001001
DRH,Filled,400 @ 11.89,Sell 400 Shares @ Market to Close,--,"06/11/2026, 10:38:01 AM",900001001
DRH,Canceled,--,Sell 400 Shares @ 1.234 Limit GTC to Close,--,"06/11/2026, 10:38:01 AM",900001001
JAZZ,Canceled,--,Buy 15 Shares @ 22.901 Limit to Open,--,"06/11/2026, 10:37:14 AM",900001001
NUKZ,Canceled,--,Sell 25 Shares @ Market CLO to Close,--,"06/11/2026, 10:36:13 AM",900001001
NUKZ,Filled,25 @ 65.67,Sell 25 Shares @ Market to Close,--,"06/11/2026, 10:36:12 AM",900001001
PLTR,Filled,20 @ 129.67,Sell 20 Shares @ Market to Close,--,"06/11/2026, 10:35:42 AM",900001001
PLTR,Canceled,--,Sell 20 Shares @ 13.099 Limit GTC to Close,--,"06/11/2026, 10:35:42 AM",900001001
GOOG,Filled,25 @ 344.37,Sell 25 Shares @ Market to Close,--,"06/11/2026, 10:34:31 AM",900001001
GOOG,Canceled,--,Sell 25 Shares @ 34.678 Limit to Close,--,"06/11/2026, 10:34:31 AM",900001001
CSTM,Filled,100 @ 33.41,Sell 100 Shares @ Market to Close,--,"06/11/2026, 10:34:03 AM",900001001
CSTM,Canceled,--,Sell 100 Shares @ 3.355 Limit to Close,--,"06/11/2026, 10:34:02 AM",900001001
SIVR,Filled,35 @ 60.88,Sell 35 Shares @ Market to Close,--,"06/11/2026, 10:33:33 AM",900001001
SIVR,Canceled,--,Sell 35 Shares @ Market CLO to Close,--,"06/11/2026, 10:33:32 AM",900001001
AVGO,Filled,5 @ 376.79,Sell 5 Shares @ Market to Close,--,"06/11/2026, 10:32:22 AM",900001001
IREN,Filled,50 @ 53.10,Sell 50 Shares @ Market to Close,--,"06/11/2026, 10:32:03 AM",900001001
COHR,Filled,5 @ 362.74,Sell 5 Shares @ Market to Close,--,"06/11/2026, 10:31:44 AM",900001001
SBLK,Filled,100 @ 27.18,Sell 100 Shares @ Market to Close,--,"06/11/2026, 10:31:20 AM",900001001
TSLA,Filled,10 @ 388.03,Sell 10 Shares @ Market to Close,--,"06/11/2026, 10:25:34 AM",900001001
CRDO,Filled,30 @ 263.45,Sell 30 Shares @ 26.345 Limit to Close,--,"06/11/2026, 10:22:55 AM",900001001
TSM,Filled,20 @ 417.00,Sell 20 Shares @ Market to Close,--,"06/11/2026, 10:21:42 AM",900001001
ARKX,Filled,200 @ 33.26,Sell 200 Shares @ Market to Close,--,"06/11/2026, 10:21:22 AM",900001001
COPX,Filled,75 @ 79.61,Sell 75 Shares @ Market to Close,--,"06/11/2026, 10:20:27 AM",900001001
TWLO,Filled,55 @ 202.69,Sell 55 Shares @ Market to Close,--,"06/11/2026, 10:19:52 AM",900001001
XOM,Filled,25 @ 151.35,Buy 25 Shares @ Market to Open,--,"06/11/2026, 10:19:19 AM",900001001
SNDK,Filled,5 @ 1739.07,Sell 5 Shares @ Market to Close,--,"06/11/2026, 10:18:40 AM",900001001
PPLT,Filled,300 @ 15.15,Sell 300 Shares @ Market to Close,--,"06/11/2026, 10:18:15 AM",900001001
TTMI,Filled,25 @ 179.29,Sell 25 Shares @ Market to Close,--,"06/11/2026, 10:17:52 AM",900001001
AUGO,Filled,35 @ 53.20,Sell 35 Shares @ 5.3 Limit to Close,--,"06/11/2026, 10:17:34 AM",900001001
EPR,Filled,75 @ 60.05,Buy 75 Shares @ Market to Open,--,"06/11/2026, 10:16:30 AM",900001001
ASML,Filled,5 @ 1808.21,Sell 5 Shares @ Market to Close,--,"06/11/2026, 10:15:41 AM",900001001
USO,Filled,15 @ 133.78,Buy 15 Shares @ Market to Open,--,"06/11/2026, 10:13:48 AM",900001001
DRH,Filled,300 @ 11.91,Sell 300 Shares @ Market to Close,--,"06/11/2026, 10:12:20 AM",900001001
TSLA,Filled,42 @ 387.44,Sell 42 Shares @ Market to Close,--,"06/11/2026, 10:11:42 AM",900001001
EZPW,Filled,175 @ 29.31,Sell 175 Shares @ Market to Close,--,"06/11/2026, 10:09:24 AM",900001001
IWM,Filled,5 @ 286.62,Sell 5 Shares @ Market to Close,--,"06/11/2026, 9:55:26 AM",900001001
AMZN,Filled,15 @ 237.71,Buy 15 Shares @ Market to Open,--,"06/11/2026, 9:54:32 AM",900001001
BE,Filled,15 @ 247.50,Sell 15 Shares @ Market to Close,--,"06/11/2026, 9:53:31 AM",900001001
CLS,Filled,10 @ 372.16,Sell 10 Shares @ Market to Close,--,"06/11/2026, 9:52:09 AM",900001001
IAUM,Filled,50 @ 40.76,Sell 50 Shares @ Market to Close,--,"06/11/2026, 9:51:45 AM",900001001
CRM,Filled,25 @ 168.40,Buy 25 Shares @ Market to Open,--,"06/11/2026, 9:51:14 AM",900001001
RTX,Filled,20 @ 180.06,Sell 20 Shares @ Market to Close,--,"06/11/2026, 9:50:44 AM",900001001
STRL,Filled,10 @ 814.56,Sell 10 Shares @ 81.456 Limit to Close,--,"06/11/2026, 9:50:16 AM",900001001
EZPW,Filled,150 @ 29.56,Buy 150 Shares @ Market to Open,--,"06/11/2026, 9:49:19 AM",900001001
PSUS,Filled,125 @ 37.62,Buy 125 Shares @ Market to Open,--,"06/11/2026, 9:48:52 AM",900001001
THG,Filled,70 @ 198.26,Sell 70 Shares @ Market to Close,--,"06/11/2026, 9:48:26 AM",900001001
TSLA,Filled,20 @ 384.73,Buy 20 Shares @ Market to Open,--,"06/11/2026, 9:47:32 AM",900001001
DRH,Filled,700 @ 11.85,Sell 700 Shares @ Market to Close,--,"06/11/2026, 9:47:06 AM",900001001
GM,Filled,255 @ 79.34,Sell 255 Shares @ Market to Close,--,"06/11/2026, 9:46:27 AM",900001001
NEXA,Filled,1000 @ 12.22,Sell 1000 Shares @ Market to Close,--,"06/11/2026, 9:45:33 AM",900001001
CNC,Filled,50 @ 64.73,Sell 50 Shares @ Market to Close,--,"06/11/2026, 9:44:52 AM",900001001
GOOG,Filled,30 @ 345.15,Sell 30 Shares @ Market to Close,--,"06/11/2026, 9:44:25 AM",900001001
XOM,Filled,130 @ 151.27,Sell 130 Shares @ Market to Close,--,"06/11/2026, 9:43:39 AM",900001001
USAR,Filled,500 @ 20.59,Sell 500 Shares @ Market to Close,--,"06/11/2026, 9:42:45 AM",900001001
AEM,Filled,20 @ 151.15,Sell 20 Shares @ Market to Close,--,"06/11/2026, 9:41:52 AM",900001001
DDOG,Filled,20 @ 225.89,Sell 20 Shares @ Market to Close,--,"06/11/2026, 9:41:13 AM",900001001
IREN,Filled,85 @ 50.86,Sell 85 Shares @ Market to Close,--,"06/11/2026, 9:40:38 AM",900001001
UNH,Filled,30 @ 404.21,Sell 30 Shares @ Market to Close,--,"06/11/2026, 9:39:58 AM",900001001
COHR,Filled,15 @ 351.28,Sell 15 Shares @ Market to Close,--,"06/11/2026, 9:39:19 AM",900001001
NBIS,Filled,35 @ 208.50,Sell 35 Shares @ Market to Close,--,"06/11/2026, 9:38:36 AM",900001001
APP,Filled,7 @ 480.56,Sell 7 Shares @ Market to Close,--,"06/11/2026, 9:37:56 AM",900001001
VRT,Filled,15 @ 285.31,Sell 15 Shares @ Market to Close,--,"06/11/2026, 9:37:23 AM",900001001
MYRG,Filled,7 @ 419.24,Buy 7 Shares @ Market to Open,--,"06/11/2026, 9:36:20 AM",900001001
EZPW,Filled,150 @ 29.86,Buy 150 Shares @ Market to Open,--,"06/11/2026, 9:34:03 AM",900001001
REMX,Filled,25 @ 88.72,Buy 25 Shares @ Market to Open,--,"06/11/2026, 9:33:05 AM",900001001
ARE,Filled,100 @ 52.54,Buy 100 Shares @ Market to Open,--,"06/11/2026, 9:31:35 AM",900001001
TTMI,Filled,25 @ 174.56,Buy 25 Shares @ 17.456 Limit to Open,--,"06/11/2026, 9:30:33 AM",900001001
FN,Filled,5 @ 593.89,Buy 5 Shares @ Market to Open,--,"06/11/2026, 9:30:26 AM",900001001
COHR,Filled,10 @ 356.61,Buy 10 Shares @ Market to Open,--,"06/11/2026, 9:30:22 AM",900001001
BLOX,Filled,200 @ 15.41,Buy 200 Shares @ 1.555 Limit to Open,--,"06/11/2026, 9:30:17 AM",900001001
ICHR,Filled,60 @ 74.61,Buy 60 Shares @ Market to Open,--,"06/11/2026, 9:30:17 AM",900001001
NBIS,Filled,15 @ 205.39,Buy 15 Shares @ 21.012 Limit to Open,--,"06/11/2026, 9:30:16 AM",900001001
PSIX,Filled,75 @ 38.81,Buy 75 Shares @ Market to Open,--,"06/11/2026, 9:30:10 AM",900001001
SNDK,Filled,3 @ 1672.51,Buy 3 Shares @ Market to Open,--,"06/11/2026, 9:30:10 AM",900001001
ARKX,Filled,300 @ 33.03,Buy 300 Shares @ Market to Open,--,"06/11/2026, 9:30:05 AM",900001001
SMCI,Filled,75 @ 29.33,Buy 75 Shares @ Market to Open,--,"06/11/2026, 9:30:04 AM",900001001
PINE,Filled,200 @ 20.21,Buy 200 Shares @ Market CLO to Open,--,"06/10/2026, 4:00:05 PM",900001001
AEM,Filled,25 @ 152.48,Buy 25 Shares @ Market CLO to Open,--,"06/10/2026, 4:00:04 PM",900001001
AMZN,Filled,30 @ 238.00,Buy 30 Shares @ Market CLO to Open,--,"06/10/2026, 4:00:03 PM",900001001
MU,Filled,3 @ 891.88,Sell 3 Shares @ Market CLO to Close,--,"06/10/2026, 4:00:03 PM",900001003
LITE,Filled,5 @ 853.26,Sell 5 Shares @ Market CLO to Close,--,"06/10/2026, 4:00:03 PM",900001003
LITE,Filled,1 @ 853.26,Sell 1 Share @ Market CLO to Close,--,"06/10/2026, 4:00:03 PM",900001003
LITE,Filled,2 @ 853.26,Sell 2 Shares @ Market CLO to Close,--,"06/10/2026, 4:00:03 PM",900001003
EZPW,Filled,175 @ 29.04,Buy 175 Shares @ Market CLO to Open,--,"06/10/2026, 4:00:02 PM",900001001
GDMN,Filled,45 @ 72.65,Buy 45 Shares @ Market CLO to Open,--,"06/10/2026, 4:00:01 PM",900001001
UNFI,Canceled,--,Sell 100 Shares @ Market CLO to Close,--,"06/10/2026, 2:41:40 PM",900001001
PSUS,Filled,125 @ 37.74,Buy 125 Shares @ Market to Open,--,"06/10/2026, 2:27:47 PM",900001001
GOOG,Filled,25 @ 354.26,Buy 25 Shares @ Market to Open,--,"06/10/2026, 2:27:03 PM",900001001
GM,Filled,150 @ 80.13,Buy 150 Shares @ Market to Open,--,"06/10/2026, 2:26:13 PM",900001001
GM,Canceled,--,Buy 150 Shares @ Market CLO to Open,--,"06/10/2026, 2:26:12 PM",900001001
CNC,Filled,50 @ 65.41,Buy 50 Shares @ Market to Open,--,"06/10/2026, 2:25:14 PM",900001001
FMX,Filled,25 @ 122.88,Buy 25 Shares @ Market to Open,--,"06/10/2026, 2:23:02 PM",900001001
TSLA,Filled,10 @ 383.64,Buy 10 Shares @ Market to Open,--,"06/10/2026, 2:22:32 PM",900001001
BE,Filled,15 @ 236.68,Buy 15 Shares @ Market to Open,--,"06/10/2026, 2:20:32 PM",900001001
APP,Filled,5 @ 501.54,Buy 5 Shares @ Market to Open,--,"06/10/2026, 2:18:24 PM",900001001
PINE,Canceled,--,Buy 400 Shares @ 1.999 Limit to Open,--,"06/10/2026, 2:17:16 PM",900001001
THG,Filled,20 @ 196.12,Sell 20 Shares @ Market to Close,--,"06/10/2026, 2:14:44 PM",900001001
CVSA,Canceled,--,Sell 50 Shares @ 13.055 Limit to Close,--,"06/10/2026, 2:14:00 PM",900001001
CVSA,Filled,50 @ 129.53,Sell 50 Shares @ Market to Close,--,"06/10/2026, 2:13:59 PM",900001001
PARR,Filled,40 @ 57.91,Sell 40 Shares @ Market to Close,--,"06/10/2026, 2:13:01 PM",900001001
PARR,Canceled,--,Sell 40 Shares @ 5.999 Limit GTC to Close,--,"06/10/2026, 2:13:01 PM",900001001
PARR,Filled,56 @ 57.85,Sell 56 Shares @ Market to Close,--,"06/10/2026, 2:12:20 PM",900001001
PARR,Filled,1 @ 57.88,Sell 1 Share @ Market to Close,--,"06/10/2026, 2:11:43 PM",900001001
CRDO,Filled,1 @ 243.28,Sell 1 Share @ Market to Close,--,"06/10/2026, 1:32:00 PM",900001001
INCY,Filled,1 @ 106.61,Sell 1 Share @ Market to Close,--,"06/10/2026, 11:18:35 AM",900001001
INCY,Filled,75 @ 106.64,Sell 75 Shares @ Market to Close,--,"06/10/2026, 11:18:00 AM",900001001
ASML,Filled,1 @ 1741.95,Sell 1 Share @ Market to Close,--,"06/10/2026, 11:16:25 AM",900001001
ASML,Canceled,--,Sell 1 Share @ Market CLO to Close,--,"06/10/2026, 11:16:25 AM",900001001
COHR,Canceled,--,Sell 15 Shares @ Market CLO to Close,--,"06/10/2026, 10:57:44 AM",900001001
COHR,Filled,15 @ 360.40,Sell 15 Shares @ Market to Close,--,"06/10/2026, 10:57:42 AM",900001001
CRWD,Filled,12 @ 653.73,Sell 12 Shares @ Market to Close,--,"06/10/2026, 10:56:54 AM",900001001
DDOG,Filled,10 @ 228.95,Sell 10 Shares @ Market to Close,--,"06/10/2026, 10:55:56 AM",900001001
DDOG,Canceled,--,Sell 10 Shares @ Market CLO to Close,--,"06/10/2026, 10:55:55 AM",900001001
GM,Canceled,--,Buy 75 Shares @ Market CLO to Open,--,"06/10/2026, 10:53:51 AM",900001001
DRH,Filled,500 @ 11.85,Buy 500 Shares @ Market to Open,--,"06/10/2026, 10:47:22 AM",900001001
TIGO,Filled,75 @ 89.61,Buy 75 Shares @ Market to Open,--,"06/10/2026, 10:46:50 AM",900001001
UNH,Filled,25 @ 408.15,Buy 25 Shares @ Market to Open,--,"06/10/2026, 10:45:37 AM",900001001
MRK,Filled,50 @ 118.92,Buy 50 Shares @ Market to Open,--,"06/10/2026, 10:44:59 AM",900001001
ARE,Filled,175 @ 53.47,Buy 175 Shares @ Market to Open,--,"06/10/2026, 10:44:14 AM",900001001
BRK.B,Filled,10 @ 489.53,Buy 10 Shares @ Market to Open,--,"06/10/2026, 10:43:51 AM",900001001
XOM,Filled,50 @ 151.02,Buy 50 Shares @ Market to Open,--,"06/10/2026, 10:43:17 AM",900001001
THG,Filled,25 @ 196.60,Buy 25 Shares @ Market to Open,--,"06/10/2026, 10:42:48 AM",900001001
AMZN,Filled,30 @ 240.93,Buy 30 Shares @ Market to Open,--,"06/10/2026, 10:40:12 AM",900001001
ASML,Filled,5 @ 1807.74,Buy 5 Shares @ Market to Open,--,"06/10/2026, 10:36:52 AM",900001001
UNFI,Filled,100 @ 48.48,Buy 100 Shares @ Market to Open,--,"06/10/2026, 10:35:41 AM",900001001
LITE,Filled,5 @ 877.42,Sell 5 Shares @ Market to Close,--,"06/10/2026, 10:34:04 AM",900001001
ICHR,Canceled,--,Sell 60 Shares @ Market CLO to Close,--,"06/10/2026, 10:32:48 AM",900001001
ICHR,Filled,60 @ 79.79,Sell 60 Shares @ Market to Close,--,"06/10/2026, 10:32:47 AM",900001001
MXL,Filled,21 @ 74.25,Sell 21 Shares @ Market to Close,--,"06/10/2026, 10:32:19 AM",900001001
CRDO,Filled,30 @ 259.10,Buy 30 Shares @ Market to Open,--,"06/10/2026, 10:29:39 AM",900001001
INCY,Filled,75 @ 108.55,Buy 75 Shares @ Market to Open,--,"06/10/2026, 10:28:02 AM",900001001
SNDK,Filled,5 @ 1746.59,Buy 5 Shares @ Market to Open,--,"06/10/2026, 10:27:21 AM",900001001
PINE,Filled,1000 @ 19.96,Buy 1000 Shares @ Market to Open,--,"06/10/2026, 10:26:27 AM",900001001
UNFI,Filled,70 @ 48.12,Sell 70 Shares @ Market to Close,--,"06/10/2026, 10:23:09 AM",900001001
ETH,Filled,175 @ 15.71,Sell 175 Shares @ Market to Close,--,"06/10/2026, 10:03:56 AM",900001003
CLS,Filled,15 @ 374.33,Sell 15 Shares @ Market to Close,--,"06/10/2026, 10:03:19 AM",900001003
AGX,Filled,10 @ 608.41,Sell 10 Shares @ Market to Close,--,"06/10/2026, 10:02:06 AM",900001003
TTMI,Filled,25 @ 186.47,Buy 25 Shares @ Market to Open,--,"06/10/2026, 9:50:24 AM",900001001
ASML,Filled,5 @ 1799.31,Buy 5 Shares @ Market to Open,--,"06/10/2026, 9:49:34 AM",900001001
TIGO,Filled,25 @ 87.26,Sell 25 Shares @ Market to Close,--,"06/10/2026, 9:47:32 AM",900001001
TTMI,Filled,15 @ 179.62,Sell 15 Shares @ Market to Close,--,"06/10/2026, 9:37:11 AM",900001001
INDV,Filled,50 @ 38.23,Buy 50 Shares @ Market to Open,--,"06/10/2026, 9:36:44 AM",900001001
PBR,Filled,125 @ 17.93,Buy 125 Shares @ Market to Open,--,"06/10/2026, 9:36:07 AM",900001001
FN,Filled,7 @ 590.49,Sell 7 Shares @ Market to Close,--,"06/10/2026, 9:35:39 AM",900001001
NLCP,Filled,200 @ 15.09,Sell 200 Shares @ Market to Close,--,"06/10/2026, 9:34:56 AM",900001001
CRDO,Filled,4 @ 241.63,Sell 4 Shares @ Market to Close,--,"06/10/2026, 9:34:33 AM",900001001
LITE,Filled,15 @ 844.85,Sell 15 Shares @ Market to Close,--,"06/10/2026, 9:34:17 AM",900001001
CCL,Filled,150 @ 27.12,Sell 150 Shares @ Market to Close,--,"06/10/2026, 9:33:34 AM",900001001
AVGO,Filled,10 @ 380.56,Sell 10 Shares @ Market to Close,--,"06/10/2026, 9:33:12 AM",900001001
APP,Filled,9 @ 500.93,Sell 9 Shares @ Market to Close,--,"06/10/2026, 9:32:50 AM",900001001
XOM,Filled,75 @ 150.76,Buy 75 Shares @ Market to Open,--,"06/10/2026, 9:30:55 AM",900001001
PLTR,Filled,250 @ 129.31,Sell 250 Shares @ Market to Close,--,"06/10/2026, 9:30:33 AM",900001001
GOOG,Filled,41 @ 361.31,Sell 41 Shares @ Market to Close,--,"06/10/2026, 9:30:30 AM",900001001
CDE,Filled,300 @ 15.50,Sell 300 Shares @ Market to Close,--,"06/10/2026, 9:30:28 AM",900001001
RTX,Filled,20 @ 182.40,Buy 20 Shares @ Market to Open,--,"06/10/2026, 9:30:26 AM",900001001
DY,Filled,15 @ 454.58,Sell 15 Shares @ Market to Close,--,"06/10/2026, 9:30:25 AM",900001001
UBER,Filled,75 @ 69.70,Sell 75 Shares @ Market to Close,--,"06/10/2026, 9:30:24 AM",900001001
CEG,Filled,40 @ 250.46,Sell 40 Shares @ Market to Close,--,"06/10/2026, 9:30:21 AM",900001001
DRH,Filled,300 @ 11.72,Buy 300 Shares @ Market to Open,--,"06/10/2026, 9:30:21 AM",900001001
PINE,Filled,400 @ 19.85,Buy 400 Shares @ Market to Open,--,"06/10/2026, 9:30:21 AM",900001001
SMCI,Filled,95 @ 35.55,Sell 95 Shares @ Market to Close,--,"06/10/2026, 9:30:20 AM",900001001
LITE,Filled,13 @ 832.96,Sell 13 Shares @ Market to Close,--,"06/10/2026, 9:30:19 AM",900001001
USAR,Filled,511 @ 20.95,Sell 511 Shares @ Market to Close,--,"06/10/2026, 9:30:19 AM",900001001
MSFT,Filled,61 @ 398.00,Sell 61 Shares @ Market to Close,--,"06/10/2026, 9:30:17 AM",900001001
ET,Filled,250 @ 19.12,Buy 250 Shares @ Market to Open,--,"06/10/2026, 9:30:16 AM",900001001
NVDA,Filled,40 @ 204.44,Sell 40 Shares @ Market to Close,--,"06/10/2026, 9:30:08 AM",900001001
PARR,Filled,60 @ 56.23,Buy 60 Shares @ Market to Open,--,"06/10/2026, 9:30:08 AM",900001001
MXL,Filled,51 @ 70.42,Sell 51 Shares @ Market to Close,--,"06/10/2026, 9:30:08 AM",900001001
IAUM,Filled,145 @ 41.35,Sell 145 Shares @ Market to Close,--,"06/10/2026, 9:30:08 AM",900001001
TSLA,Filled,10 @ 391.11,Buy 10 Shares @ Market to Open,--,"06/10/2026, 9:30:06 AM",900001001
SLV,Filled,91 @ 58.20,Sell 91 Shares @ Market to Close,--,"06/10/2026, 9:30:06 AM",900001001
STRL,Filled,20 @ 839.01,Sell 20 Shares @ Market to Close,--,"06/10/2026, 9:30:05 AM",900001001
CRWV,Filled,55 @ 95.39,Sell 55 Shares @ Market to Close,--,"06/10/2026, 9:30:04 AM",900001001
GDE,Filled,110 @ 62.02,Sell 110 Shares @ Market to Close,--,"06/10/2026, 9:30:01 AM",900001001
EPR,Filled,100 @ 59.02,Sell 100 Shares @ Market CLO to Close,--,"06/09/2026, 4:00:04 PM",900001001
THG,Filled,35 @ 192.43,Sell 35 Shares @ Market CLO to Close,--,"06/09/2026, 4:00:04 PM",900001001
BE,Filled,21 @ 259.61,Sell 21 Shares @ Market CLO to Close,--,"06/09/2026, 4:00:04 PM",900001003
AMD,Filled,5 @ 475.50,Sell 5 Shares @ Market CLO to Close,--,"06/09/2026, 4:00:02 PM",900001001
MXL,Filled,50 @ 72.61,Sell 50 Shares @ Market CLO to Close,--,"06/09/2026, 4:00:02 PM",900001001
TTMI,Filled,25 @ 173.86,Sell 25 Shares @ Market CLO to Close,--,"06/09/2026, 4:00:01 PM",900001001
PSIX,Filled,75 @ 39.14,Sell 75 Shares @ Market CLO to Close,--,"06/09/2026, 4:00:01 PM",900001001
STRL,Filled,3 @ 842.01,Sell 3 Shares @ Market CLO to Close,--,"06/09/2026, 4:00:01 PM",900001001
CLS,Filled,10 @ 364.63,Sell 10 Shares @ Market to Close,--,"06/09/2026, 3:30:36 PM",900001001
URA,Filled,50 @ 43.78,Sell 50 Shares @ 4.374 Limit to Close,--,"06/09/2026, 3:30:15 PM",900001001
IREN,Filled,50 @ 53.95,Sell 50 Shares @ Market to Close,--,"06/09/2026, 3:29:40 PM",900001001
FN,Filled,5 @ 578.16,Sell 5 Shares @ Market to Close,--,"06/09/2026, 3:29:19 PM",900001001
SMCI,Filled,100 @ 40.10,Sell 100 Shares @ Market to Close,--,"06/09/2026, 3:28:59 PM",900001001
APP,Filled,5 @ 518.16,Sell 5 Shares @ Market to Close,--,"06/09/2026, 3:28:19 PM",900001001
COHR,Filled,7 @ 354.29,Sell 7 Shares @ Market to Close,--,"06/09/2026, 3:27:46 PM",900001001
LITE,Filled,3 @ 804.39,Buy 3 Shares @ Market to Open,--,"06/09/2026, 3:22:55 PM",900001001
UNFI,Filled,70 @ 45.84,Buy 70 Shares @ Market to Open,--,"06/09/2026, 1:23:57 PM",900001001
TSLA,Filled,10 @ 392.33,Buy 10 Shares @ Market to Open,--,"06/09/2026, 1:23:30 PM",900001001
CNC,Filled,50 @ 65.08,Buy 50 Shares @ Market to Open,--,"06/09/2026, 1:21:20 PM",900001001
BVN,Filled,150 @ 30.81,Buy 150 Shares @ Market to Open,--,"06/09/2026, 1:20:49 PM",900001001
INDV,Filled,75 @ 38.40,Buy 75 Shares @ Market to Open,--,"06/09/2026, 1:20:17 PM",900001001
ARE,Filled,50 @ 53.62,Buy 50 Shares @ Market to Open,--,"06/09/2026, 1:19:31 PM",900001001
COHR,Filled,15 @ 351.25,Buy 15 Shares @ Market to Open,--,"06/09/2026, 1:18:36 PM",900001001
PSIX,Filled,75 @ 37.89,Buy 75 Shares @ Market to Open,--,"06/09/2026, 1:18:14 PM",900001001
URA,Filled,50 @ 43.58,Buy 50 Shares @ Market to Open,--,"06/09/2026, 1:17:48 PM",900001001
IREN,Filled,60 @ 53.48,Buy 60 Shares @ Market to Open,--,"06/09/2026, 1:17:30 PM",900001001
TTMI,Filled,25 @ 169.13,Buy 25 Shares @ Market to Open,--,"06/09/2026, 1:17:05 PM",900001001
SOXX,Filled,7 @ 540.02,Buy 7 Shares @ Market to Open,--,"06/09/2026, 1:16:37 PM",900001001
FN,Filled,5 @ 566.84,Buy 5 Shares @ Market to Open,--,"06/09/2026, 1:16:18 PM",900001001
SIVR,Filled,35 @ 61.83,Buy 35 Shares @ Market to Open,--,"06/09/2026, 1:15:58 PM",900001001
MTZ,Filled,10 @ 345.45,Buy 10 Shares @ Market to Open,--,"06/09/2026, 1:15:37 PM",900001001
CRM,Filled,25 @ 173.60,Buy 25 Shares @ Market to Open,--,"06/09/2026, 1:15:10 PM",900001001
CRWV,Filled,25 @ 96.20,Buy 25 Shares @ Market to Open,--,"06/09/2026, 1:14:34 PM",900001001
VRT,Filled,10 @ 281.36,Buy 10 Shares @ Market to Open,--,"06/09/2026, 1:12:49 PM",900001001
AMD,Filled,5 @ 452.70,Buy 5 Shares @ Market to Open,--,"06/09/2026, 1:12:23 PM",900001001
APP,Filled,5 @ 509.67,Buy 5 Shares @ Market to Open,--,"06/09/2026, 1:12:04 PM",900001001
STRL,Filled,3 @ 813.87,Buy 3 Shares @ Market to Open,--,"06/09/2026, 1:11:41 PM",900001001
IREN,Filled,50 @ 53.03,Buy 50 Shares @ Market to Open,--,"06/09/2026, 1:11:19 PM",900001001
LITE,Filled,5 @ 801.71,Buy 5 Shares @ Market to Open,--,"06/09/2026, 1:10:58 PM",900001001
SMCI,Filled,100 @ 39.07,Buy 100 Shares @ Market to Open,--,"06/09/2026, 1:10:38 PM",900001001
MXL,Filled,50 @ 70.29,Buy 50 Shares @ Market to Open,--,"06/09/2026, 1:10:19 PM",900001001
COHR,Filled,7 @ 349.44,Buy 7 Shares @ Market to Open,--,"06/09/2026, 1:09:57 PM",900001001
CLS,Filled,10 @ 354.38,Buy 10 Shares @ Market to Open,--,"06/09/2026, 1:09:15 PM",900001001
AEM,Filled,35 @ 156.78,Buy 35 Shares @ 15.678 Limit GTC to Open,--,"06/09/2026, 12:09:18 PM",900001001
IAUM,Filled,50 @ 42.59,Buy 50 Shares @ Market to Open,--,"06/09/2026, 11:59:13 AM",900001001
USAR,Filled,100 @ 20.44,Buy 100 Shares @ Market to Open,--,"06/09/2026, 11:57:36 AM",900001001
BTG,Filled,5555 @ 4.00,Buy 5555 Shares @ Market to Open,--,"06/09/2026, 11:55:03 AM",900001001
HHH,Filled,50 @ 67.21,Sell 50 Shares @ Market to Close,--,"06/09/2026, 11:52:55 AM",900001001
HHH,Filled,20 @ 67.20,Sell 20 Shares @ Market to Close,--,"06/09/2026, 11:52:29 AM",900001001
HHH,Filled,30 @ 67.22,Sell 30 Shares @ Market to Close,--,"06/09/2026, 11:51:58 AM",900001001
ARE,Filled,40 @ 52.89,Sell 40 Shares @ Market to Close,--,"06/09/2026, 11:51:22 AM",900001001
GM,Filled,50 @ 81.81,Buy 50 Shares @ Market to Open,--,"06/09/2026, 11:49:46 AM",900001001
RTX,Filled,15 @ 180.10,Sell 15 Shares @ Market to Close,--,"06/09/2026, 11:48:16 AM",900001001
PINE,Filled,100 @ 19.77,Sell 100 Shares @ Market to Close,--,"06/09/2026, 11:47:37 AM",900001001
UNH,Filled,5 @ 408.87,Sell 5 Shares @ Market to Close,--,"06/09/2026, 11:46:41 AM",900001001
PSTL,Filled,100 @ 23.35,Sell 100 Shares @ Market to Close,--,"06/09/2026, 11:46:21 AM",900001001
DRH,Filled,200 @ 11.63,Buy 200 Shares @ Market to Open,--,"06/09/2026, 11:45:57 AM",900001001
PSTL,Filled,225 @ 23.35,Sell 225 Shares @ Market to Close,--,"06/09/2026, 11:45:13 AM",900001001
UNFI,Filled,75 @ 45.20,Sell 75 Shares @ Market to Close,--,"06/09/2026, 11:41:02 AM",900001001
UNH,Filled,5 @ 412.34,Sell 5 Shares @ 41.234 Limit GTC to Close,--,"06/09/2026, 10:36:18 AM",900001001
SNDK,Filled,3 @ 1762.83,Sell 3 Shares @ Market to Close,--,"06/09/2026, 10:14:16 AM",900001001
REMX,Filled,25 @ 89.68,Sell 25 Shares @ Market to Close,--,"06/09/2026, 10:13:42 AM",900001001
GDMN,Filled,100 @ 82.33,Sell 100 Shares @ Market to Close,--,"06/09/2026, 10:12:35 AM",900001001
NLCP,Filled,150 @ 14.96,Sell 150 Shares @ Market to Close,--,"06/09/2026, 10:11:01 AM",900001001
NLCP,Filled,150 @ 14.96,Sell 150 Shares @ Market to Close,--,"06/09/2026, 10:10:30 AM",900001001
ICHR,Filled,30 @ 75.89,Sell 30 Shares @ Market to Close,--,"06/09/2026, 10:09:23 AM",900001001
EAT,Filled,20 @ 151.18,Sell 20 Shares @ Market to Close,--,"06/09/2026, 10:08:58 AM",900001001
CEG,Filled,25 @ 253.20,Sell 25 Shares @ Market to Close,--,"06/09/2026, 10:08:34 AM",900001001
EWY,Filled,25 @ 189.07,Sell 25 Shares @ Market to Close,--,"06/09/2026, 10:08:06 AM",900001001
MYRG,Filled,15 @ 439.51,Sell 15 Shares @ Market to Close,--,"06/09/2026, 10:07:19 AM",900001001
AMZN,Filled,20 @ 248.51,Sell 20 Shares @ Market to Close,--,"06/09/2026, 10:06:44 AM",900001001
DDOG,Filled,35 @ 235.43,Sell 35 Shares @ Market to Close,--,"06/09/2026, 10:06:13 AM",900001001
EZPW,Filled,250 @ 32.03,Sell 250 Shares @ Market to Close,--,"06/09/2026, 10:05:32 AM",900001001
EZPW,Filled,75 @ 32.03,Sell 75 Shares @ Market to Close,--,"06/09/2026, 10:05:16 AM",900001001
TIGO,Filled,50 @ 85.92,Sell 50 Shares @ Market to Close,--,"06/09/2026, 10:04:47 AM",900001001
EZPW,Filled,50 @ 32.10,Sell 50 Shares @ 3.21 Limit GTC to Close,--,"06/09/2026, 10:04:42 AM",900001001
SYF,Filled,59 @ 72.96,Sell 59 Shares @ Market to Close,--,"06/09/2026, 10:04:16 AM",900001001
NBIS,Filled,10 @ 231.70,Sell 10 Shares @ Market to Close,--,"06/09/2026, 10:03:47 AM",900001001
TTMI,Filled,20 @ 185.49,Sell 20 Shares @ Market to Close,--,"06/09/2026, 10:03:15 AM",900001001
IWM,Filled,10 @ 290.45,Sell 10 Shares @ Market to Close,--,"06/09/2026, 10:02:43 AM",900001001
ICHR,Filled,83 @ 76.07,Sell 83 Shares @ Market to Close,--,"06/09/2026, 10:01:28 AM",900001001
ASML,Filled,1 @ 1814.32,Sell 1 Share @ Market to Close,--,"06/09/2026, 10:00:56 AM",900001001
SNDK,Filled,5 @ 1759.09,Sell 5 Shares @ Market to Close,--,"06/09/2026, 10:00:12 AM",900001001
BE,Filled,30 @ 275.50,Sell 30 Shares @ Market to Close,--,"06/09/2026, 9:59:49 AM",900001001
CRDO,Filled,10 @ 250.60,Sell 10 Shares @ Market to Close,--,"06/09/2026, 9:59:22 AM",900001001
NEXA,Filled,150 @ 13.28,Sell 150 Shares @ Market to Close,--,"06/09/2026, 9:58:52 AM",900001001
AGX,Filled,10 @ 636.83,Sell 10 Shares @ Market to Close,--,"06/09/2026, 9:58:22 AM",900001001
ICHR,Filled,150 @ 76.41,Sell 150 Shares @ Market to Close,--,"06/09/2026, 9:57:33 AM",900001001
ICHR,Filled,25 @ 76.78,Sell 25 Shares @ 7.678 Limit GTC to Close,--,"06/09/2026, 9:56:58 AM",900001001
NBIS,Filled,60 @ 231.63,Sell 60 Shares @ Market to Close,--,"06/09/2026, 9:56:51 AM",900001001
NEXA,Filled,200 @ 13.19,Sell 200 Shares @ Market to Close,--,"06/09/2026, 9:51:50 AM",900001001
EZPW,Filled,150 @ 32.02,Sell 150 Shares @ Market to Close,--,"06/09/2026, 9:51:05 AM",900001001
GOOG,Filled,7 @ 367.32,Sell 7 Shares @ Market to Close,--,"06/09/2026, 9:50:43 AM",900001001
GOOG,Filled,20 @ 367.91,Sell 20 Shares @ Market to Close,--,"06/09/2026, 9:50:20 AM",900001001
GOOG,Filled,7 @ 368.70,Sell 7 Shares @ Market to Close,--,"06/09/2026, 9:50:00 AM",900001001
BVN,Filled,100 @ 32.88,Sell 100 Shares @ Market to Close,--,"06/09/2026, 9:44:58 AM",900001001
UNFI,Filled,75 @ 42.47,Buy 75 Shares @ Market to Open,--,"06/09/2026, 9:44:16 AM",900001001
SYF,Filled,30 @ 72.34,Sell 30 Shares @ 7.234 Limit GTC to Close,--,"06/09/2026, 9:33:12 AM",900001001
USO,Filled,100 @ 132.01,Buy 100 Shares @ 13.234 Limit GTC to Open,--,"06/09/2026, 9:30:10 AM",900001001
MU,Filled,2 @ 987.27,Sell 2 Shares @ 96.999 Limit GTC to Close,--,"06/09/2026, 9:30:10 AM",900001001
TIGO,Expired,--,Sell 25 Shares @ 8.499 Limit to Close,--,"06/08/2026, 4:06:27 PM",900001001
ICHR,Expired,--,Sell 150 Shares @ 6.767 Limit to Close,--,"06/08/2026, 4:06:27 PM",900001001
MXL,Expired,--,Sell 50 Shares @ 8.185 Limit to Close,--,"06/08/2026, 4:06:27 PM",900001001
UNFI,Filled,50 @ 51.64,Buy 50 Shares @ Market CLO to Open,--,"06/08/2026, 4:00:04 PM",900001001
AGX,Filled,5 @ 619.98,Buy 5 Shares @ Market CLO to Open,--,"06/08/2026, 4:00:04 PM",900001001
EAT,Filled,20 @ 146.14,Sell 20 Shares @ Market CLO to Close,--,"06/08/2026, 4:00:04 PM",900001001
BE,Filled,10 @ 253.57,Buy 10 Shares @ Market CLO to Open,--,"06/08/2026, 4:00:03 PM",900001001
SBLK,Filled,100 @ 26.71,Buy 100 Shares @ Market to Open,--,"06/08/2026, 3:57:46 PM",900001001
JAZZ,Filled,15 @ 231.90,Buy 15 Shares @ Market to Open,--,"06/08/2026, 3:56:43 PM",900001001
INDV,Filled,100 @ 37.39,Buy 100 Shares @ Market to Open,--,"06/08/2026, 3:56:13 PM",900001001
FMX,Filled,20 @ 122.37,Buy 20 Shares @ Market to Open,--,"06/08/2026, 3:55:42 PM",900001001
PBR,Filled,100 @ 17.73,Buy 100 Shares @ Market to Open,--,"06/08/2026, 3:55:08 PM",900001001
CNC,Filled,30 @ 65.25,Buy 30 Shares @ Market to Open,--,"06/08/2026, 3:54:15 PM",900001001
MRK,Filled,25 @ 119.19,Buy 25 Shares @ Market to Open,--,"06/08/2026, 3:53:03 PM",900001001
CRWD,Filled,3 @ 655.79,Buy 3 Shares @ Market to Open,--,"06/08/2026, 3:52:27 PM",900001001
ARE,Filled,50 @ 50.33,Buy 50 Shares @ Market to Open,--,"06/08/2026, 3:51:14 PM",900001001
AMZN,Filled,20 @ 245.43,Buy 20 Shares @ Market to Open,--,"06/08/2026, 3:50:26 PM",900001001
THG,Filled,25 @ 191.06,Buy 25 Shares @ Market to Open,--,"06/08/2026, 3:49:44 PM",900001001
EZPW,Filled,75 @ 31.54,Buy 75 Shares @ Market to Open,--,"06/08/2026, 3:49:11 PM",900001001
MYRG,Filled,7 @ 439.76,Buy 7 Shares @ Market to Open,--,"06/08/2026, 3:48:35 PM",900001001
DY,Filled,7 @ 459.86,Buy 7 Shares @ Market to Open,--,"06/08/2026, 3:48:13 PM",900001001
KGC,Filled,100 @ 25.73,Buy 100 Shares @ Market to Open,--,"06/08/2026, 3:47:53 PM",900001001
AUGO,Filled,35 @ 58.53,Buy 35 Shares @ Market to Open,--,"06/08/2026, 3:47:10 PM",900001001
IREN,Filled,35 @ 58.99,Sell 35 Shares @ Market to Close,--,"06/08/2026, 3:45:46 PM",900001001
GM,Canceled,--,Sell 25 Shares @ Market CLO to Close,--,"06/08/2026, 3:42:05 PM",900001001
GM,Filled,25 @ 83.84,Sell 25 Shares @ Market to Close,--,"06/08/2026, 3:42:03 PM",900001001
EPR,Canceled,--,Sell 1 Share @ Market CLO to Close,--,"06/08/2026, 3:41:29 PM",900001001
CDE,Canceled,--,Sell 150 Shares @ Market CLO to Close,--,"06/08/2026, 3:41:13 PM",900001001
KGC,Canceled,--,Sell 100 Shares @ Market CLO to Close,--,"06/08/2026, 3:40:27 PM",900001001
CLS,Filled,35 @ 389.21,Sell 35 Shares @ Market to Close,--,"06/08/2026, 2:26:03 PM",900001001
SNDK,Canceled,--,Sell 3 Shares @ Market CLO to Close,--,"06/08/2026, 1:58:06 PM",900001001
NBIS,Filled,10 @ 223.98,Buy 10 Shares @ Market to Open,--,"06/08/2026, 1:42:21 PM",900001001
PSUS,Filled,75 @ 37.53,Buy 75 Shares @ Market to Open,--,"06/08/2026, 1:39:51 PM",900001001
USAR,Filled,125 @ 22.60,Sell 125 Shares @ Market to Close,--,"06/08/2026, 1:27:16 PM",900001001
APP,Filled,7 @ 566.67,Sell 7 Shares @ Market to Close,--,"06/08/2026, 1:22:20 PM",900001001
XOM,Filled,25 @ 151.32,Buy 25 Shares @ Market to Open,--,"06/08/2026, 1:19:01 PM",900001001
SOXX,Canceled,--,Sell 2 Shares @ 57.987 Limit GTC to Close,--,"06/08/2026, 1:16:45 PM",900001001
SOXX,Filled,2 @ 573.10,Sell 2 Shares @ Market to Close,--,"06/08/2026, 1:16:43 PM",900001001
EWY,Filled,20 @ 186.03,Sell 20 Shares @ Market to Close,--,"06/08/2026, 1:15:50 PM",900001001
MU,Filled,5 @ 946.18,Sell 5 Shares @ Market to Close,--,"06/08/2026, 1:15:25 PM",900001001
TSM,Filled,5 @ 429.23,Sell 5 Shares @ Market to Close,--,"06/08/2026, 12:47:05 PM",900001001
RTX,Filled,25 @ 179.06,Buy 25 Shares @ Market to Open,--,"06/08/2026, 12:46:24 PM",900001001
CSTM,Filled,100 @ 33.56,Buy 100 Shares @ Market to Open,--,"06/08/2026, 12:45:53 PM",900001001
COHR,Filled,10 @ 408.33,Sell 10 Shares @ Market to Close,--,"06/08/2026, 12:44:58 PM",900001001
TTMI,Filled,10 @ 176.18,Sell 10 Shares @ Market to Close,--,"06/08/2026, 12:44:26 PM",900001001
AGX,Filled,7 @ 618.59,Buy 7 Shares @ Market to Open,--,"06/08/2026, 12:42:16 PM",900001001
EMEQ,Filled,40 @ 64.51,Sell 40 Shares @ Market to Close,--,"06/08/2026, 12:39:18 PM",900001001
CRDO,Filled,15 @ 225.25,Sell 15 Shares @ Market to Close,--,"06/08/2026, 12:38:00 PM",900001001
COHR,Filled,5 @ 409.99,Sell 5 Shares @ 40.999 Limit to Close,--,"06/08/2026, 12:37:22 PM",900001001
GDE,Filled,25 @ 65.45,Sell 25 Shares @ Market to Close,--,"06/08/2026, 12:37:02 PM",900001001
NEXA,Filled,200 @ 12.73,Buy 200 Shares @ Market to Open,--,"06/08/2026, 12:36:16 PM",900001001
CDE,Filled,175 @ 17.09,Sell 175 Shares @ Market to Close,--,"06/08/2026, 12:35:37 PM",900001001
ARE,Filled,100 @ 50.80,Buy 100 Shares @ Market to Open,--,"06/08/2026, 12:32:01 PM",900001001
CDE,Filled,150 @ 17.11,Sell 150 Shares @ Market to Close,--,"06/08/2026, 12:31:23 PM",900001001
GDE,Filled,20 @ 65.44,Sell 20 Shares @ Market to Close,--,"06/08/2026, 12:30:51 PM",900001001
BTG,Filled,1600 @ 4.17,Buy 1600 Shares @ Market to Open,--,"06/08/2026, 12:30:20 PM",900001001
TWLO,Filled,15 @ 216.13,Buy 15 Shares @ Market to Open,--,"06/08/2026, 12:27:32 PM",900001001
EIS,Filled,7 @ 127.47,Sell 7 Shares @ Market to Close,--,"06/08/2026, 12:26:48 PM",900001001
EIS,Canceled,--,Sell 7 Shares @ 13.888 Limit GTC to Close,--,"06/08/2026, 12:26:48 PM",900001001
IWM,Filled,15 @ 285.67,Sell 15 Shares @ Market to Close,--,"06/08/2026, 12:25:59 PM",900001001
TSLA,Filled,5 @ 405.19,Sell 5 Shares @ Market to Close,--,"06/08/2026, 12:24:35 PM",900001001
GOOG,Filled,20 @ 359.77,Buy 20 Shares @ Market to Open,--,"06/08/2026, 12:22:52 PM",900001001
MU,Filled,5 @ 960.28,Sell 5 Shares @ Market to Close,--,"06/08/2026, 12:20:49 PM",900001001
THG,Filled,25 @ 191.34,Buy 25 Shares @ 19.134 Limit GTC to Open,--,"06/08/2026, 12:20:24 PM",900001001
MULL,Filled,10 @ 699.63,Sell 10 Shares @ Market to Close,--,"06/08/2026, 12:19:39 PM",900001001
CRDO,Filled,15 @ 226.99,Sell 15 Shares @ 22.699 Limit to Close,--,"06/08/2026, 12:18:12 PM",900001001
CRDO,Filled,5 @ 226.99,Sell 5 Shares @ 22.699 Limit GTC to Close,--,"06/08/2026, 12:18:12 PM",900001001
UNFI,Filled,100 @ 55.48,Buy 100 Shares @ Market to Open,--,"06/08/2026, 12:17:42 PM",900001001
MULL,Filled,10 @ 700.42,Sell 10 Shares @ Market to Close,--,"06/08/2026, 12:16:41 PM",900001001
MULL,Canceled,--,Sell 10 Shares @ 70.432 Limit to Close,--,"06/08/2026, 12:16:41 PM",900001001
EWY,Filled,11 @ 186.99,Sell 11 Shares @ 18.699 Limit to Close,--,"06/08/2026, 12:15:45 PM",900001001
BLOX,Filled,200 @ 16.43,Sell 200 Shares @ Market to Close,--,"06/08/2026, 12:14:59 PM",900001001
BLOX,Filled,150 @ 16.40,Sell 150 Shares @ Market to Close,--,"06/08/2026, 12:14:41 PM",900001001
ASML,Filled,5 @ 1763.28,Sell 5 Shares @ Market to Close,--,"06/08/2026, 12:13:00 PM",900001001
MULL,Filled,10 @ 698.99,Sell 10 Shares @ 69.899 Limit to Close,--,"06/08/2026, 12:12:10 PM",900001001
ICHR,Filled,50 @ 67.18,Sell 50 Shares @ Market to Close,--,"06/08/2026, 12:11:38 PM",900001001
SOXX,Filled,10 @ 576.99,Sell 10 Shares @ 57.699 Limit to Close,--,"06/08/2026, 12:11:03 PM",900001001
MULL,Canceled,--,Sell 10 Shares @ 70.899 Limit to Close,--,"06/08/2026, 12:08:44 PM",900001001
MULL,Filled,10 @ 701.00,Sell 10 Shares @ 70.1 Limit to Close,--,"06/08/2026, 12:06:43 PM",900001001
MULL,Canceled,--,Sell 10 Shares @ 70.999 Limit to Close,--,"06/08/2026, 12:06:17 PM",900001001
STRL,Filled,8 @ 898.77,Sell 8 Shares @ Market to Close,--,"06/08/2026, 11:46:05 AM",900001001
MULL,Filled,6 @ 691.66,Sell 6 Shares @ 69.166 Limit GTC to Close,--,"06/08/2026, 11:06:34 AM",900001001
MULL,Filled,7 @ 688.32,Sell 7 Shares @ 68.832 Limit to Close,--,"06/08/2026, 11:04:50 AM",900001001
TTMI,Filled,15 @ 177.37,Sell 15 Shares @ Market to Close,--,"06/08/2026, 10:57:39 AM",900001001
MULL,Filled,6 @ 675.50,Buy 6 Shares @ Market to Open,--,"06/08/2026, 10:45:31 AM",900001001
SNDK,Filled,2 @ 1648.42,Sell 2 Shares @ Market to Close,--,"06/08/2026, 10:39:21 AM",900001001
EWY,Filled,11 @ 185.55,Buy 11 Shares @ Market to Open,--,"06/08/2026, 10:37:39 AM",900001001
MXL,Filled,40 @ 82.16,Buy 40 Shares @ Market to Open,--,"06/08/2026, 10:37:11 AM",900001001
USAR,Filled,100 @ 22.89,Sell 100 Shares @ Market to Close,--,"06/08/2026, 10:25:16 AM",900001001
EWY,Filled,20 @ 183.57,Sell 20 Shares @ Market to Close,--,"06/08/2026, 10:19:28 AM",900001001
MULL,Filled,7 @ 655.13,Buy 7 Shares @ Market to Open,--,"06/08/2026, 10:03:56 AM",900001001
GM,Filled,30 @ 82.89,Sell 30 Shares @ Market to Close,--,"06/08/2026, 10:01:09 AM",900001001
GM,Filled,30 @ 82.88,Sell 30 Shares @ Market to Close,--,"06/08/2026, 9:59:54 AM",900001001
MXL,Filled,21 @ 81.37,Buy 21 Shares @ Market to Open,--,"06/08/2026, 9:55:17 AM",900001001
USAR,Filled,436 @ 22.90,Buy 436 Shares @ 2.293 Limit to Open,--,"06/08/2026, 9:52:54 AM",900001001
EWY,Filled,50 @ 186.01,Sell 50 Shares @ Market to Close,--,"06/08/2026, 9:51:59 AM",900001001
EWY,Filled,10 @ 186.25,Sell 10 Shares @ Market to Close,--,"06/08/2026, 9:51:40 AM",900001001
TWLO,Filled,15 @ 220.63,Buy 15 Shares @ Market to Open,--,"06/08/2026, 9:47:09 AM",900001001
EPR,Filled,75 @ 57.54,Buy 75 Shares @ 5.754 Limit to Open,--,"06/08/2026, 9:46:39 AM",900001001
MULL,Filled,40 @ 684.21,Buy 40 Shares @ Market to Open,--,"06/08/2026, 9:46:06 AM",900001001
STRL,Filled,10 @ 864.67,Buy 10 Shares @ Market to Open,--,"06/08/2026, 9:45:08 AM",900001001
PPLT,Filled,300 @ 15.97,Buy 300 Shares @ Market to Open,--,"06/08/2026, 9:44:17 AM",900001001
CRDO,Filled,15 @ 221.32,Buy 15 Shares @ Market to Open,--,"06/08/2026, 9:41:07 AM",900001001
MYRG,Filled,15 @ 439.44,Buy 15 Shares @ Market to Open,--,"06/08/2026, 9:39:47 AM",900001001
PARR,Filled,175 @ 57.55,Buy 175 Shares @ Market to Open,--,"06/08/2026, 9:38:15 AM",900001001
INCY,Filled,75 @ 103.73,Buy 75 Shares @ Market to Open,--,"06/08/2026, 9:37:44 AM",900001001
UNFI,Filled,100 @ 56.78,Sell 100 Shares @ 5.678 Limit GTC to Close,--,"06/08/2026, 9:37:38 AM",900001001
EZPW,Filled,250 @ 31.99,Buy 250 Shares @ Market to Open,--,"06/08/2026, 9:36:33 AM",900001001
THG,Filled,40 @ 191.32,Buy 40 Shares @ Market to Open,--,"06/08/2026, 9:34:34 AM",900001001
UNFI,Filled,100 @ 56.20,Buy 100 Shares @ Market to Open,--,"06/08/2026, 9:33:13 AM",900001001
MU,Filled,10 @ 949.59,Buy 10 Shares @ Market to Open,--,"06/08/2026, 9:32:33 AM",900001001
NBIS,Filled,50 @ 238.62,Buy 50 Shares @ 23.862 Limit EXT to Open,--,"06/08/2026, 9:30:45 AM",900001001
STRL,Filled,15 @ 894.34,Buy 15 Shares @ 91.599 Limit to Open,--,"06/08/2026, 9:30:29 AM",900001001
STRL,Filled,15 @ 915.99,Buy 15 Shares @ 91.599 Limit EXT to Open,--,"06/08/2026, 9:27:31 AM",900001001
ICHR,Filled,150 @ 66.89,Buy 150 Shares @ 6.689 Limit EXT to Open,--,"06/08/2026, 9:15:59 AM",900001001
SOXX,Filled,20 @ 570.10,Buy 20 Shares @ 57.01 Limit EXT to Open,--,"06/08/2026, 9:14:43 AM",900001001
EWY,Filled,50 @ 186.77,Buy 50 Shares @ 18.677 Limit EXT to Open,--,"06/08/2026, 9:12:38 AM",900001001
CLS,Filled,35 @ 387.75,Buy 35 Shares @ 38.775 Limit EXT to Open,--,"06/08/2026, 9:11:06 AM",900001001
MXL,Filled,100 @ 85.35,Buy 100 Shares @ 8.592 Limit EXT to Open,--,"06/08/2026, 9:09:16 AM",900001001
SNDK,Filled,7 @ 1636.21,Buy 7 Shares @ 163.621 Limit EXT to Open,--,"06/08/2026, 9:05:06 AM",900001001
CDE,Filled,150 @ 16.37,Buy 150 Shares @ Market CLO to Open,--,"06/05/2026, 4:02:00 PM",900001001
NEXA,Filled,150 @ 13.05,Buy 150 Shares @ Market CLO to Open,--,"06/05/2026, 4:00:07 PM",900001001
ICHR,Filled,50 @ 62.91,Buy 50 Shares @ Market CLO to Open,--,"06/05/2026, 4:00:05 PM",900001001
AUGO,Filled,35 @ 60.40,Buy 35 Shares @ Market CLO to Open,--,"06/05/2026, 4:00:05 PM",900001001
USAR,Filled,100 @ 22.47,Buy 100 Shares @ Market CLO to Open,--,"06/05/2026, 4:00:03 PM",900001001
BLOX,Filled,150 @ 15.65,Buy 150 Shares @ Market CLO to Open,--,"06/05/2026, 4:00:03 PM",900001001
BTG,Filled,2500 @ 4.18,Buy 2500 Shares @ Market CLO to Open,--,"06/05/2026, 4:00:00 PM",900001001
EWY,Filled,20 @ 187.35,Buy 20 Shares @ Market to Open,--,"06/05/2026, 10:25:20 AM",900001001
GOOG,Filled,10 @ 367.75,Buy 10 Shares @ Market to Open,--,"06/05/2026, 10:23:54 AM",900001001
GRNY,Filled,75 @ 27.40,Buy 75 Shares @ Market to Open,--,"06/05/2026, 10:21:24 AM",900001003
MU,Filled,3 @ 944.00,Buy 3 Shares @ Market to Open,--,"06/05/2026, 10:20:43 AM",900001003
PSTL,Filled,200 @ 22.71,Buy 200 Shares @ Market to Open,--,"06/05/2026, 10:19:48 AM",900001003
CRDO,Filled,40 @ 226.00,Sell 40 Shares @ 22.5 Limit to Close,--,"06/05/2026, 10:15:14 AM",900001003
GDMN,Filled,75 @ 85.09,Buy 75 Shares @ Market to Open,--,"06/05/2026, 10:14:12 AM",900001003
CRDO,Filled,30 @ 223.33,Sell 30 Shares @ Market to Close,--,"06/05/2026, 10:13:05 AM",900001003
PSUS,Filled,100 @ 38.72,Buy 100 Shares @ Market to Open,--,"06/05/2026, 9:58:55 AM",900001001
ARE,Filled,100 @ 52.36,Buy 100 Shares @ Market to Open,--,"06/05/2026, 9:57:58 AM",900001001
UBER,Filled,30 @ 71.75,Buy 30 Shares @ Market to Open,--,"06/05/2026, 9:57:35 AM",900001001
CRWD,Filled,2 @ 691.21,Buy 2 Shares @ Market to Open,--,"06/05/2026, 9:56:35 AM",900001001
GM,Filled,40 @ 82.56,Buy 40 Shares @ Market to Open,--,"06/05/2026, 9:55:52 AM",900001001
XOM,Filled,30 @ 150.31,Buy 30 Shares @ Market to Open,--,"06/05/2026, 9:55:19 AM",900001001
PINE,Filled,125 @ 19.45,Buy 125 Shares @ Market to Open,--,"06/05/2026, 9:54:06 AM",900001001
TTMI,Filled,25 @ 173.92,Buy 25 Shares @ Market to Open,--,"06/05/2026, 9:53:32 AM",900001001
ASML,Filled,5 @ 1690.52,Buy 5 Shares @ Market to Open,--,"06/05/2026, 9:52:45 AM",900001001
EMEQ,Filled,50 @ 64.98,Buy 50 Shares @ Market to Open,--,"06/05/2026, 9:50:47 AM",900001001
STRL,Filled,5 @ 922.86,Buy 5 Shares @ Market to Open,--,"06/05/2026, 9:49:56 AM",900001001
MXL,Filled,50 @ 86.72,Buy 50 Shares @ Market to Open,--,"06/05/2026, 9:49:27 AM",900001001
COHR,Filled,15 @ 388.22,Buy 15 Shares @ Market to Open,--,"06/05/2026, 9:48:59 AM",900001001
USAR,Filled,400 @ 23.94,Buy 400 Shares @ Market to Open,--,"06/05/2026, 9:48:27 AM",900001001
NBIS,Filled,30 @ 238.96,Buy 30 Shares @ Market to Open,--,"06/05/2026, 9:47:43 AM",900001001
GOOG,Filled,30 @ 368.15,Buy 30 Shares @ Market to Open,--,"06/05/2026, 9:45:01 AM",900001001
EWY,Filled,25 @ 188.07,Buy 25 Shares @ Market to Open,--,"06/05/2026, 9:43:27 AM",900001001
MRK,Filled,40 @ 120.26,Sell 40 Shares @ Market CLO to Close,--,"06/04/2026, 4:01:00 PM",900001001
CCL,Filled,40 @ 27.85,Sell 40 Shares @ Market CLO to Close,--,"06/04/2026, 4:00:04 PM",900001001
TWLO,Filled,10 @ 236.64,Sell 10 Shares @ Market CLO to Close,--,"06/04/2026, 4:00:04 PM",900001001
AMD,Filled,5 @ 523.20,Buy 5 Shares @ Market CLO to Open,--,"06/04/2026, 4:00:03 PM",900001001
MYRG,Filled,15 @ 451.40,Sell 15 Shares @ Market CLO to Close,--,"06/04/2026, 4:00:03 PM",900001001
EZPW,Filled,250 @ 32.15,Sell 250 Shares @ Market CLO to Close,--,"06/04/2026, 4:00:03 PM",900001001
NBIS,Filled,15 @ 259.67,Sell 15 Shares @ Market CLO to Close,--,"06/04/2026, 4:00:02 PM",900001001
PLTR,Filled,25 @ 141.70,Sell 25 Shares @ Market CLO to Close,--,"06/04/2026, 4:00:02 PM",900001001
MLPI,Filled,50 @ 55.85,Sell 50 Shares @ Market CLO to Close,--,"06/04/2026, 4:00:02 PM",900001001
NVDA,Filled,140 @ 218.66,Sell 140 Shares @ Market CLO to Close,--,"06/04/2026, 4:00:01 PM",900001001
SIVR,Filled,15 @ 70.38,Sell 15 Shares @ Market CLO to Close,--,"06/04/2026, 4:00:00 PM",900001001
NUKZ,Filled,25 @ 72.26,Sell 25 Shares @ Market CLO to Close,--,"06/04/2026, 4:00:00 PM",900001001
IAUM,Filled,50 @ 44.64,Sell 50 Shares @ Market CLO to Close,--,"06/04/2026, 4:00:00 PM",900001001
LITE,Filled,7 @ 945.08,Sell 7 Shares @ Market CLO to Close,--,"06/04/2026, 4:00:00 PM",900001001
LITE,Filled,5 @ 945.08,Sell 5 Shares @ Market CLO to Close,--,"06/04/2026, 4:00:00 PM",900001001
AMZN,Filled,30 @ 253.87,Sell 30 Shares @ 25.381 Limit to Close,--,"06/04/2026, 3:30:40 PM",900001001
AMZN,Filled,15 @ 253.76,Sell 15 Shares @ Market to Close,--,"06/04/2026, 3:30:17 PM",900001001
EWY,Filled,20 @ 205.31,Buy 20 Shares @ Market to Open,--,"06/04/2026, 3:25:43 PM",900001001
CRDO,Filled,20 @ 219.70,Sell 20 Shares @ Market to Close,--,"06/04/2026, 3:24:53 PM",900001001
LTM,Filled,170 @ 49.45,Sell 170 Shares @ Market to Close,--,"06/04/2026, 3:21:48 PM",900001001
CRM,Filled,30 @ 189.60,Buy 30 Shares @ Market to Open,--,"06/04/2026, 3:20:38 PM",900001001
PSIX,Filled,50 @ 40.08,Sell 50 Shares @ Market to Close,--,"06/04/2026, 3:19:58 PM",900001001
CNSWF,Filled,15 @ 2077.77,Sell 15 Shares @ 207.777 Limit to Close,--,"06/04/2026, 3:09:25 PM",900001001
TWLO,Filled,15 @ 237.10,Sell 15 Shares @ Market to Close,--,"06/04/2026, 3:06:04 PM",900001001
UNH,Filled,3 @ 396.41,Sell 3 Shares @ Market to Close,--,"06/04/2026, 3:05:28 PM",900001001
BLOX,Filled,125 @ 17.46,Buy 125 Shares @ Market to Open,--,"06/04/2026, 3:04:54 PM",900001001
AVGO,Filled,10 @ 417.14,Buy 10 Shares @ Market to Open,--,"06/04/2026, 3:02:22 PM",900001001
CRDO,Filled,15 @ 219.41,Sell 15 Shares @ Market to Close,--,"06/04/2026, 3:01:49 PM",900001001
CRDO,Filled,30 @ 219.50,Sell 30 Shares @ Market to Close,--,"06/04/2026, 3:01:24 PM",900001001
ET,Filled,175 @ 19.66,Sell 175 Shares @ Market to Close,--,"06/04/2026, 3:00:52 PM",900001001
NVDA,Canceled,--,Sell 140 Shares @ 22.123 Limit GTC to Close,--,"06/04/2026, 2:59:44 PM",900001001
IREN,Filled,35 @ 61.99,Buy 35 Shares @ Market to Open,--,"06/04/2026, 2:58:23 PM",900001001
EPR,Filled,100 @ 55.69,Buy 100 Shares @ Market to Open,--,"06/04/2026, 2:57:29 PM",900001001
TSM,Filled,10 @ 446.89,Sell 10 Shares @ Market to Close,--,"06/04/2026, 2:56:24 PM",900001001
MYRG,Filled,5 @ 454.56,Sell 5 Shares @ Market to Close,--,"06/04/2026, 2:56:01 PM",900001001
GOOG,Filled,15 @ 369.23,Sell 15 Shares @ Market to Close,--,"06/04/2026, 2:55:36 PM",900001001
PLTR,Filled,15 @ 141.84,Sell 15 Shares @ Market to Close,--,"06/04/2026, 2:54:41 PM",900001001
COHR,Filled,5 @ 427.06,Sell 5 Shares @ Market to Close,--,"06/04/2026, 2:54:16 PM",900001001
UBER,Filled,35 @ 71.95,Sell 35 Shares @ Market to Close,--,"06/04/2026, 2:53:16 PM",900001001
GDMN,Filled,35 @ 91.27,Sell 35 Shares @ Market to Close,--,"06/04/2026, 2:51:44 PM",900001001
BE,Filled,71 @ 291.34,Sell 71 Shares @ Market to Close,--,"06/04/2026, 2:47:45 PM",900001001
AMZN,Filled,44 @ 254.16,Sell 44 Shares @ Market to Close,--,"06/04/2026, 2:46:54 PM",900001001
GOOG,Filled,80 @ 369.18,Sell 80 Shares @ Market to Close,--,"06/04/2026, 2:42:09 PM",900001001
CSTM,Filled,50 @ 36.76,Sell 50 Shares @ Market to Close,--,"06/04/2026, 2:41:22 PM",900001001
AGX,Canceled,--,Sell 10 Shares @ 76.543 Limit GTC to Close,--,"06/04/2026, 2:40:15 PM",900001001
TSM,Filled,35 @ 446.37,Sell 35 Shares @ Market to Close,--,"06/04/2026, 2:38:43 PM",900001001
UNFI,Filled,225 @ 53.13,Sell 225 Shares @ Market to Close,--,"06/04/2026, 2:38:02 PM",900001001
CRDO,Filled,165 @ 221.21,Sell 165 Shares @ Market to Close,--,"06/04/2026, 2:37:21 PM",900001001
TWLO,Filled,5 @ 236.94,Sell 5 Shares @ Market to Close,--,"06/04/2026, 2:36:30 PM",900001001
MXL,Filled,145 @ 96.44,Sell 145 Shares @ Market to Close,--,"06/04/2026, 2:31:15 PM",900001001
TWLO,Filled,5 @ 234.56,Sell 5 Shares @ 23.456 Limit GTC to Close,--,"06/04/2026, 9:51:32 AM",900001001
XOM,Filled,50 @ 151.98,Buy 50 Shares @ Market to Open,--,"06/04/2026, 9:34:06 AM",900001001
EPR,Filled,175 @ 56.98,Buy 175 Shares @ Market to Open,--,"06/04/2026, 9:30:16 AM",900001001
MXL,Expired,--,Sell 35 Shares @ 10.123 Limit to Close,--,"06/03/2026, 4:06:29 PM",900001001
COHR,Filled,10 @ 417.43,Buy 10 Shares @ Market CLO to Open,--,"06/03/2026, 4:00:06 PM",900001001
TSM,Filled,10 @ 436.69,Buy 10 Shares @ Market CLO to Open,--,"06/03/2026, 4:00:06 PM",900001001
DY,Filled,5 @ 484.11,Buy 5 Shares @ Market CLO to Open,--,"06/03/2026, 4:00:06 PM",900001001
SMCI,Filled,75 @ 47.42,Buy 75 Shares @ Market CLO to Open,--,"06/03/2026, 4:00:04 PM",900001001
USAR,Filled,100 @ 27.98,Buy 100 Shares @ Market CLO to Open,--,"06/03/2026, 4:00:04 PM",900001001
SNDK,Filled,1 @ 1831.50,Sell 1 Share @ Market CLO to Close,--,"06/03/2026, 4:00:04 PM",900001001
USAR,Filled,125 @ 27.98,Buy 125 Shares @ Market CLO to Open,--,"06/03/2026, 4:00:04 PM",900001001
PLTR,Filled,20 @ 142.20,Buy 20 Shares @ Market CLO to Open,--,"06/03/2026, 4:00:04 PM",900001001
APP,Filled,7 @ 570.83,Buy 7 Shares @ Market CLO to Open,--,"06/03/2026, 4:00:04 PM",900001001
NBIS,Filled,15 @ 251.68,Buy 15 Shares @ Market CLO to Open,--,"06/03/2026, 4:00:03 PM",900001001
NVDA,Filled,15 @ 214.75,Buy 15 Shares @ Market CLO to Open,--,"06/03/2026, 4:00:03 PM",900001001
CRWV,Filled,30 @ 110.93,Buy 30 Shares @ Market CLO to Open,--,"06/03/2026, 4:00:03 PM",900001001
LITE,Filled,7 @ 938.00,Buy 7 Shares @ Market CLO to Open,--,"06/03/2026, 4:00:03 PM",900001001
CRDO,Filled,20 @ 214.60,Buy 20 Shares @ Market CLO to Open,--,"06/03/2026, 4:00:03 PM",900001001
SIL,Filled,25 @ 87.49,Buy 25 Shares @ Market CLO to Open,--,"06/03/2026, 4:00:02 PM",900001001
REMX,Filled,20 @ 98.32,Buy 20 Shares @ Market CLO to Open,--,"06/03/2026, 4:00:01 PM",900001001
INCY,Filled,19 @ 97.89,Sell 19 Shares @ 9.789 Limit GTC to Close,--,"06/03/2026, 1:17:58 PM",900001001
UNH,Filled,5 @ 385.80,Sell 5 Shares @ Market to Close,--,"06/03/2026, 12:41:14 PM",900001001
SNDK,Filled,2 @ 1788.40,Sell 2 Shares @ Market to Close,--,"06/03/2026, 12:36:37 PM",900001001
AMD,Filled,2 @ 531.96,Sell 2 Shares @ Market to Close,--,"06/03/2026, 12:36:11 PM",900001001
SOXX,Filled,3 @ 612.08,Sell 3 Shares @ Market to Close,--,"06/03/2026, 12:34:50 PM",900001001
STRL,Filled,2 @ 951.04,Sell 2 Shares @ Market to Close,--,"06/03/2026, 12:34:17 PM",900001001
STRL,Canceled,--,Sell 5 Shares @ 99.969 Limit to Close,--,"06/03/2026, 12:34:17 PM",900001001
TTMI,Filled,25 @ 185.98,Sell 25 Shares @ Market to Close,--,"06/03/2026, 12:32:49 PM",900001001
ASML,Filled,2 @ 1721.63,Buy 2 Shares @ Market to Open,--,"06/03/2026, 12:06:42 PM",900001001
TSM,Filled,25 @ 439.00,Buy 25 Shares @ Market to Open,--,"06/03/2026, 12:06:04 PM",900001001
URA,Filled,50 @ 50.41,Buy 50 Shares @ Market to Open,--,"06/03/2026, 12:04:45 PM",900001001
EWY,Filled,10 @ 211.17,Buy 10 Shares @ Market to Open,--,"06/03/2026, 12:04:00 PM",900001001
THG,Filled,35 @ 185.16,Buy 35 Shares @ Market to Open,--,"06/03/2026, 12:03:02 PM",900001001
BLOX,Filled,250 @ 17.70,Buy 250 Shares @ Market to Open,--,"06/03/2026, 12:02:20 PM",900001001
BE,Filled,15 @ 290.87,Buy 15 Shares @ Market to Open,--,"06/03/2026, 12:01:23 PM",900001001
EZPW,Filled,75 @ 31.68,Sell 75 Shares @ Market to Close,--,"06/03/2026, 12:00:02 PM",900001001
GM,Filled,25 @ 83.25,Buy 25 Shares @ Market to Open,--,"06/03/2026, 11:59:34 AM",900001001
NVDA,Filled,50 @ 216.90,Buy 50 Shares @ Market to Open,--,"06/03/2026, 11:58:23 AM",900001001
BTG,Filled,700 @ 4.55,Buy 700 Shares @ Market to Open,--,"06/03/2026, 11:57:30 AM",900001001
PINE,Filled,225 @ 19.15,Buy 225 Shares @ Market to Open,--,"06/03/2026, 11:56:55 AM",900001001
MSFT,Filled,7 @ 426.86,Buy 7 Shares @ Market to Open,--,"06/03/2026, 11:56:21 AM",900001001
BE,Filled,7 @ 289.65,Buy 7 Shares @ Market to Open,--,"06/03/2026, 11:55:58 AM",900001001
TWLO,Filled,15 @ 218.96,Buy 15 Shares @ Market to Open,--,"06/03/2026, 11:55:01 AM",900001001
USAR,Filled,75 @ 28.32,Buy 75 Shares @ Market to Open,--,"06/03/2026, 11:49:41 AM",900001001
AVGO,Filled,3 @ 487.01,Sell 3 Shares @ Market to Close,--,"06/03/2026, 11:05:57 AM",900001001
MTZ,Filled,5 @ 378.28,Sell 5 Shares @ Market to Close,--,"06/03/2026, 11:05:25 AM",900001001
FN,Filled,5 @ 720.34,Sell 5 Shares @ Market to Close,--,"06/03/2026, 11:04:17 AM",900001001
CEG,Filled,5 @ 268.36,Buy 5 Shares @ Market to Open,--,"06/03/2026, 11:02:59 AM",900001001
ET,Filled,300 @ 19.71,Sell 300 Shares @ Market to Close,--,"06/03/2026, 11:02:15 AM",900001001
PSTL,Filled,100 @ 22.46,Buy 100 Shares @ Market to Open,--,"06/03/2026, 10:59:55 AM",900001001
VOO,Filled,5 @ 695.08,Sell 5 Shares @ Market to Close,--,"06/03/2026, 10:59:24 AM",900001001
CRM,Filled,30 @ 192.99,Buy 30 Shares @ Market to Open,--,"06/03/2026, 10:59:02 AM",900001001
ARE,Filled,25 @ 52.13,Buy 25 Shares @ Market to Open,--,"06/03/2026, 10:58:20 AM",900001001
CRWD,Filled,2 @ 754.30,Buy 2 Shares @ Market to Open,--,"06/03/2026, 10:57:46 AM",900001001
AMZN,Filled,10 @ 251.48,Buy 10 Shares @ Market to Open,--,"06/03/2026, 10:57:21 AM",900001001
ICHR,Filled,15 @ 73.94,Buy 15 Shares @ Market to Open,--,"06/03/2026, 10:56:58 AM",900001001
LITE,Filled,5 @ 986.00,Buy 5 Shares @ Market to Open,--,"06/03/2026, 10:56:34 AM",900001001
BE,Filled,10 @ 295.24,Buy 10 Shares @ Market to Open,--,"06/03/2026, 10:56:03 AM",900001001
URA,Filled,25 @ 51.63,Buy 25 Shares @ Market to Open,--,"06/03/2026, 10:55:38 AM",900001001
USAR,Filled,75 @ 28.63,Buy 75 Shares @ Market to Open,--,"06/03/2026, 10:55:09 AM",900001001
DDOG,Filled,10 @ 247.59,Buy 10 Shares @ Market to Open,--,"06/03/2026, 10:54:49 AM",900001001
CRDO,Filled,25 @ 216.01,Buy 25 Shares @ Market to Open,--,"06/03/2026, 10:54:21 AM",900001001
INCY,Filled,9 @ 95.11,Sell 9 Shares @ Market to Close,--,"06/03/2026, 10:31:15 AM",900001001
INCY,Filled,1 @ 95.06,Sell 1 Share @ Market to Close,--,"06/03/2026, 10:30:08 AM",900001001
STRL,Filled,5 @ 942.15,Sell 5 Shares @ Market to Close,--,"06/03/2026, 10:27:28 AM",900001001
MXL,Filled,50 @ 98.18,Sell 50 Shares @ Market to Close,--,"06/03/2026, 10:25:57 AM",900001001
MXL,Filled,25 @ 98.04,Sell 25 Shares @ Market to Close,--,"06/03/2026, 10:24:42 AM",900001001
SIVR,Filled,15 @ 70.05,Buy 15 Shares @ Market to Open,--,"06/03/2026, 10:23:19 AM",900001001
APP,Filled,2 @ 572.86,Buy 2 Shares @ Market to Open,--,"06/03/2026, 10:22:20 AM",900001001
EWY,Filled,15 @ 210.89,Buy 15 Shares @ Market to Open,--,"06/03/2026, 10:21:50 AM",900001001
NVDA,Filled,15 @ 215.85,Buy 15 Shares @ Market to Open,--,"06/03/2026, 10:20:17 AM",900001001
COPJ,Filled,50 @ 45.75,Buy 50 Shares @ Market to Open,--,"06/03/2026, 10:19:12 AM",900001001
USAR,Filled,125 @ 29.76,Buy 125 Shares @ Market to Open,--,"06/03/2026, 10:18:21 AM",900001001
GDMN,Filled,35 @ 90.26,Buy 35 Shares @ Market to Open,--,"06/03/2026, 10:17:17 AM",900001001
STRL,Filled,5 @ 934.56,Sell 5 Shares @ 93.456 Limit GTC to Close,--,"06/03/2026, 10:11:48 AM",900001001
CLS,Filled,7 @ 452.50,Buy 7 Shares @ Market to Open,--,"06/03/2026, 10:11:41 AM",900001001
MSFT,Filled,7 @ 431.89,Buy 7 Shares @ Market to Open,--,"06/03/2026, 10:11:09 AM",900001001
SMCI,Filled,75 @ 47.10,Buy 75 Shares @ Market to Open,--,"06/03/2026, 10:10:31 AM",900001001
TWLO,Filled,15 @ 218.50,Buy 15 Shares @ Market to Open,--,"06/03/2026, 10:10:00 AM",900001001
LITE,Filled,10 @ 974.93,Buy 10 Shares @ Market to Open,--,"06/03/2026, 10:09:42 AM",900001001
DDOG,Filled,10 @ 250.19,Buy 10 Shares @ Market to Open,--,"06/03/2026, 10:09:11 AM",900001001
CRDO,Filled,15 @ 210.68,Buy 15 Shares @ Market to Open,--,"06/03/2026, 10:08:35 AM",900001001
LITE,Filled,1 @ 969.00,Buy 1 Share @ Market to Open,--,"06/03/2026, 10:07:32 AM",900001002
GDE,Filled,10 @ 68.03,Sell 10 Shares @ Market to Close,--,"06/03/2026, 10:07:17 AM",900001002
GDE,Canceled,--,Sell 1 Share @ 6.999 Limit GTC to Close,--,"06/03/2026, 10:06:56 AM",900001002
GDE,Filled,3 @ 68.04,Sell 3 Shares @ Market to Close,--,"06/03/2026, 10:06:55 AM",900001002
AMD,Filled,5 @ 543.21,Sell 5 Shares @ 54.321 Limit GTC to Close,--,"06/03/2026, 9:40:04 AM",900001001
UBER,Filled,35 @ 71.00,Buy 35 Shares @ Market to Open,--,"06/03/2026, 9:30:32 AM",900001001
CRWV,Filled,20 @ 119.70,Buy 20 Shares @ Market to Open,--,"06/03/2026, 9:30:32 AM",900001001
AMZN,Filled,10 @ 254.40,Buy 10 Shares @ Market to Open,--,"06/03/2026, 9:30:29 AM",900001001
DDOG,Filled,15 @ 259.43,Buy 15 Shares @ Market to Open,--,"06/03/2026, 9:30:29 AM",900001001
NEXA,Filled,350 @ 15.83,Buy 350 Shares @ Market to Open,--,"06/03/2026, 9:30:19 AM",900001001
MSFT,Filled,25 @ 438.45,Buy 25 Shares @ Market to Open,--,"06/03/2026, 9:30:10 AM",900001001
SNDK,Filled,3 @ 1736.00,Buy 3 Shares @ Market to Open,--,"06/03/2026, 9:30:09 AM",900001001
GOOG,Filled,15 @ 358.39,Buy 15 Shares @ Market to Open,--,"06/03/2026, 9:30:09 AM",900001001
PLTR,Filled,75 @ 149.70,Buy 75 Shares @ Market to Open,--,"06/03/2026, 9:30:09 AM",900001001
NBIS,Expired,--,Sell 10 Shares @ 27.999 Limit to Close,--,"06/02/2026, 4:06:31 PM",900001001
STRL,Expired,--,Buy 3 Shares @ 83.456 Limit to Open,--,"06/02/2026, 4:06:31 PM",900001001
AGX,Filled,3 @ 663.14,Sell 3 Shares @ Market CLO to Close,--,"06/02/2026, 4:00:05 PM",900001001
CLS,Filled,20 @ 472.40,Sell 20 Shares @ Market CLO to Close,--,"06/02/2026, 4:00:04 PM",900001001
CLS,Filled,10 @ 472.40,Sell 10 Shares @ Market CLO to Close,--,"06/02/2026, 4:00:04 PM",900001001
JLL,Filled,10 @ 295.99,Sell 10 Shares @ Market CLO to Close,--,"06/02/2026, 4:00:04 PM",900001001
CLS,Filled,8 @ 472.40,Sell 8 Shares @ Market CLO to Close,--,"06/02/2026, 4:00:04 PM",900001001
ICHR,Filled,35 @ 74.95,Sell 35 Shares @ Market CLO to Close,--,"06/02/2026, 4:00:04 PM",900001001
LITE,Filled,3 @ 1029.15,Sell 3 Shares @ Market CLO to Close,--,"06/02/2026, 4:00:03 PM",900001001
LITE,Filled,5 @ 1029.15,Sell 5 Shares @ Market CLO to Close,--,"06/02/2026, 4:00:03 PM",900001001
LITE,Filled,3 @ 1029.15,Sell 3 Shares @ Market CLO to Close,--,"06/02/2026, 4:00:03 PM",900001001
AMD,Filled,5 @ 521.54,Sell 5 Shares @ Market CLO to Close,--,"06/02/2026, 4:00:03 PM",900001001
CEG,Filled,10 @ 272.65,Sell 10 Shares @ Market CLO to Close,--,"06/02/2026, 4:00:03 PM",900001001
ICHR,Filled,100 @ 74.95,Sell 100 Shares @ Market CLO to Close,--,"06/02/2026, 4:00:03 PM",900001001
MLPI,Filled,10 @ 55.39,Sell 10 Shares @ Market CLO to Close,--,"06/02/2026, 4:00:02 PM",900001001
TSLA,Filled,5 @ 423.74,Sell 5 Shares @ Market CLO to Close,--,"06/02/2026, 4:00:02 PM",900001001
MXL,Filled,25 @ 88.76,Sell 25 Shares @ Market CLO to Close,--,"06/02/2026, 4:00:02 PM",900001001
ETH,Filled,200 @ 18.13,Buy 200 Shares @ Market CLO to Open,--,"06/02/2026, 4:00:01 PM",900001001
USAR,Filled,80 @ 30.70,Sell 80 Shares @ Market CLO to Close,--,"06/02/2026, 4:00:01 PM",900001001
USAR,Filled,75 @ 30.70,Sell 75 Shares @ Market CLO to Close,--,"06/02/2026, 4:00:01 PM",900001001
BLOX,Filled,125 @ 17.96,Buy 125 Shares @ Market CLO to Open,--,"06/02/2026, 4:00:01 PM",900001001
URA,Filled,75 @ 53.42,Sell 75 Shares @ Market CLO to Close,--,"06/02/2026, 4:00:01 PM",900001001
SIVR,Filled,35 @ 71.44,Sell 35 Shares @ Market CLO to Close,--,"06/02/2026, 4:00:00 PM",900001001
SIVR,Filled,15 @ 71.44,Sell 15 Shares @ Market CLO to Close,--,"06/02/2026, 4:00:00 PM",900001001
PPLT,Filled,75 @ 17.53,Sell 75 Shares @ Market CLO to Close,--,"06/02/2026, 4:00:00 PM",900001001
REMX,Filled,100 @ 102.18,Sell 100 Shares @ Market CLO to Close,--,"06/02/2026, 4:00:00 PM",900001001
DRAM,Filled,20 @ 69.69,Sell 20 Shares @ 6.969 Limit GTC to Close,--,"06/02/2026, 3:36:23 PM",900001001
TIGO,Filled,50 @ 88.76,Sell 50 Shares @ 8.876 Limit GTC to Close,--,"06/02/2026, 2:13:18 PM",900001001
FN,Filled,7 @ 689.99,Sell 7 Shares @ 68.999 Limit GTC to Close,--,"06/02/2026, 12:20:43 PM",900001001
UNFI,Filled,50 @ 52.48,Sell 50 Shares @ Market to Close,--,"06/02/2026, 12:14:01 PM",900001001
EMEQ,Filled,100 @ 72.41,Sell 100 Shares @ Market to Close,--,"06/02/2026, 12:12:49 PM",900001001
SHLD,Filled,35 @ 64.83,Buy 35 Shares @ Market to Open,--,"06/02/2026, 12:12:07 PM",900001001
IREN,Filled,50 @ 67.77,Sell 50 Shares @ Market to Close,--,"06/02/2026, 12:08:15 PM",900001001
BLBD,Filled,50 @ 72.72,Sell 50 Shares @ 7.272 Limit GTC to Close,--,"06/02/2026, 11:55:45 AM",900001001
QQQ,Filled,5 @ 745.67,Sell 5 Shares @ 74.567 Limit to Close,--,"06/02/2026, 11:53:58 AM",900001001
NUKZ,Filled,50 @ 74.05,Sell 50 Shares @ Market to Close,--,"06/02/2026, 11:41:30 AM",900001001
NUKZ,Canceled,--,Sell 50 Shares @ 7.654 Limit GTC to Close,--,"06/02/2026, 11:41:30 AM",900001001
NUKZ,Filled,20 @ 73.91,Sell 20 Shares @ Market to Close,--,"06/02/2026, 11:40:51 AM",900001001
NLCP,Filled,500 @ 14.99,Buy 500 Shares @ 1.499 Limit GTC to Open,--,"06/02/2026, 11:39:36 AM",900001001
NEXA,Filled,150 @ 15.84,Buy 150 Shares @ Market to Open,--,"06/02/2026, 11:38:55 AM",900001001
W,Filled,50 @ 73.36,Sell 50 Shares @ Market to Close,--,"06/02/2026, 11:34:54 AM",900001001
COHR,Filled,5 @ 426.31,Sell 5 Shares @ Market to Close,--,"06/02/2026, 11:34:18 AM",900001001
IWM,Filled,45 @ 291.21,Sell 45 Shares @ Market to Close,--,"06/02/2026, 11:32:46 AM",900001001
USAR,Canceled,--,Sell 75 Shares @ 3.21 Limit GTC to Close,--,"06/02/2026, 11:30:27 AM",900001001
GDMN,Filled,70 @ 92.63,Sell 70 Shares @ Market to Close,--,"06/02/2026, 11:26:20 AM",900001001
STRL,Filled,5 @ 862.27,Sell 5 Shares @ Market to Close,--,"06/02/2026, 11:13:38 AM",900001001
TTMI,Filled,35 @ 179.19,Sell 35 Shares @ Market to Close,--,"06/02/2026, 11:12:30 AM",900001001
TTMI,Filled,10 @ 179.13,Sell 10 Shares @ Market to Close,--,"06/02/2026, 11:12:11 AM",900001001
TTMI,Filled,15 @ 179.19,Sell 15 Shares @ Market to Close,--,"06/02/2026, 11:11:54 AM",900001001
CSTM,Filled,330 @ 36.51,Sell 330 Shares @ Market to Close,--,"06/02/2026, 11:11:15 AM",900001001
MYRG,Filled,7 @ 460.74,Sell 7 Shares @ Market to Close,--,"06/02/2026, 11:10:14 AM",900001001
VRT,Filled,7 @ 339.96,Sell 7 Shares @ Market to Close,--,"06/02/2026, 11:09:37 AM",900001001
CLS,Filled,10 @ 463.13,Sell 10 Shares @ Market to Close,--,"06/02/2026, 11:09:16 AM",900001001
AVGO,Filled,15 @ 477.82,Sell 15 Shares @ Market to Close,--,"06/02/2026, 11:08:46 AM",900001001
BE,Filled,20 @ 297.93,Sell 20 Shares @ Market to Close,--,"06/02/2026, 11:08:25 AM",900001001
BE,Canceled,--,Sell 10 Shares @ Market CLO to Close,--,"06/02/2026, 11:07:25 AM",900001001
BE,Filled,10 @ 297.82,Sell 10 Shares @ Market to Close,--,"06/02/2026, 11:07:24 AM",900001001
BE,Canceled,--,Sell 20 Shares @ Market CLO to Close,--,"06/02/2026, 11:07:05 AM",900001001
BE,Filled,15 @ 297.35,Sell 15 Shares @ Market to Close,--,"06/02/2026, 11:06:26 AM",900001001
LITE,Filled,5 @ 995.58,Sell 5 Shares @ Market to Close,--,"06/02/2026, 11:06:05 AM",900001001
FN,Filled,10 @ 676.09,Sell 10 Shares @ Market to Close,--,"06/02/2026, 11:05:47 AM",900001001
LITE,Filled,5 @ 997.27,Sell 5 Shares @ Market to Close,--,"06/02/2026, 11:05:27 AM",900001001
LITE,Filled,7 @ 998.68,Sell 7 Shares @ Market to Close,--,"06/02/2026, 11:05:10 AM",900001001
LITE,Filled,2 @ 998.90,Sell 2 Shares @ Market to Close,--,"06/02/2026, 11:04:48 AM",900001001
LITE,Filled,2 @ 1008.72,Sell 2 Shares @ Market to Close,--,"06/02/2026, 11:01:27 AM",900001001
COHR,Filled,10 @ 427.51,Sell 10 Shares @ Market to Close,--,"06/02/2026, 11:00:42 AM",900001001
ICHR,Filled,45 @ 75.94,Sell 45 Shares @ Market to Close,--,"06/02/2026, 11:00:18 AM",900001001
GDMN,Filled,60 @ 92.24,Sell 60 Shares @ Market to Close,--,"06/02/2026, 10:58:56 AM",900001001
MTZ,Filled,12 @ 371.06,Sell 12 Shares @ Market to Close,--,"06/02/2026, 10:57:07 AM",900001001
ICHR,Filled,15 @ 76.00,Sell 15 Shares @ Market to Close,--,"06/02/2026, 10:55:44 AM",900001001
IGM,Filled,45 @ 170.11,Buy 45 Shares @ Market to Open,--,"06/02/2026, 10:54:34 AM",900001001
FN,Filled,5 @ 680.81,Sell 5 Shares @ Market to Close,--,"06/02/2026, 10:53:57 AM",900001001
JLL,Filled,5 @ 289.99,Sell 5 Shares @ 28.999 Limit GTC to Close,--,"06/02/2026, 10:47:16 AM",900001001
BLBD,Filled,35 @ 71.23,Sell 35 Shares @ 7.123 Limit GTC to Close,--,"06/02/2026, 10:33:46 AM",900001001
NLCP,Canceled,--,Buy 400 Shares @ 1.481 Limit GTC to Open,--,"06/02/2026, 10:32:15 AM",900001001
NLCP,Filled,350 @ 15.19,Buy 350 Shares @ 1.519 Limit GTC to Open,--,"06/02/2026, 10:31:49 AM",900001001
CRWD,Filled,10 @ 764.09,Buy 10 Shares @ Market to Open,--,"06/02/2026, 10:15:35 AM",900001001
DDOG,Filled,50 @ 265.85,Buy 50 Shares @ Market to Open,--,"06/02/2026, 10:14:42 AM",900001001
PLTR,Filled,75 @ 153.84,Buy 75 Shares @ Market to Open,--,"06/02/2026, 10:13:23 AM",900001001
CRDO,Filled,30 @ 212.58,Buy 30 Shares @ Market to Open,--,"06/02/2026, 10:13:01 AM",900001001
NVDA,Filled,50 @ 229.26,Sell 50 Shares @ Market to Close,--,"06/02/2026, 10:11:43 AM",900001001
PSIX,Filled,50 @ 40.45,Sell 50 Shares @ Market to Close,--,"06/02/2026, 10:11:00 AM",900001001
CLS,Filled,10 @ 459.27,Sell 10 Shares @ Market to Close,--,"06/02/2026, 10:10:15 AM",900001001
AVGO,Filled,10 @ 481.62,Sell 10 Shares @ Market to Close,--,"06/02/2026, 10:09:36 AM",900001001
COHR,Filled,10 @ 410.09,Sell 10 Shares @ Market to Close,--,"06/02/2026, 10:08:58 AM",900001001
IREN,Filled,50 @ 68.50,Sell 50 Shares @ Market to Close,--,"06/02/2026, 10:08:39 AM",900001001
LITE,Filled,5 @ 975.02,Sell 5 Shares @ Market to Close,--,"06/02/2026, 10:07:34 AM",900001001
FN,Filled,5 @ 669.18,Sell 5 Shares @ Market to Close,--,"06/02/2026, 10:06:51 AM",900001001
APP,Filled,5 @ 596.25,Buy 5 Shares @ Market to Open,--,"06/02/2026, 10:05:15 AM",900001001
TWLO,Filled,10 @ 220.40,Buy 10 Shares @ Market to Open,--,"06/02/2026, 10:03:48 AM",900001001
UNFI,Filled,25 @ 51.80,Buy 25 Shares @ Market to Open,--,"06/02/2026, 10:02:51 AM",900001001
CRDO,Filled,5 @ 215.24,Buy 5 Shares @ Market to Open,--,"06/02/2026, 10:01:58 AM",900001001
PLTR,Filled,15 @ 152.95,Buy 15 Shares @ Market to Open,--,"06/02/2026, 9:55:14 AM",900001001
MSFT,Filled,5 @ 445.04,Buy 5 Shares @ Market to Open,--,"06/02/2026, 9:54:37 AM",900001001
RTX,Filled,15 @ 174.02,Buy 15 Shares @ Market to Open,--,"06/02/2026, 9:53:55 AM",900001001
CSTM,Filled,150 @ 35.67,Sell 150 Shares @ 3.567 Limit GTC to Close,--,"06/02/2026, 9:53:42 AM",900001001
CVSA,Filled,15 @ 123.45,Sell 15 Shares @ 12.345 Limit GTC to Close,--,"06/02/2026, 9:53:28 AM",900001001
EWY,Filled,10 @ 212.62,Buy 10 Shares @ Market to Open,--,"06/02/2026, 9:52:20 AM",900001001
TWLO,Filled,10 @ 223.22,Buy 10 Shares @ Market to Open,--,"06/02/2026, 9:51:24 AM",900001001
PSUS,Filled,75 @ 39.41,Buy 75 Shares @ Market to Open,--,"06/02/2026, 9:50:00 AM",900001001
NVDA,Filled,25 @ 229.99,Sell 25 Shares @ 22.999 Limit to Close,--,"06/02/2026, 9:50:00 AM",900001001
HHH,Filled,30 @ 62.67,Buy 30 Shares @ Market to Open,--,"06/02/2026, 9:49:20 AM",900001001
AUGO,Filled,25 @ 71.18,Buy 25 Shares @ Market to Open,--,"06/02/2026, 9:48:09 AM",900001001
UBER,Filled,30 @ 72.72,Buy 30 Shares @ Market to Open,--,"06/02/2026, 9:47:13 AM",900001001
NEXA,Filled,100 @ 16.15,Buy 100 Shares @ Market to Open,--,"06/02/2026, 9:46:09 AM",900001001
GM,Filled,25 @ 81.83,Buy 25 Shares @ Market to Open,--,"06/02/2026, 9:44:52 AM",900001001
EZPW,Filled,75 @ 30.50,Buy 75 Shares @ Market to Open,--,"06/02/2026, 9:44:12 AM",900001001
GOOG,Filled,7 @ 355.62,Buy 7 Shares @ Market to Open,--,"06/02/2026, 9:42:56 AM",900001001
CRDO,Filled,10 @ 217.94,Buy 10 Shares @ Market to Open,--,"06/02/2026, 9:42:13 AM",900001001
PLTR,Filled,15 @ 154.19,Buy 15 Shares @ Market to Open,--,"06/02/2026, 9:41:53 AM",900001001
BE,Filled,7 @ 295.12,Buy 7 Shares @ Market to Open,--,"06/02/2026, 9:38:17 AM",900001001
VRT,Filled,10 @ 339.99,Sell 10 Shares @ 33.999 Limit GTC to Close,--,"06/02/2026, 9:33:04 AM",900001001
NBIS,Filled,15 @ 274.99,Sell 15 Shares @ 27.499 Limit GTC to Close,--,"06/02/2026, 9:31:48 AM",900001001
CLS,Filled,10 @ 445.00,Sell 10 Shares @ Market to Close,--,"06/02/2026, 9:30:55 AM",900001001
VRT,Filled,10 @ 333.97,Sell 10 Shares @ 32.999 Limit GTC to Close,--,"06/02/2026, 9:30:42 AM",900001001
MSFT,Filled,5 @ 447.00,Buy 5 Shares @ Market to Open,--,"06/02/2026, 9:30:36 AM",900001001
LITE,Filled,4 @ 936.18,Sell 4 Shares @ 91.999 Limit GTC to Close,--,"06/02/2026, 9:30:34 AM",900001001
GOOG,Filled,7 @ 363.23,Buy 7 Shares @ Market to Open,--,"06/02/2026, 9:30:33 AM",900001001
CEG,Filled,10 @ 266.00,Buy 10 Shares @ Market to Open,--,"06/02/2026, 9:30:33 AM",900001001
CRDO,Filled,15 @ 219.36,Buy 15 Shares @ Market to Open,--,"06/02/2026, 9:30:32 AM",900001001
TSLA,Filled,5 @ 418.32,Buy 5 Shares @ Market to Open,--,"06/02/2026, 9:30:31 AM",900001001
CRWV,Filled,20 @ 130.00,Sell 20 Shares @ 12.999 Limit GTC to Close,--,"06/02/2026, 9:30:28 AM",900001001
SNDK,Filled,1 @ 1750.06,Sell 1 Share @ Market to Close,--,"06/02/2026, 9:30:27 AM",900001001
BLBD,Filled,35 @ 69.30,Sell 35 Shares @ 6.789 Limit GTC to Close,--,"06/02/2026, 9:30:20 AM",900001001
MYRG,Filled,5 @ 450.84,Buy 5 Shares @ Market to Open,--,"06/02/2026, 9:30:20 AM",900001001
PSTL,Filled,100 @ 22.52,Buy 100 Shares @ Market to Open,--,"06/02/2026, 9:30:19 AM",900001001
MXL,Filled,25 @ 91.71,Buy 25 Shares @ Market to Open,--,"06/02/2026, 9:30:18 AM",900001001
SOXX,Filled,5 @ 585.75,Sell 5 Shares @ 57.89 Limit to Close,--,"06/02/2026, 9:30:14 AM",900001001
AMZN,Filled,10 @ 257.26,Buy 10 Shares @ Market to Open,--,"06/02/2026, 9:30:14 AM",900001001
COPJ,Filled,20 @ 46.03,Sell 20 Shares @ 4.567 Limit to Close,--,"06/02/2026, 9:30:11 AM",900001001
ICHR,Filled,30 @ 71.86,Buy 30 Shares @ Market to Open,--,"06/02/2026, 9:30:06 AM",900001001
GM,Filled,25 @ 82.89,Buy 25 Shares @ Market to Open,--,"06/02/2026, 9:30:06 AM",900001001
COPX,Filled,25 @ 91.42,Sell 25 Shares @ 9.123 Limit GTC to Close,--,"06/02/2026, 9:30:05 AM",900001001
DY,Canceled,--,Buy 5 Shares @ Market to Open,--,"06/02/2026, 8:40:15 AM",900001001
REMX,Canceled,--,Sell 20 Shares @ 11.999 Limit GTC to Close,--,"06/02/2026, 8:36:29 AM",900001001
NBIS,Canceled,--,Sell 10 Shares @ Market to Close,--,"06/02/2026, 8:28:52 AM",900001001
USAR,Canceled,--,Sell 75 Shares @ 2.999 Limit GTC to Close,--,"06/02/2026, 8:25:07 AM",900001001
NVDA,Expired,--,Sell 25 Shares @ 23.456 Limit to Close,--,"06/01/2026, 4:06:33 PM",900001001
PSUS,Filled,50 @ 39.40,Buy 50 Shares @ Market CLO to Open,--,"06/01/2026, 4:00:27 PM",900001001
TWLO,Filled,5 @ 227.54,Sell 5 Shares @ Market CLO to Close,--,"06/01/2026, 4:00:05 PM",900001001
VRT,Filled,7 @ 323.39,Buy 7 Shares @ Market CLO to Open,--,"06/01/2026, 4:00:05 PM",900001001
HHH,Filled,20 @ 62.89,Buy 20 Shares @ Market CLO to Open,--,"06/01/2026, 4:00:05 PM",900001001
PARR,Filled,50 @ 57.10,Sell 50 Shares @ Market CLO to Close,--,"06/01/2026, 4:00:05 PM",900001001
TSM,Filled,5 @ 435.63,Sell 5 Shares @ Market CLO to Close,--,"06/01/2026, 4:00:05 PM",900001001
EMEQ,Filled,40 @ 70.83,Sell 40 Shares @ Market CLO to Close,--,"06/01/2026, 4:00:04 PM",900001001
IREN,Filled,100 @ 65.33,Sell 100 Shares @ Market CLO to Close,--,"06/01/2026, 4:00:03 PM",900001001
AVGO,Filled,1 @ 459.97,Sell 1 Share @ Market CLO to Close,--,"06/01/2026, 4:00:03 PM",900001002
USAR,Filled,75 @ 29.43,Sell 75 Shares @ Market CLO to Close,--,"06/01/2026, 4:00:02 PM",900001001
NVDA,Filled,5 @ 224.36,Sell 5 Shares @ Market CLO to Close,--,"06/01/2026, 4:00:02 PM",900001001
GDMN,Filled,60 @ 91.45,Buy 60 Shares @ Market CLO to Open,--,"06/01/2026, 4:00:01 PM",900001001
NEXA,Filled,300 @ 16.09,Sell 300 Shares @ 1.609 Limit GTC to Close,--,"06/01/2026, 1:13:22 PM",900001001
GDE,Filled,10 @ 68.49,Buy 10 Shares @ Market to Open,--,"06/01/2026, 12:17:28 PM",900001002
CLS,Filled,5 @ 402.46,Sell 5 Shares @ Market to Close,--,"06/01/2026, 12:16:04 PM",900001001
NBIS,Filled,25 @ 272.28,Sell 25 Shares @ Market to Close,--,"06/01/2026, 12:15:03 PM",900001001
ALL,Filled,5 @ 207.23,Sell 5 Shares @ Market to Close,--,"06/01/2026, 11:25:17 AM",900001001
SIVR,Filled,15 @ 70.92,Buy 15 Shares @ Market to Open,--,"06/01/2026, 11:23:49 AM",900001001
USAR,Filled,50 @ 30.32,Sell 50 Shares @ Market to Close,--,"06/01/2026, 11:23:14 AM",900001001
TTMI,Filled,10 @ 168.02,Buy 10 Shares @ Market to Open,--,"06/01/2026, 11:21:17 AM",900001001
ARE,Filled,40 @ 49.22,Buy 40 Shares @ Market to Open,--,"06/01/2026, 11:15:20 AM",900001001
UAE,Canceled,--,Sell 100 Shares @ 1.999 Limit GTC to Close,--,"06/01/2026, 11:14:04 AM",900001001
UAE,Filled,100 @ 18.91,Sell 100 Shares @ Market to Close,--,"06/01/2026, 11:14:02 AM",900001001
NBIS,Filled,5 @ 272.34,Sell 5 Shares @ 27.234 Limit to Close,--,"06/01/2026, 11:13:06 AM",900001001
IREN,Filled,15 @ 64.52,Sell 15 Shares @ Market to Close,--,"06/01/2026, 11:12:28 AM",900001001
AMD,Filled,2 @ 509.07,Buy 2 Shares @ Market to Open,--,"06/01/2026, 11:09:48 AM",900001001
APP,Filled,3 @ 603.30,Buy 3 Shares @ Market to Open,--,"06/01/2026, 11:09:11 AM",900001001
AVGO,Filled,5 @ 455.72,Sell 5 Shares @ Market to Close,--,"06/01/2026, 11:06:59 AM",900001001
GOOG,Filled,7 @ 373.07,Buy 7 Shares @ Market to Open,--,"06/01/2026, 11:04:59 AM",900001001
AMZN,Filled,15 @ 264.25,Buy 15 Shares @ Market to Open,--,"06/01/2026, 11:04:38 AM",900001001
EWY,Filled,10 @ 211.88,Sell 10 Shares @ Market to Close,--,"06/01/2026, 11:02:46 AM",900001001
TSM,Filled,5 @ 438.14,Sell 5 Shares @ Market to Close,--,"06/01/2026, 10:58:17 AM",900001001
W,Filled,30 @ 71.80,Sell 30 Shares @ Market to Close,--,"06/01/2026, 10:57:43 AM",900001001
PSIX,Filled,50 @ 39.03,Buy 50 Shares @ Market to Open,--,"06/01/2026, 10:56:40 AM",900001001
CRDO,Filled,15 @ 233.35,Buy 15 Shares @ Market to Open,--,"06/01/2026, 10:55:10 AM",900001001
UNH,Filled,5 @ 380.14,Sell 5 Shares @ Market to Close,--,"06/01/2026, 10:54:35 AM",900001001
GOOG,Filled,5 @ 373.02,Buy 5 Shares @ Market to Open,--,"06/01/2026, 10:53:48 AM",900001001
PPLT,Filled,75 @ 17.41,Buy 75 Shares @ Market to Open,--,"06/01/2026, 10:52:12 AM",900001001
CVSA,Canceled,--,Sell 111 Shares @ 13.333 Limit GTC to Close,--,"06/01/2026, 10:51:40 AM",900001001
CVSA,Filled,46 @ 117.83,Sell 46 Shares @ Market to Close,--,"06/01/2026, 10:51:39 AM",900001001
PATH,Filled,450 @ 12.79,Sell 450 Shares @ 1.279 Limit GTC to Close,--,"06/01/2026, 10:48:55 AM",900001001
MLPI,Filled,50 @ 55.13,Buy 50 Shares @ Market to Open,--,"06/01/2026, 10:48:49 AM",900001001
AVGO,Filled,1 @ 456.78,Sell 1 Share @ 45.678 Limit GTC to Close,--,"06/01/2026, 10:36:41 AM",900001002
CEG,Filled,10 @ 270.01,Buy 10 Shares @ 27.001 Limit GTC to Open,--,"06/01/2026, 9:52:04 AM",900001001
USAR,Filled,150 @ 29.99,Sell 150 Shares @ 2.999 Limit GTC to Close,--,"06/01/2026, 9:47:17 AM",900001001
TSM,Filled,5 @ 432.10,Sell 5 Shares @ 43.21 Limit GTC to Close,--,"06/01/2026, 9:36:04 AM",900001001
TIGO,Filled,30 @ 86.99,Sell 30 Shares @ 8.699 Limit GTC to Close,--,"06/01/2026, 9:32:39 AM",900001001
HHH,Filled,50 @ 63.38,Buy 50 Shares @ Market to Open,--,"06/01/2026, 9:30:32 AM",900001001
CEG,Canceled,--,Buy 20 Shares @ 27.001 Limit GTC to Open,--,"06/01/2026, 6:34:25 AM",900001001
PINE,Filled,120 @ 19.27,Buy 120 Shares @ Market CLO to Open,--,"05/29/2026, 4:00:05 PM",900001001
EZPW,Filled,300 @ 31.24,Buy 300 Shares @ Market CLO to Open,--,"05/29/2026, 4:00:04 PM",900001001
SMCI,Filled,20 @ 46.09,Buy 20 Shares @ Market CLO to Open,--,"05/29/2026, 4:00:02 PM",900001001
EMEQ,Filled,50 @ 67.80,Buy 50 Shares @ Market CLO to Open,--,"05/29/2026, 4:00:02 PM",900001001
DRH,Filled,300 @ 10.99,Buy 300 Shares @ Market CLO to Open,--,"05/29/2026, 4:00:00 PM",900001001
BE,Filled,3 @ 278.26,Buy 3 Shares @ Market to Open,--,"05/29/2026, 3:33:28 PM",900001003
AMZN,Filled,7 @ 271.15,Buy 7 Shares @ Market to Open,--,"05/29/2026, 3:33:03 PM",900001003
LITE,Filled,2 @ 838.10,Buy 2 Shares @ Market to Open,--,"05/29/2026, 3:32:28 PM",900001003
LITE,Filled,2 @ 838.18,Buy 2 Shares @ 83.853 Limit to Open,--,"05/29/2026, 3:29:36 PM",900001001
VGSH,Filled,100 @ 58.34,Sell 100 Shares @ 5.834 Limit to Close,--,"05/29/2026, 3:28:32 PM",900001001
EAT,Filled,15 @ 143.75,Sell 15 Shares @ Market to Close,--,"05/29/2026, 3:25:38 PM",900001001
EAT,Filled,10 @ 143.75,Sell 10 Shares @ Market to Close,--,"05/29/2026, 3:25:17 PM",900001001
GDMN,Filled,25 @ 94.90,Sell 25 Shares @ Market to Close,--,"05/29/2026, 3:24:14 PM",900001001
REMX,Filled,20 @ 99.70,Buy 20 Shares @ Market to Open,--,"05/29/2026, 3:22:10 PM",900001001
NBIS,Filled,10 @ 222.69,Buy 10 Shares @ Market to Open,--,"05/29/2026, 3:21:35 PM",900001001
TWLO,Filled,15 @ 191.91,Sell 15 Shares @ Market to Close,--,"05/29/2026, 3:20:31 PM",900001001
BVN,Filled,30 @ 36.76,Sell 30 Shares @ Market to Close,--,"05/29/2026, 3:20:01 PM",900001001
GOOG,Filled,3 @ 378.07,Buy 3 Shares @ Market to Open,--,"05/29/2026, 2:58:25 PM",900001001
PINE,Filled,400 @ 19.38,Buy 400 Shares @ Market to Open,--,"05/29/2026, 2:57:54 PM",900001001
GDMN,Filled,50 @ 94.87,Sell 50 Shares @ Market to Close,--,"05/29/2026, 2:56:49 PM",900001001
BVN,Filled,25 @ 36.69,Sell 25 Shares @ Market to Close,--,"05/29/2026, 2:55:08 PM",900001001
VOO,Filled,5 @ 694.74,Sell 5 Shares @ Market to Close,--,"05/29/2026, 2:54:13 PM",900001001
TSM,Filled,3 @ 418.71,Buy 3 Shares @ Market to Open,--,"05/29/2026, 2:51:20 PM",900001001
CDE,Filled,50 @ 19.07,Sell 50 Shares @ Market to Close,--,"05/29/2026, 2:50:07 PM",900001001
LITE,Filled,4 @ 830.31,Buy 4 Shares @ Market to Open,--,"05/29/2026, 2:48:50 PM",900001001
ET,Filled,120 @ 19.16,Buy 120 Shares @ Market to Open,--,"05/29/2026, 2:48:09 PM",900001001
CLS,Filled,10 @ 379.11,Sell 10 Shares @ Market to Close,--,"05/29/2026, 2:44:26 PM",900001001
CLS,Canceled,--,Sell 10 Shares @ Market CLO to Close,--,"05/29/2026, 2:44:25 PM",900001001
FN,Canceled,--,Buy 3 Shares @ Market CLO to Open,--,"05/29/2026, 2:43:43 PM",900001001
TTMI,Canceled,--,Buy 35 Shares @ 17.432 Limit to Open,--,"05/29/2026, 2:43:10 PM",900001001
TTMI,Filled,35 @ 178.13,Buy 35 Shares @ Market to Open,--,"05/29/2026, 2:43:09 PM",900001001
SNDK,Canceled,--,Sell 2 Shares @ Market CLO to Close,--,"05/29/2026, 2:41:42 PM",900001001
AMD,Filled,10 @ 506.90,Buy 10 Shares @ Market to Open,--,"05/29/2026, 2:40:41 PM",900001001
AMD,Canceled,--,Buy 10 Shares @ Market CLO to Open,--,"05/29/2026, 2:40:41 PM",900001001
ICHR,Filled,145 @ 70.03,Buy 145 Shares @ 7.01 Limit to Open,--,"05/29/2026, 2:39:53 PM",900001001
VOO,Filled,10 @ 695.55,Sell 10 Shares @ Market to Close,--,"05/29/2026, 2:39:06 PM",900001001
PSUS,Filled,100 @ 40.21,Buy 100 Shares @ Market to Open,--,"05/29/2026, 2:37:43 PM",900001001
MFC,Filled,180 @ 38.19,Sell 180 Shares @ Market to Close,--,"05/29/2026, 2:37:05 PM",900001001
FN,Filled,5 @ 639.10,Buy 5 Shares @ Market to Open,--,"05/29/2026, 2:35:12 PM",900001001
BVN,Filled,75 @ 36.67,Sell 75 Shares @ Market to Close,--,"05/29/2026, 2:32:54 PM",900001001
MYRG,Filled,10 @ 463.02,Buy 10 Shares @ Market to Open,--,"05/29/2026, 2:31:03 PM",900001001
ORLA,Filled,400 @ 13.23,Sell 400 Shares @ Market to Close,--,"05/29/2026, 2:29:48 PM",900001001
PARR,Filled,50 @ 55.55,Buy 50 Shares @ 5.555 Limit GTC to Open,--,"05/29/2026, 2:14:59 PM",900001001
GOOG,Filled,10 @ 379.52,Buy 10 Shares @ Market to Open,--,"05/29/2026, 1:37:36 PM",900001001
NLCP,Filled,600 @ 15.86,Buy 600 Shares @ 1.587 Limit to Open,--,"05/29/2026, 1:35:27 PM",900001001
VGSH,Filled,100 @ 58.36,Sell 100 Shares @ 5.836 Limit to Close,--,"05/29/2026, 1:34:49 PM",900001001
NEXA,Filled,300 @ 15.07,Sell 300 Shares @ Market to Close,--,"05/29/2026, 1:33:12 PM",900001001
BE,Filled,50 @ 274.71,Buy 50 Shares @ Market to Open,--,"05/29/2026, 1:29:14 PM",900001001
TIMB,Filled,130 @ 21.87,Sell 130 Shares @ Market to Close,--,"05/29/2026, 1:28:15 PM",900001001
TIMB,Canceled,--,Sell 130 Shares @ 2.427 Limit GTC to Close,--,"05/29/2026, 1:28:15 PM",900001001
TIMB,Filled,120 @ 21.87,Sell 120 Shares @ Market to Close,--,"05/29/2026, 1:27:38 PM",900001001
TIMB,Canceled,--,Sell 120 Shares @ 2.799 Limit GTC to Close,--,"05/29/2026, 1:27:38 PM",900001001
NWG,Filled,200 @ 16.14,Sell 200 Shares @ Market to Close,--,"05/29/2026, 1:26:17 PM",900001001
DB,Filled,75 @ 32.48,Sell 75 Shares @ Market to Close,--,"05/29/2026, 1:25:33 PM",900001001
DHT,Filled,125 @ 16.32,Sell 125 Shares @ Market to Close,--,"05/29/2026, 1:25:10 PM",900001001
EPU,Filled,40 @ 85.53,Sell 40 Shares @ Market to Close,--,"05/29/2026, 1:24:30 PM",900001001
EPU,Canceled,--,Sell 25 Shares @ 8.765 Limit GTC to Close,--,"05/29/2026, 1:24:23 PM",900001001
NBIS,Filled,50 @ 223.03,Buy 50 Shares @ Market to Open,--,"05/29/2026, 1:21:27 PM",900001001
VGSH,Filled,200 @ 58.36,Sell 200 Shares @ Market to Close,--,"05/29/2026, 1:20:52 PM",900001001
AMZN,Filled,20 @ 271.01,Buy 20 Shares @ 27.101 Limit to Open,--,"05/29/2026, 1:20:18 PM",900001001
MLPI,Filled,10 @ 54.69,Buy 10 Shares @ Market to Open,--,"05/29/2026, 1:10:19 PM",900001001
VGSH,Filled,100 @ 58.37,Sell 100 Shares @ Market to Close,--,"05/29/2026, 1:06:36 PM",900001001
VGSH,Filled,100 @ 58.37,Sell 100 Shares @ Market to Close,--,"05/29/2026, 12:59:23 PM",900001001
FN,Canceled,--,Buy 5 Shares @ Market CLO to Open,--,"05/29/2026, 12:57:33 PM",900001001
DY,Filled,13 @ 509.88,Buy 13 Shares @ Market to Open,--,"05/29/2026, 12:56:06 PM",900001001
VGSH,Filled,100 @ 58.37,Sell 100 Shares @ Market to Close,--,"05/29/2026, 12:55:29 PM",900001001
EZPW,Filled,150 @ 31.19,Buy 150 Shares @ Market to Open,--,"05/29/2026, 12:54:42 PM",900001001
VTIP,Filled,100 @ 50.42,Sell 100 Shares @ Market to Close,--,"05/29/2026, 12:54:16 PM",900001001
CRDO,Filled,25 @ 228.84,Sell 25 Shares @ Market to Close,--,"05/29/2026, 12:50:08 PM",900001001
PSTL,Filled,50 @ 22.90,Buy 50 Shares @ Market to Open,--,"05/29/2026, 12:20:34 PM",900001001
FN,Filled,5 @ 630.91,Buy 5 Shares @ Market to Open,--,"05/29/2026, 12:20:04 PM",900001001
NVDA,Filled,20 @ 216.29,Sell 20 Shares @ Market to Close,--,"05/29/2026, 12:18:14 PM",900001001
DY,Filled,5 @ 511.94,Buy 5 Shares @ Market to Open,--,"05/29/2026, 12:17:30 PM",900001001
BRK.B,Filled,7 @ 473.94,Buy 7 Shares @ Market to Open,--,"05/29/2026, 12:17:01 PM",900001001
GM,Filled,100 @ 82.80,Buy 100 Shares @ Market to Open,--,"05/29/2026, 12:14:53 PM",900001001
MXL,Filled,50 @ 94.75,Buy 50 Shares @ Market to Open,--,"05/29/2026, 12:14:25 PM",900001001
LITE,Filled,2 @ 831.33,Buy 2 Shares @ Market to Open,--,"05/29/2026, 12:13:45 PM",900001001
MYRG,Filled,15 @ 463.37,Buy 15 Shares @ Market to Open,--,"05/29/2026, 12:13:18 PM",900001001
AGX,Filled,5 @ 646.09,Buy 5 Shares @ Market to Open,--,"05/29/2026, 12:12:56 PM",900001001
BE,Filled,10 @ 276.40,Buy 10 Shares @ Market to Open,--,"05/29/2026, 12:12:34 PM",900001001
UNH,Filled,5 @ 377.67,Buy 5 Shares @ Market to Open,--,"05/29/2026, 12:12:01 PM",900001001
EWY,Filled,10 @ 206.29,Buy 10 Shares @ Market to Open,--,"05/29/2026, 12:10:35 PM",900001001
COHR,Filled,10 @ 350.77,Buy 10 Shares @ Market to Open,--,"05/29/2026, 12:09:50 PM",900001001
TTMI,Filled,25 @ 181.60,Buy 25 Shares @ Market to Open,--,"05/29/2026, 12:07:46 PM",900001001
RTX,Filled,25 @ 179.59,Buy 25 Shares @ Market to Open,--,"05/29/2026, 12:07:25 PM",900001001
PATH,Filled,200 @ 11.71,Buy 200 Shares @ Market to Open,--,"05/29/2026, 12:06:45 PM",900001001
BLOX,Filled,125 @ 17.71,Buy 125 Shares @ Market to Open,--,"05/29/2026, 12:05:50 PM",900001001
LITE,Filled,5 @ 831.08,Buy 5 Shares @ Market to Open,--,"05/29/2026, 12:03:38 PM",900001001
NEXA,Filled,100 @ 15.29,Sell 100 Shares @ Market to Close,--,"05/29/2026, 12:01:07 PM",900001001
IWM,Filled,15 @ 290.33,Buy 15 Shares @ Market to Open,--,"05/29/2026, 12:00:41 PM",900001001
UNFI,Filled,60 @ 51.40,Buy 60 Shares @ Market to Open,--,"05/29/2026, 11:59:55 AM",900001001
AVGO,Filled,5 @ 439.00,Sell 5 Shares @ Market to Close,--,"05/29/2026, 11:59:18 AM",900001001
GOOG,Filled,10 @ 379.10,Buy 10 Shares @ Market to Open,--,"05/29/2026, 11:58:54 AM",900001001
PLTR,Filled,25 @ 156.91,Sell 25 Shares @ Market to Close,--,"05/29/2026, 11:58:30 AM",900001001
PSTL,Filled,150 @ 22.95,Buy 150 Shares @ Market to Open,--,"05/29/2026, 11:56:22 AM",900001001
CRDO,Filled,5 @ 227.96,Sell 5 Shares @ Market to Close,--,"05/29/2026, 11:55:20 AM",900001001
BVN,Filled,50 @ 36.70,Sell 50 Shares @ Market to Close,--,"05/29/2026, 11:45:38 AM",900001001
CLS,Filled,15 @ 378.85,Sell 15 Shares @ Market to Close,--,"05/29/2026, 11:45:04 AM",900001001
IAUM,Filled,75 @ 45.58,Sell 75 Shares @ Market to Close,--,"05/29/2026, 11:41:25 AM",900001001
CLS,Filled,7 @ 379.07,Sell 7 Shares @ Market to Close,--,"05/29/2026, 11:35:55 AM",900001001
PLTR,Filled,15 @ 156.91,Sell 15 Shares @ Market to Close,--,"05/29/2026, 11:35:28 AM",900001001
PLTR,Filled,15 @ 156.95,Sell 15 Shares @ Market to Close,--,"05/29/2026, 11:35:02 AM",900001001
PLTR,Filled,15 @ 156.86,Sell 15 Shares @ Market to Close,--,"05/29/2026, 11:34:26 AM",900001001
SSRM,Filled,75 @ 31.23,Sell 75 Shares @ 3.123 Limit GTC to Close,--,"05/29/2026, 11:11:11 AM",900001001
MSFT,Filled,5 @ 444.44,Sell 5 Shares @ 44.444 Limit GTC to Close,--,"05/29/2026, 10:59:12 AM",900001001
CRDO,Filled,20 @ 230.00,Sell 20 Shares @ 22.987 Limit GTC to Close,--,"05/29/2026, 9:30:39 AM",900001003
PLTR,Filled,15 @ 148.00,Sell 15 Shares @ 14.678 Limit GTC to Close,--,"05/29/2026, 9:30:38 AM",900001001
MSFT,Filled,5 @ 432.50,Sell 5 Shares @ 42.999 Limit GTC to Close,--,"05/29/2026, 9:30:18 AM",900001001
CRDO,Filled,15 @ 230.00,Sell 15 Shares @ 22.899 Limit GTC to Close,--,"05/29/2026, 9:30:14 AM",900001001
MFC,Rejected,--,Sell 50 Shares @ 3.876 Limit GTC to Close,--,"05/28/2026, 4:08:10 PM",900001001
KGC,Filled,125 @ 29.29,Sell 125 Shares @ Market CLO to Close,--,"05/28/2026, 4:01:21 PM",900001001
UNFI,Filled,75 @ 52.46,Sell 75 Shares @ Market CLO to Close,--,"05/28/2026, 4:00:04 PM",900001001
CLS,Filled,7 @ 351.02,Buy 7 Shares @ Market CLO to Open,--,"05/28/2026, 4:00:04 PM",900001001
PARR,Filled,40 @ 56.48,Buy 40 Shares @ Market CLO to Open,--,"05/28/2026, 4:00:04 PM",900001001
PSTL,Filled,175 @ 23.46,Buy 175 Shares @ Market CLO to Open,--,"05/28/2026, 4:00:04 PM",900001001
BAC,Filled,50 @ 50.77,Sell 50 Shares @ Market CLO to Close,--,"05/28/2026, 4:00:04 PM",900001001
DHT,Filled,20 @ 16.35,Sell 20 Shares @ Market CLO to Close,--,"05/28/2026, 4:00:04 PM",900001001
DHT,Filled,125 @ 16.35,Sell 125 Shares @ Market CLO to Close,--,"05/28/2026, 4:00:04 PM",900001001
THG,Filled,15 @ 187.39,Buy 15 Shares @ Market CLO to Open,--,"05/28/2026, 4:00:03 PM",900001001
MLPI,Filled,20 @ 55.42,Buy 20 Shares @ Market CLO to Open,--,"05/28/2026, 4:00:03 PM",900001001
EZPW,Filled,75 @ 32.15,Buy 75 Shares @ Market CLO to Open,--,"05/28/2026, 4:00:03 PM",900001001
IREN,Filled,50 @ 64.05,Buy 50 Shares @ Market CLO to Open,--,"05/28/2026, 4:00:03 PM",900001001
GDMN,Filled,35 @ 92.04,Sell 35 Shares @ Market CLO to Close,--,"05/28/2026, 4:00:03 PM",900001001
DY,Filled,5 @ 535.20,Sell 5 Shares @ Market CLO to Close,--,"05/28/2026, 4:00:03 PM",900001001
TIMB,Filled,75 @ 22.27,Sell 75 Shares @ Market CLO to Close,--,"05/28/2026, 4:00:03 PM",900001001
LITE,Filled,7 @ 860.62,Buy 7 Shares @ Market CLO to Open,--,"05/28/2026, 4:00:02 PM",900001001
MXL,Filled,50 @ 97.76,Buy 50 Shares @ Market CLO to Open,--,"05/28/2026, 4:00:02 PM",900001001
ICHR,Filled,35 @ 70.15,Buy 35 Shares @ Market CLO to Open,--,"05/28/2026, 4:00:02 PM",900001001
CEG,Filled,4 @ 286.31,Buy 4 Shares @ Market CLO to Open,--,"05/28/2026, 4:00:02 PM",900001001
EWY,Filled,10 @ 206.41,Sell 10 Shares @ Market CLO to Close,--,"05/28/2026, 4:00:02 PM",900001001
IREN,Filled,50 @ 64.05,Buy 50 Shares @ Market CLO to Open,--,"05/28/2026, 4:00:02 PM",900001001
LITE,Filled,5 @ 860.62,Buy 5 Shares @ Market CLO to Open,--,"05/28/2026, 4:00:02 PM",900001001
GDE,Filled,50 @ 68.37,Sell 50 Shares @ Market CLO to Close,--,"05/28/2026, 4:00:02 PM",900001001
USAR,Filled,100 @ 28.19,Sell 100 Shares @ Market CLO to Close,--,"05/28/2026, 4:00:02 PM",900001001
PLTR,Filled,25 @ 143.34,Sell 25 Shares @ Market CLO to Close,--,"05/28/2026, 4:00:02 PM",900001001
AMD,Filled,5 @ 518.09,Sell 5 Shares @ Market CLO to Close,--,"05/28/2026, 4:00:02 PM",900001001
NBIS,Filled,5 @ 226.34,Sell 5 Shares @ Market CLO to Close,--,"05/28/2026, 4:00:01 PM",900001001
SMCI,Filled,25 @ 41.30,Sell 25 Shares @ Market CLO to Close,--,"05/28/2026, 4:00:01 PM",900001001
STRL,Filled,5 @ 834.56,Sell 5 Shares @ 83.456 Limit to Close,--,"05/28/2026, 3:03:32 PM",900001001
ICHR,Filled,25 @ 70.36,Buy 25 Shares @ Market to Open,--,"05/28/2026, 3:03:06 PM",900001001
VGSH,Filled,200 @ 58.31,Sell 200 Shares @ Market to Close,--,"05/28/2026, 2:59:43 PM",900001001
FN,Filled,7 @ 673.74,Buy 7 Shares @ Market to Open,--,"05/28/2026, 2:58:31 PM",900001001
TTMI,Filled,25 @ 187.19,Buy 25 Shares @ Market to Open,--,"05/28/2026, 2:57:40 PM",900001001
MU,Filled,2 @ 935.63,Buy 2 Shares @ Market to Open,--,"05/28/2026, 2:56:31 PM",900001001
MXL,Filled,50 @ 96.66,Buy 50 Shares @ Market to Open,--,"05/28/2026, 2:48:43 PM",900001001
CGDV,Filled,225 @ 48.41,Sell 225 Shares @ Market to Close,--,"05/28/2026, 2:47:32 PM",900001001
URA,Filled,40 @ 50.80,Sell 40 Shares @ Market to Close,--,"05/28/2026, 2:46:56 PM",900001001
AUGO,Filled,25 @ 76.60,Sell 25 Shares @ Market to Close,--,"05/28/2026, 2:44:15 PM",900001001
BRK.B,Filled,7 @ 477.98,Buy 7 Shares @ Market to Open,--,"05/28/2026, 2:41:32 PM",900001001
COPX,Filled,40 @ 88.52,Sell 40 Shares @ Market to Close,--,"05/28/2026, 2:41:01 PM",900001001
STRL,Filled,5 @ 828.33,Sell 5 Shares @ Market to Close,--,"05/28/2026, 2:39:06 PM",900001001
IAUM,Filled,75 @ 44.84,Sell 75 Shares @ Market to Close,--,"05/28/2026, 2:38:23 PM",900001001
QQQ,Filled,3 @ 736.03,Sell 3 Shares @ Market to Close,--,"05/28/2026, 2:26:47 PM",900001001
FN,Filled,5 @ 674.15,Buy 5 Shares @ Market to Open,--,"05/28/2026, 2:24:01 PM",900001001
EAT,Filled,10 @ 138.95,Buy 10 Shares @ 13.905 Limit to Open,--,"05/28/2026, 2:20:37 PM",900001001
CSTM,Filled,100 @ 34.66,Sell 100 Shares @ Market to Close,--,"05/28/2026, 2:13:41 PM",900001001
SIL,Filled,25 @ 91.88,Sell 25 Shares @ Market to Close,--,"05/28/2026, 2:09:45 PM",900001001
ORLA,Filled,150 @ 12.63,Sell 150 Shares @ Market to Close,--,"05/28/2026, 2:09:21 PM",900001001
BE,Filled,15 @ 304.64,Sell 15 Shares @ Market to Close,--,"05/28/2026, 2:08:48 PM",900001001
BE,Filled,7 @ 304.67,Sell 7 Shares @ Market to Close,--,"05/28/2026, 2:08:21 PM",900001001
CDE,Filled,100 @ 18.64,Sell 100 Shares @ Market to Close,--,"05/28/2026, 2:07:51 PM",900001001
UAE,Filled,200 @ 19.66,Sell 200 Shares @ 1.966 Limit GTC to Close,--,"05/28/2026, 12:57:35 PM",900001001
APP,Filled,3 @ 598.76,Sell 3 Shares @ 59.876 Limit GTC to Close,--,"05/28/2026, 11:14:09 AM",900001001
SNDK,Filled,3 @ 1669.99,Sell 3 Shares @ 166.999 Limit to Close,--,"05/28/2026, 10:52:19 AM",900001001
GRNY,Filled,40 @ 27.22,Buy 40 Shares @ Market to Open,--,"05/28/2026, 10:34:12 AM",900001003
UAE,Filled,150 @ 19.30,Sell 150 Shares @ 1.93 Limit to Close,--,"05/28/2026, 10:13:28 AM",900001001
NBIS,Filled,10 @ 221.47,Sell 10 Shares @ Market to Close,--,"05/28/2026, 9:59:11 AM",900001001
PSTL,Filled,75 @ 24.11,Buy 75 Shares @ Market to Open,--,"05/28/2026, 9:54:04 AM",900001001
EZPW,Filled,100 @ 33.23,Buy 100 Shares @ Market to Open,--,"05/28/2026, 9:52:18 AM",900001001
GM,Filled,50 @ 83.70,Buy 50 Shares @ Market to Open,--,"05/28/2026, 9:50:33 AM",900001001
USAR,Filled,150 @ 26.67,Sell 150 Shares @ Market to Close,--,"05/28/2026, 9:49:54 AM",900001001
VTI,Filled,15 @ 368.98,Sell 15 Shares @ Market to Close,--,"05/28/2026, 9:46:13 AM",900001001
IREN,Filled,75 @ 65.02,Buy 75 Shares @ Market to Open,--,"05/28/2026, 9:43:59 AM",900001001
NBIS,Filled,10 @ 223.75,Sell 10 Shares @ Market to Close,--,"05/28/2026, 9:41:04 AM",900001001
NBIS,Filled,15 @ 223.74,Sell 15 Shares @ Market to Close,--,"05/28/2026, 9:40:33 AM",900001001
NBIS,Filled,10 @ 223.90,Sell 10 Shares @ Market to Close,--,"05/28/2026, 9:40:09 AM",900001001
KGC,Filled,125 @ 27.99,Buy 125 Shares @ 2.799 Limit GTC to Open,--,"05/28/2026, 9:36:10 AM",900001001
PSUS,Filled,100 @ 40.66,Buy 100 Shares @ Market to Open,--,"05/28/2026, 9:31:11 AM",900001001
RTX,Filled,20 @ 177.29,Buy 20 Shares @ Market to Open,--,"05/28/2026, 9:30:28 AM",900001001
MXL,Filled,10 @ 103.30,Sell 10 Shares @ 10.123 Limit GTC to Close,--,"05/28/2026, 9:30:28 AM",900001001
NEXA,Canceled,--,Sell 300 Shares @ 1.599 Limit GTC to Close,--,"05/28/2026, 9:01:07 AM",900001001
NEXA,Canceled,--,Sell 100 Shares @ 1.699 Limit GTC to Close,--,"05/28/2026, 9:00:31 AM",900001001
MXL,Canceled,--,Buy 50 Shares @ 9.055 Limit GTC to Open,--,"05/28/2026, 8:56:25 AM",900001001
TWLO,Filled,15 @ 181.57,Buy 15 Shares @ Market CLO to Open,--,"05/27/2026, 4:00:04 PM",900001001
UNFI,Filled,25 @ 51.94,Sell 25 Shares @ Market CLO to Close,--,"05/27/2026, 4:00:04 PM",900001001
BE,Filled,7 @ 293.80,Buy 7 Shares @ Market CLO to Open,--,"05/27/2026, 4:00:04 PM",900001003
MXL,Filled,25 @ 101.10,Sell 25 Shares @ Market CLO to Close,--,"05/27/2026, 4:00:02 PM",900001001
EZPW,Filled,75 @ 33.41,Buy 75 Shares @ Market CLO to Open,--,"05/27/2026, 4:00:02 PM",900001001
CEG,Filled,7 @ 289.62,Buy 7 Shares @ Market to Open,--,"05/27/2026, 3:33:56 PM",900001001
VTIP,Filled,200 @ 50.34,Buy 200 Shares @ Market to Open,--,"05/27/2026, 3:31:11 PM",900001001
VTIP,Canceled,--,Buy 200 Shares @ Market CLO to Open,--,"05/27/2026, 3:31:09 PM",900001001
TIGO,Canceled,--,Sell 10 Shares @ Market CLO to Close,--,"05/27/2026, 3:29:55 PM",900001001
TIGO,Filled,10 @ 85.03,Sell 10 Shares @ Market to Close,--,"05/27/2026, 3:29:52 PM",900001001
MYRG,Filled,5 @ 472.73,Sell 5 Shares @ Market to Close,--,"05/27/2026, 3:29:18 PM",900001001
MYRG,Canceled,--,Sell 5 Shares @ Market CLO to Close,--,"05/27/2026, 3:29:17 PM",900001001
IREN,Filled,50 @ 67.13,Sell 50 Shares @ Market to Close,--,"05/27/2026, 3:28:19 PM",900001001
PATH,Filled,250 @ 10.99,Buy 250 Shares @ 1.099 Limit GTC to Open,--,"05/27/2026, 1:52:35 PM",900001001
TWLO,Filled,15 @ 183.45,Buy 15 Shares @ 18.345 Limit GTC to Open,--,"05/27/2026, 1:14:40 PM",900001001
SNDK,Filled,4 @ 1553.90,Buy 4 Shares @ Market to Open,--,"05/27/2026, 10:40:10 AM",900001001
CEG,Filled,20 @ 290.58,Buy 20 Shares @ Market to Open,--,"05/27/2026, 10:39:04 AM",900001001
UNH,Filled,10 @ 382.09,Sell 10 Shares @ Market to Close,--,"05/27/2026, 10:35:52 AM",900001001
URA,Filled,40 @ 49.73,Buy 40 Shares @ Market to Open,--,"05/27/2026, 10:35:23 AM",900001001
CSTM,Filled,150 @ 32.98,Buy 150 Shares @ Market to Open,--,"05/27/2026, 10:34:24 AM",900001001
TIGO,Filled,125 @ 85.75,Sell 125 Shares @ 8.575 Limit GTC to Close,--,"05/27/2026, 10:33:22 AM",900001001
SIVR,Filled,35 @ 71.19,Buy 35 Shares @ Market to Open,--,"05/27/2026, 10:31:45 AM",900001001
MKOR,Filled,50 @ 64.94,Buy 50 Shares @ Market to Open,--,"05/27/2026, 10:25:33 AM",900001001
EIS,Filled,15 @ 137.72,Sell 15 Shares @ Market to Close,--,"05/27/2026, 10:24:34 AM",900001001
TSM,Filled,5 @ 420.71,Sell 5 Shares @ Market to Close,--,"05/27/2026, 10:24:07 AM",900001001
QQQ,Filled,5 @ 728.06,Buy 5 Shares @ Market to Open,--,"05/27/2026, 10:23:24 AM",900001001
SOXX,Filled,5 @ 558.11,Buy 5 Shares @ Market to Open,--,"05/27/2026, 10:22:31 AM",900001001
GDE,Filled,50 @ 67.61,Buy 50 Shares @ Market to Open,--,"05/27/2026, 10:21:44 AM",900001001
AVGO,Filled,5 @ 420.71,Buy 5 Shares @ Market to Open,--,"05/27/2026, 10:21:07 AM",900001001
SYF,Filled,15 @ 73.05,Sell 15 Shares @ Market to Close,--,"05/27/2026, 10:20:24 AM",900001001
MLPI,Filled,50 @ 55.92,Buy 50 Shares @ Market to Open,--,"05/27/2026, 10:19:55 AM",900001001
CSTM,Filled,125 @ 33.07,Buy 125 Shares @ Market to Open,--,"05/27/2026, 10:19:10 AM",900001001
TTMI,Filled,20 @ 184.34,Buy 20 Shares @ Market to Open,--,"05/27/2026, 10:17:48 AM",900001001
VRT,Filled,10 @ 319.31,Buy 10 Shares @ Market to Open,--,"05/27/2026, 10:16:54 AM",900001001
REMX,Filled,25 @ 97.44,Buy 25 Shares @ Market to Open,--,"05/27/2026, 10:16:10 AM",900001001
STRL,Filled,5 @ 782.43,Buy 5 Shares @ Market to Open,--,"05/27/2026, 10:13:53 AM",900001001
SLV,Filled,30 @ 67.64,Buy 30 Shares @ Market to Open,--,"05/27/2026, 10:10:13 AM",900001001
USAR,Filled,175 @ 26.86,Buy 175 Shares @ Market to Open,--,"05/27/2026, 10:09:50 AM",900001001
BE,Filled,15 @ 295.20,Buy 15 Shares @ Market to Open,--,"05/27/2026, 10:08:54 AM",900001001
MXL,Filled,25 @ 98.51,Sell 25 Shares @ Market to Close,--,"05/27/2026, 10:08:08 AM",900001001
LITE,Filled,5 @ 894.39,Buy 5 Shares @ Market to Open,--,"05/27/2026, 10:06:28 AM",900001001
SSRM,Filled,75 @ 30.30,Buy 75 Shares @ Market to Open,--,"05/27/2026, 10:05:59 AM",900001001
NEXA,Filled,300 @ 14.06,Buy 300 Shares @ Market to Open,--,"05/27/2026, 10:05:04 AM",900001001
IAUM,Filled,75 @ 44.18,Buy 75 Shares @ Market to Open,--,"05/27/2026, 10:04:13 AM",900001001
GDMN,Filled,35 @ 90.70,Buy 35 Shares @ Market to Open,--,"05/27/2026, 10:02:53 AM",900001001
TIGO,Filled,50 @ 85.10,Sell 50 Shares @ Market to Close,--,"05/27/2026, 10:02:21 AM",900001001
CRDO,Filled,25 @ 218.41,Buy 25 Shares @ Market to Open,--,"05/27/2026, 10:01:49 AM",900001001
ET,Filled,100 @ 19.36,Buy 100 Shares @ Market to Open,--,"05/27/2026, 10:01:16 AM",900001001
GOOG,Filled,15 @ 386.70,Buy 15 Shares @ Market to Open,--,"05/27/2026, 10:00:48 AM",900001001
CLS,Filled,15 @ 362.41,Buy 15 Shares @ Market to Open,--,"05/27/2026, 9:59:45 AM",900001001
MSFT,Filled,10 @ 411.82,Buy 10 Shares @ Market to Open,--,"05/27/2026, 9:59:10 AM",900001001
NVDA,Filled,20 @ 211.38,Buy 20 Shares @ Market to Open,--,"05/27/2026, 9:58:01 AM",900001001
PLTR,Filled,25 @ 132.50,Buy 25 Shares @ Market to Open,--,"05/27/2026, 9:57:01 AM",900001001
IREN,Filled,25 @ 62.60,Sell 25 Shares @ Market to Close,--,"05/27/2026, 9:53:52 AM",900001001
DY,Filled,10 @ 549.81,Sell 10 Shares @ Market to Close,--,"05/27/2026, 9:53:21 AM",900001001
DY,Filled,7 @ 547.23,Sell 7 Shares @ Market to Close,--,"05/27/2026, 9:53:03 AM",900001001
DY,Filled,1 @ 542.40,Sell 1 Share @ Market to Close,--,"05/27/2026, 9:52:35 AM",900001001
TIGO,Filled,50 @ 85.03,Sell 50 Shares @ Market to Close,--,"05/27/2026, 9:49:30 AM",900001001
DY,Filled,19 @ 543.21,Sell 19 Shares @ Market to Close,--,"05/27/2026, 9:48:37 AM",900001001
EAT,Filled,15 @ 143.21,Sell 15 Shares @ 14.321 Limit GTC to Close,--,"05/27/2026, 9:32:48 AM",900001001
CNSWF,Filled,25 @ 1937.89,Buy 25 Shares @ 193.789 Limit GTC to Open,--,"05/27/2026, 9:31:26 AM",900001001
APP,Filled,5 @ 524.56,Sell 5 Shares @ 52.456 Limit GTC to Close,--,"05/27/2026, 9:30:44 AM",900001003
UAE,Filled,100 @ 19.20,Sell 100 Shares @ 1.899 Limit GTC to Close,--,"05/27/2026, 9:30:43 AM",900001001
UAE,Filled,75 @ 19.20,Sell 75 Shares @ Market to Close,--,"05/27/2026, 9:30:43 AM",900001001
MLPI,Filled,50 @ 56.30,Buy 50 Shares @ Market to Open,--,"05/27/2026, 9:30:08 AM",900001001
SYF,Filled,30 @ 71.90,Sell 30 Shares @ Market CLO to Close,--,"05/26/2026, 4:00:05 PM",900001001
CDE,Filled,125 @ 18.37,Sell 125 Shares @ Market CLO to Close,--,"05/26/2026, 4:00:05 PM",900001001
DRAM,Filled,40 @ 60.51,Sell 40 Shares @ Market CLO to Close,--,"05/26/2026, 4:00:03 PM",900001001
AMZN,Filled,15 @ 265.29,Buy 15 Shares @ Market CLO to Open,--,"05/26/2026, 4:00:03 PM",900001001
CRDO,Filled,50 @ 221.64,Buy 50 Shares @ Market CLO to Open,--,"05/26/2026, 4:00:03 PM",900001001
CRDO,Filled,2 @ 221.64,Sell 2 Shares @ Market CLO to Close,--,"05/26/2026, 4:00:03 PM",900001003
IREN,Filled,75 @ 59.78,Sell 75 Shares @ Market CLO to Close,--,"05/26/2026, 4:00:02 PM",900001001
EZPW,Filled,100 @ 34.62,Sell 100 Shares @ Market CLO to Close,--,"05/26/2026, 4:00:02 PM",900001001
SMCI,Filled,50 @ 37.10,Sell 50 Shares @ Market CLO to Close,--,"05/26/2026, 4:00:01 PM",900001001
EWY,Filled,25 @ 200.65,Sell 25 Shares @ Market CLO to Close,--,"05/26/2026, 4:00:01 PM",900001001
TSLA,Filled,3 @ 433.59,Sell 3 Shares @ Market CLO to Close,--,"05/26/2026, 4:00:01 PM",900001001
GDE,Filled,20 @ 68.18,Sell 20 Shares @ Market CLO to Close,--,"05/26/2026, 4:00:01 PM",900001003
IAUM,Filled,75 @ 44.92,Buy 75 Shares @ Market CLO to Open,--,"05/26/2026, 4:00:00 PM",900001001
PPLT,Filled,40 @ 17.74,Sell 40 Shares @ Market CLO to Close,--,"05/26/2026, 4:00:00 PM",900001003
GRNJ,Filled,75 @ 31.25,Sell 75 Shares @ Market to Close,--,"05/26/2026, 3:00:17 PM",900001003
CGDV,Filled,50 @ 48.13,Sell 50 Shares @ Market to Close,--,"05/26/2026, 2:55:49 PM",900001003
SMCI,Filled,40 @ 37.65,Sell 40 Shares @ 3.765 Limit GTC to Close,--,"05/26/2026, 1:01:05 PM",900001001
CRDO,Filled,15 @ 214.53,Buy 15 Shares @ Market to Open,--,"05/26/2026, 12:05:30 PM",900001001
DRAM,Filled,15 @ 59.90,Sell 15 Shares @ Market to Close,--,"05/26/2026, 12:03:21 PM",900001001
UNH,Filled,5 @ 378.61,Buy 5 Shares @ Market to Open,--,"05/26/2026, 12:02:03 PM",900001001
BRK.B,Filled,10 @ 483.76,Buy 10 Shares @ Market to Open,--,"05/26/2026, 11:58:40 AM",900001001
CCL,Filled,30 @ 26.76,Sell 30 Shares @ Market to Close,--,"05/26/2026, 11:42:49 AM",900001001
CCL,Filled,25 @ 26.76,Sell 25 Shares @ Market to Close,--,"05/26/2026, 11:42:29 AM",900001001
CCL,Filled,10 @ 26.75,Sell 10 Shares @ Market to Close,--,"05/26/2026, 11:42:07 AM",900001001
SNDK,Filled,1 @ 1584.42,Sell 1 Share @ Market to Close,--,"05/26/2026, 11:41:32 AM",900001001
NBIS,Filled,15 @ 211.53,Buy 15 Shares @ Market to Open,--,"05/26/2026, 11:41:09 AM",900001001
QQQ,Filled,10 @ 727.68,Sell 10 Shares @ 72.768 Limit to Close,--,"05/26/2026, 11:41:03 AM",900001001
LITE,Filled,5 @ 910.31,Buy 5 Shares @ Market to Open,--,"05/26/2026, 11:40:05 AM",900001001
CSTM,Filled,150 @ 34.56,Sell 150 Shares @ Market to Close,--,"05/26/2026, 11:38:10 AM",900001001
ET,Filled,150 @ 19.70,Buy 150 Shares @ Market to Open,--,"05/26/2026, 11:37:07 AM",900001001
NVDA,Filled,75 @ 214.60,Buy 75 Shares @ Market to Open,--,"05/26/2026, 11:36:10 AM",900001001
TIGO,Filled,125 @ 80.74,Buy 125 Shares @ Market to Open,--,"05/26/2026, 11:35:45 AM",900001001
SOXX,Filled,5 @ 564.25,Sell 5 Shares @ Market to Close,--,"05/26/2026, 11:34:47 AM",900001001
TSM,Filled,3 @ 412.69,Sell 3 Shares @ Market to Close,--,"05/26/2026, 11:34:14 AM",900001001
SYF,Filled,15 @ 72.54,Sell 15 Shares @ Market to Close,--,"05/26/2026, 11:33:50 AM",900001001
IWM,Filled,20 @ 288.97,Sell 20 Shares @ Market to Close,--,"05/26/2026, 11:33:25 AM",900001001
AVGO,Filled,15 @ 424.63,Sell 15 Shares @ Market to Close,--,"05/26/2026, 11:32:45 AM",900001001
GDMN,Filled,67 @ 92.74,Sell 67 Shares @ Market to Close,--,"05/26/2026, 11:31:56 AM",900001001
NBIS,Filled,10 @ 211.99,Buy 10 Shares @ Market to Open,--,"05/26/2026, 11:30:35 AM",900001001
TSM,Filled,5 @ 413.35,Sell 5 Shares @ Market to Close,--,"05/26/2026, 11:28:56 AM",900001001
VGSH,Filled,1000 @ 58.25,Buy 1000 Shares @ Market to Open,--,"05/26/2026, 11:26:41 AM",900001001
MLPI,Filled,50 @ 57.06,Buy 50 Shares @ Market to Open,--,"05/26/2026, 11:25:37 AM",900001001
MXL,Filled,25 @ 93.45,Buy 25 Shares @ Market to Open,--,"05/26/2026, 11:24:40 AM",900001001
GDMN,Filled,25 @ 92.94,Sell 25 Shares @ Market to Close,--,"05/26/2026, 11:23:13 AM",900001001
MTZ,Filled,10 @ 390.54,Sell 10 Shares @ Market to Close,--,"05/26/2026, 11:22:50 AM",900001001
MTZ,Filled,5 @ 390.54,Sell 5 Shares @ Market to Close,--,"05/26/2026, 11:22:30 AM",900001001
MTZ,Filled,5 @ 390.65,Sell 5 Shares @ Market to Close,--,"05/26/2026, 11:21:34 AM",900001001
SMCI,Filled,65 @ 36.39,Sell 65 Shares @ Market to Close,--,"05/26/2026, 11:20:29 AM",900001001
SMCI,Filled,50 @ 36.38,Sell 50 Shares @ Market to Close,--,"05/26/2026, 11:20:09 AM",900001001
SMCI,Filled,20 @ 36.44,Sell 20 Shares @ Market to Close,--,"05/26/2026, 11:19:49 AM",900001001
TSLA,Filled,5 @ 433.73,Sell 5 Shares @ Market to Close,--,"05/26/2026, 11:19:23 AM",900001001
SSRM,Filled,75 @ 30.57,Sell 75 Shares @ Market to Close,--,"05/26/2026, 11:18:50 AM",900001001
CSTM,Filled,75 @ 34.60,Sell 75 Shares @ Market to Close,--,"05/26/2026, 11:16:39 AM",900001001
GOOG,Filled,10 @ 384.02,Sell 10 Shares @ Market to Close,--,"05/26/2026, 11:16:06 AM",900001001
NUKZ,Filled,30 @ 73.01,Sell 30 Shares @ Market to Close,--,"05/26/2026, 11:15:35 AM",900001001
CSTM,Filled,50 @ 34.63,Sell 50 Shares @ Market to Close,--,"05/26/2026, 11:14:03 AM",900001001
CSTM,Filled,100 @ 34.61,Sell 100 Shares @ Market to Close,--,"05/26/2026, 11:13:29 AM",900001001
STRL,Filled,5 @ 777.00,Sell 5 Shares @ Market to Close,--,"05/26/2026, 11:12:45 AM",900001001
CEG,Filled,5 @ 306.15,Sell 5 Shares @ Market to Close,--,"05/26/2026, 11:12:21 AM",900001001
CSTM,Filled,35 @ 34.71,Sell 35 Shares @ Market to Close,--,"05/26/2026, 11:11:04 AM",900001001
MKOR,Filled,70 @ 65.95,Sell 70 Shares @ Market to Close,--,"05/26/2026, 11:10:33 AM",900001001
EWY,Filled,25 @ 197.99,Sell 25 Shares @ Market to Close,--,"05/26/2026, 11:09:46 AM",900001001
MU,Filled,3 @ 876.54,Sell 3 Shares @ 87.654 Limit GTC to Close,--,"05/26/2026, 10:26:38 AM",900001001
MU,Filled,2 @ 858.96,Sell 2 Shares @ Market to Close,--,"05/26/2026, 10:16:21 AM",900001001
CGAU,Filled,250 @ 17.21,Sell 250 Shares @ Market to Close,--,"05/26/2026, 10:15:48 AM",900001001
DB,Filled,40 @ 33.55,Sell 40 Shares @ Market to Close,--,"05/26/2026, 10:15:21 AM",900001001
GRBK,Filled,60 @ 67.27,Sell 60 Shares @ Market to Close,--,"05/26/2026, 10:14:43 AM",900001001
GRBK,Canceled,--,Sell 60 Shares @ 6.789 Limit GTC to Close,--,"05/26/2026, 10:14:43 AM",900001001
ECH,Filled,55 @ 41.37,Sell 55 Shares @ Market to Close,--,"05/26/2026, 10:13:45 AM",900001001
ECH,Canceled,--,Sell 55 Shares @ 4.599 Limit GTC to Close,--,"05/26/2026, 10:13:45 AM",900001001
NBIS,Filled,10 @ 214.13,Buy 10 Shares @ Market to Open,--,"05/26/2026, 10:12:53 AM",900001001
BRK.B,Filled,5 @ 484.49,Buy 5 Shares @ Market to Open,--,"05/26/2026, 10:12:25 AM",900001001
UNH,Filled,5 @ 377.99,Buy 5 Shares @ Market to Open,--,"05/26/2026, 10:11:55 AM",900001001
LITE,Filled,3 @ 915.27,Buy 3 Shares @ Market to Open,--,"05/26/2026, 10:11:33 AM",900001001
MXL,Filled,25 @ 91.58,Buy 25 Shares @ Market to Open,--,"05/26/2026, 10:11:09 AM",900001001
MSFT,Filled,5 @ 417.74,Buy 5 Shares @ Market to Open,--,"05/26/2026, 10:10:46 AM",900001001
ETH,Filled,100 @ 20.20,Sell 100 Shares @ Market to Close,--,"05/26/2026, 10:10:10 AM",900001001
ETH,Filled,150 @ 20.20,Sell 150 Shares @ Market to Close,--,"05/26/2026, 10:09:53 AM",900001001
LTM,Filled,20 @ 52.00,Sell 20 Shares @ Market to Close,--,"05/26/2026, 10:09:12 AM",900001001
VRT,Filled,20 @ 339.26,Sell 20 Shares @ Market to Close,--,"05/26/2026, 10:08:25 AM",900001001
DHT,Filled,60 @ 17.28,Sell 60 Shares @ Market to Close,--,"05/26/2026, 10:08:01 AM",900001001
USAR,Filled,100 @ 26.14,Sell 100 Shares @ Market to Close,--,"05/26/2026, 10:07:34 AM",900001001
BLBD,Filled,36 @ 68.22,Sell 36 Shares @ Market to Close,--,"05/26/2026, 10:07:05 AM",900001001
BLOX,Filled,300 @ 17.32,Sell 300 Shares @ Market to Close,--,"05/26/2026, 10:06:33 AM",900001001
IREN,Filled,25 @ 59.17,Sell 25 Shares @ Market to Close,--,"05/26/2026, 10:06:11 AM",900001001
QQQ,Filled,5 @ 728.04,Sell 5 Shares @ Market to Close,--,"05/26/2026, 10:05:36 AM",900001001
DRH,Filled,300 @ 10.86,Sell 300 Shares @ Market to Close,--,"05/26/2026, 10:05:11 AM",900001001
EMEQ,Filled,75 @ 66.50,Sell 75 Shares @ Market to Close,--,"05/26/2026, 10:04:47 AM",900001001
CRDO,Filled,15 @ 224.38,Sell 15 Shares @ Market to Close,--,"05/26/2026, 10:00:41 AM",900001001
CRDO,Filled,40 @ 223.44,Sell 40 Shares @ Market to Close,--,"05/26/2026, 10:00:17 AM",900001001
CRDO,Filled,25 @ 222.51,Sell 25 Shares @ Market to Close,--,"05/26/2026, 9:59:52 AM",900001001
CRDO,Filled,25 @ 222.35,Sell 25 Shares @ Market to Close,--,"05/26/2026, 9:59:30 AM",900001001
STRL,Filled,5 @ 775.69,Sell 5 Shares @ Market to Close,--,"05/26/2026, 9:58:52 AM",900001001
W,Filled,30 @ 70.65,Sell 30 Shares @ Market to Close,--,"05/26/2026, 9:58:33 AM",900001001
SNDK,Filled,5 @ 1581.30,Sell 5 Shares @ Market to Close,--,"05/26/2026, 9:58:09 AM",900001001
SNDK,Filled,2 @ 1580.87,Sell 2 Shares @ Market to Close,--,"05/26/2026, 9:57:55 AM",900001001
MKOR,Filled,75 @ 66.15,Sell 75 Shares @ Market to Close,--,"05/26/2026, 9:57:40 AM",900001001
EWY,Filled,15 @ 198.32,Sell 15 Shares @ Market to Close,--,"05/26/2026, 9:57:23 AM",900001001
PSIX,Filled,100 @ 42.75,Sell 100 Shares @ Market to Close,--,"05/26/2026, 9:57:09 AM",900001001
PSIX,Filled,50 @ 42.95,Sell 50 Shares @ Market to Close,--,"05/26/2026, 9:56:56 AM",900001001
DRAM,Filled,200 @ 58.91,Sell 200 Shares @ Market to Close,--,"05/26/2026, 9:56:41 AM",900001001
MU,Filled,3 @ 857.84,Sell 3 Shares @ Market to Close,--,"05/26/2026, 9:56:28 AM",900001001
MU,Filled,3 @ 858.02,Sell 3 Shares @ Market to Close,--,"05/26/2026, 9:55:57 AM",900001001
APP,Filled,4 @ 525.69,Sell 4 Shares @ Market to Close,--,"05/26/2026, 9:55:33 AM",900001001
APP,Filled,7 @ 525.11,Sell 7 Shares @ Market to Close,--,"05/26/2026, 9:55:21 AM",900001001
APP,Filled,7 @ 525.48,Sell 7 Shares @ Market to Close,--,"05/26/2026, 9:55:09 AM",900001001
ICHR,Filled,20 @ 69.28,Sell 20 Shares @ Market to Close,--,"05/26/2026, 9:52:06 AM",900001001
CLS,Filled,15 @ 371.65,Sell 15 Shares @ Market to Close,--,"05/26/2026, 9:49:12 AM",900001001
TSLA,Filled,5 @ 429.77,Sell 5 Shares @ Market to Close,--,"05/26/2026, 9:48:21 AM",900001001
GDE,Filled,100 @ 68.55,Sell 100 Shares @ Market to Close,--,"05/26/2026, 9:47:25 AM",900001001
INCY,Filled,25 @ 97.66,Sell 25 Shares @ Market to Close,--,"05/26/2026, 9:46:53 AM",900001001
CVSA,Filled,15 @ 124.84,Sell 15 Shares @ Market to Close,--,"05/26/2026, 9:46:27 AM",900001001
TIMB,Filled,300 @ 22.44,Sell 300 Shares @ Market to Close,--,"05/26/2026, 9:45:15 AM",900001001
ALL,Filled,15 @ 217.59,Sell 15 Shares @ Market to Close,--,"05/26/2026, 9:44:14 AM",900001001
ET,Filled,100 @ 19.86,Buy 100 Shares @ Market to Open,--,"05/26/2026, 9:43:19 AM",900001001
COHR,Filled,5 @ 375.19,Buy 5 Shares @ Market to Open,--,"05/26/2026, 9:42:05 AM",900001001
EWO,Filled,100 @ 41.18,Sell 100 Shares @ Market to Close,--,"05/26/2026, 9:41:10 AM",900001001
COHR,Filled,5 @ 375.50,Buy 5 Shares @ Market to Open,--,"05/26/2026, 9:39:58 AM",900001001
MLPI,Filled,35 @ 57.47,Buy 35 Shares @ Market to Open,--,"05/26/2026, 9:39:24 AM",900001001
PLTR,Filled,15 @ 134.07,Buy 15 Shares @ Market to Open,--,"05/26/2026, 9:38:51 AM",900001001
MXL,Filled,15 @ 99.44,Buy 15 Shares @ Market to Open,--,"05/26/2026, 9:38:16 AM",900001001
USAR,Filled,100 @ 26.36,Sell 100 Shares @ 2.636 Limit GTC to Close,--,"05/26/2026, 9:36:16 AM",900001001
IREN,Filled,50 @ 59.99,Sell 50 Shares @ 5.999 Limit GTC to Close,--,"05/26/2026, 9:30:59 AM",900001001
NBIS,Filled,10 @ 211.44,Buy 10 Shares @ Market to Open,--,"05/22/2026, 3:30:40 PM",900001001
CRDO,Filled,10 @ 204.56,Sell 10 Shares @ 20.456 Limit to Close,--,"05/22/2026, 11:08:15 AM",900001001
BLOX,Canceled,--,Buy 150 Shares @ Market CLO to Open,--,"05/22/2026, 10:47:17 AM",900001001
BLOX,Filled,150 @ 16.80,Buy 150 Shares @ Market to Open,--,"05/22/2026, 10:47:15 AM",900001001
UNFI,Filled,45 @ 49.22,Buy 45 Shares @ Market to Open,--,"05/22/2026, 10:41:26 AM",900001001
PARR,Filled,35 @ 57.59,Buy 35 Shares @ Market to Open,--,"05/22/2026, 10:40:16 AM",900001001
DHT,Filled,60 @ 17.20,Buy 60 Shares @ Market to Open,--,"05/22/2026, 10:39:04 AM",900001001
SIL,Filled,25 @ 87.18,Buy 25 Shares @ Market to Open,--,"05/22/2026, 10:38:23 AM",900001001
IWM,Filled,10 @ 284.99,Sell 10 Shares @ 28.499 Limit GTC to Close,--,"05/22/2026, 10:37:43 AM",900001001
UNH,Filled,5 @ 388.19,Sell 5 Shares @ Market to Close,--,"05/22/2026, 10:36:05 AM",900001001
AMD,Filled,5 @ 468.80,Sell 5 Shares @ Market to Close,--,"05/22/2026, 10:35:23 AM",900001001
NBIS,Filled,10 @ 217.82,Buy 10 Shares @ Market to Open,--,"05/22/2026, 10:34:04 AM",900001001
PLTR,Filled,15 @ 134.72,Buy 15 Shares @ Market to Open,--,"05/22/2026, 10:32:06 AM",900001001
MXL,Filled,25 @ 96.59,Buy 25 Shares @ Market to Open,--,"05/22/2026, 10:31:23 AM",900001001
PSTL,Filled,100 @ 23.82,Buy 100 Shares @ Market to Open,--,"05/22/2026, 10:30:53 AM",900001001
VTI,Filled,15 @ 366.58,Sell 15 Shares @ Market to Close,--,"05/22/2026, 10:29:35 AM",900001001
AMD,Filled,5 @ 464.03,Sell 5 Shares @ 46.399 Limit to Close,--,"05/22/2026, 10:26:37 AM",900001001
GM,Filled,10 @ 79.10,Sell 10 Shares @ 7.91 Limit GTC to Close,--,"05/22/2026, 10:25:39 AM",900001001
MXL,Filled,45 @ 95.98,Buy 45 Shares @ Market to Open,--,"05/22/2026, 10:24:43 AM",900001001
VRT,Filled,3 @ 329.72,Sell 3 Shares @ Market to Close,--,"05/22/2026, 10:23:41 AM",900001001
QQQ,Filled,5 @ 716.56,Sell 5 Shares @ Market to Close,--,"05/22/2026, 10:23:12 AM",900001001
QQQ,Canceled,--,Sell 5 Shares @ 76.543 Limit GTC to Close,--,"05/22/2026, 10:23:12 AM",900001001
USAR,Filled,100 @ 26.08,Sell 100 Shares @ 2.602 Limit GTC to Close,--,"05/22/2026, 10:16:27 AM",900001001
DRAM,Filled,40 @ 53.02,Buy 40 Shares @ 5.302 Limit to Open,--,"05/22/2026, 10:14:47 AM",900001001
DHT,Filled,125 @ 17.32,Buy 125 Shares @ Market to Open,--,"05/22/2026, 10:12:41 AM",900001001
TSLA,Filled,7 @ 423.44,Sell 7 Shares @ Market to Close,--,"05/22/2026, 10:11:51 AM",900001001
GDMN,Filled,25 @ 90.28,Buy 25 Shares @ Market to Open,--,"05/22/2026, 10:11:20 AM",900001001
NVDA,Filled,20 @ 216.78,Buy 20 Shares @ Market to Open,--,"05/22/2026, 10:09:58 AM",900001001
GOOG,Filled,10 @ 380.97,Buy 10 Shares @ Market to Open,--,"05/22/2026, 10:09:15 AM",900001001
BE,Filled,10 @ 311.88,Sell 10 Shares @ Market to Close,--,"05/22/2026, 10:08:51 AM",900001001
IWM,Filled,8 @ 284.83,Sell 8 Shares @ Market to Close,--,"05/22/2026, 10:08:29 AM",900001001
CRDO,Filled,20 @ 204.99,Sell 20 Shares @ 20.499 Limit GTC to Close,--,"05/22/2026, 10:08:26 AM",900001001
PLTR,Filled,2 @ 136.76,Sell 2 Shares @ Market to Close,--,"05/22/2026, 10:04:03 AM",900001002
BE,Filled,2 @ 312.00,Sell 2 Shares @ Market to Close,--,"05/22/2026, 10:03:13 AM",900001002
TTMI,Filled,10 @ 189.89,Sell 10 Shares @ 18.989 Limit GTC to Close,--,"05/22/2026, 9:33:14 AM",900001001
ICHR,Filled,15 @ 65.32,Buy 15 Shares @ Market CLO to Open,--,"05/21/2026, 4:00:02 PM",900001001
SMCI,Filled,40 @ 33.46,Buy 40 Shares @ Market CLO to Open,--,"05/21/2026, 4:00:00 PM",900001001
MXL,Filled,35 @ 95.29,Buy 35 Shares @ Market to Open,--,"05/21/2026, 10:27:37 AM",900001001
NVDA,Filled,15 @ 218.62,Buy 15 Shares @ Market to Open,--,"05/21/2026, 10:25:38 AM",900001001
UNFI,Filled,40 @ 49.12,Buy 40 Shares @ Market to Open,--,"05/21/2026, 10:25:15 AM",900001001
AMD,Filled,10 @ 434.05,Buy 10 Shares @ Market to Open,--,"05/21/2026, 10:24:53 AM",900001001
SSRM,Filled,75 @ 29.86,Buy 75 Shares @ Market to Open,--,"05/21/2026, 10:24:27 AM",900001001
BE,Filled,7 @ 305.44,Sell 7 Shares @ Market to Close,--,"05/21/2026, 10:22:06 AM",900001001
LITE,Filled,2 @ 926.86,Sell 2 Shares @ Market to Close,--,"05/21/2026, 10:21:45 AM",900001001
BE,Filled,7 @ 306.65,Sell 7 Shares @ Market to Close,--,"05/21/2026, 10:21:17 AM",900001001
LITE,Filled,3 @ 930.85,Sell 3 Shares @ Market to Close,--,"05/21/2026, 10:20:50 AM",900001001
USAR,Filled,125 @ 24.11,Sell 125 Shares @ Market to Close,--,"05/21/2026, 10:20:31 AM",900001001
USAR,Filled,50 @ 24.15,Sell 50 Shares @ Market to Close,--,"05/21/2026, 10:20:07 AM",900001001
USAR,Filled,75 @ 24.23,Sell 75 Shares @ Market to Close,--,"05/21/2026, 10:19:45 AM",900001001
TTMI,Filled,15 @ 175.99,Sell 15 Shares @ 17.599 Limit GTC to Close,--,"05/21/2026, 9:54:33 AM",900001001
NVDA,Filled,20 @ 222.16,Buy 20 Shares @ Market to Open,--,"05/21/2026, 9:30:29 AM",900001001
NEXA,Filled,100 @ 13.63,Buy 100 Shares @ Market to Open,--,"05/21/2026, 9:30:11 AM",900001001
LITE,Filled,3 @ 872.00,Buy 3 Shares @ Market to Open,--,"05/21/2026, 9:30:11 AM",900001001
AGX,Expired,--,Buy 5 Shares @ 61.999 Limit EXT to Open,--,"05/20/2026, 8:00:21 PM",900001001
BE,Filled,2 @ 282.31,Sell 2 Shares @ Market CLO to Close,--,"05/20/2026, 4:00:03 PM",900001002
LITE,Filled,2 @ 868.07,Buy 2 Shares @ Market CLO to Open,--,"05/20/2026, 4:00:02 PM",900001002
LITE,Filled,1 @ 868.07,Buy 1 Share @ Market CLO to Open,--,"05/20/2026, 4:00:02 PM",900001003
GDMN,Filled,40 @ 92.60,Sell 40 Shares @ Market CLO to Close,--,"05/20/2026, 4:00:01 PM",900001001
SSRM,Filled,75 @ 30.74,Sell 75 Shares @ Market CLO to Close,--,"05/20/2026, 4:00:01 PM",900001001
PLTR,Filled,15 @ 137.15,Sell 15 Shares @ Market CLO to Close,--,"05/20/2026, 4:00:01 PM",900001001
VRT,Filled,3 @ 315.21,Buy 3 Shares @ Market to Open,--,"05/20/2026, 3:53:01 PM",900001001
FN,Filled,10 @ 657.39,Buy 10 Shares @ Market to Open,--,"05/20/2026, 3:51:22 PM",900001001
BRK.B,Filled,10 @ 481.01,Sell 10 Shares @ Market to Close,--,"05/20/2026, 3:50:24 PM",900001001
GM,Filled,30 @ 75.81,Sell 30 Shares @ Market to Close,--,"05/20/2026, 3:48:36 PM",900001001
GM,Filled,10 @ 75.81,Sell 10 Shares @ Market to Close,--,"05/20/2026, 3:47:51 PM",900001001
LITE,Canceled,--,Buy 1 Share @ Market CLO to Open,--,"05/20/2026, 3:43:38 PM",900001002
PINE,Filled,125 @ 19.05,Buy 125 Shares @ 1.905 Limit GTC to Open,--,"05/20/2026, 12:33:25 PM",900001001
MSFT,Filled,5 @ 415.78,Buy 5 Shares @ Market to Open,--,"05/20/2026, 10:54:47 AM",900001001
CLS,Filled,5 @ 352.58,Sell 5 Shares @ Market to Close,--,"05/20/2026, 10:53:13 AM",900001001
CRDO,Filled,4 @ 179.28,Sell 4 Shares @ Market to Close,--,"05/20/2026, 10:37:11 AM",900001003
MXL,Filled,25 @ 94.32,Buy 25 Shares @ 9.432 Limit GTC to Open,--,"05/20/2026, 10:34:35 AM",900001001
MLPI,Filled,50 @ 57.47,Buy 50 Shares @ Market to Open,--,"05/20/2026, 10:33:52 AM",900001001
APP,Filled,7 @ 466.49,Buy 7 Shares @ Market to Open,--,"05/20/2026, 10:33:10 AM",900001001
ALL,Filled,5 @ 222.60,Buy 5 Shares @ Market to Open,--,"05/20/2026, 10:31:56 AM",900001001
UNFI,Filled,40 @ 50.20,Buy 40 Shares @ Market to Open,--,"05/20/2026, 10:31:24 AM",900001001
GOOG,Filled,10 @ 382.06,Buy 10 Shares @ Market to Open,--,"05/20/2026, 10:30:08 AM",900001001
EZPW,Filled,100 @ 32.55,Sell 100 Shares @ Market to Close,--,"05/20/2026, 10:17:02 AM",900001001
TIGO,Filled,40 @ 83.17,Sell 40 Shares @ Market to Close,--,"05/20/2026, 10:16:23 AM",900001001
CEG,Filled,15 @ 276.48,Sell 15 Shares @ Market to Close,--,"05/20/2026, 10:15:36 AM",900001001
AMD,Filled,5 @ 439.91,Sell 5 Shares @ Market to Close,--,"05/20/2026, 10:15:20 AM",900001001
CRDO,Filled,10 @ 182.01,Sell 10 Shares @ Market to Close,--,"05/20/2026, 10:14:46 AM",900001001
CRDO,Filled,6 @ 181.01,Sell 6 Shares @ Market to Close,--,"05/20/2026, 10:14:33 AM",900001001
CRDO,Filled,10 @ 181.16,Sell 10 Shares @ Market to Close,--,"05/20/2026, 10:14:16 AM",900001001
UNFI,Filled,40 @ 50.00,Buy 40 Shares @ Market to Open,--,"05/20/2026, 10:05:24 AM",900001001
USAR,Filled,50 @ 20.57,Buy 50 Shares @ Market to Open,--,"05/20/2026, 10:03:18 AM",900001001
TTMI,Filled,15 @ 168.30,Sell 15 Shares @ Market to Close,--,"05/20/2026, 10:02:46 AM",900001001
MSFT,Filled,5 @ 412.93,Buy 5 Shares @ Market to Open,--,"05/20/2026, 10:02:13 AM",900001001
CSTM,Filled,35 @ 31.48,Buy 35 Shares @ Market to Open,--,"05/20/2026, 10:00:56 AM",900001001
NWG,Filled,125 @ 15.34,Sell 125 Shares @ Market to Close,--,"05/20/2026, 9:57:34 AM",900001001
EIS,Filled,10 @ 130.23,Sell 10 Shares @ Market to Close,--,"05/20/2026, 9:55:47 AM",900001001
LITE,Filled,2 @ 891.63,Buy 2 Shares @ Market to Open,--,"05/20/2026, 9:54:22 AM",900001001
MXL,Filled,25 @ 95.95,Buy 25 Shares @ Market to Open,--,"05/20/2026, 9:51:24 AM",900001001
EPOL,Filled,50 @ 39.25,Sell 50 Shares @ Market to Close,--,"05/20/2026, 9:50:02 AM",900001001
W,Filled,45 @ 57.69,Sell 45 Shares @ Market to Close,--,"05/20/2026, 9:48:57 AM",900001001
NLCP,Filled,250 @ 14.39,Buy 250 Shares @ 1.442 Limit to Open,--,"05/20/2026, 9:42:25 AM",900001001
DHT,Filled,125 @ 17.82,Buy 125 Shares @ Market to Open,--,"05/20/2026, 9:40:57 AM",900001001
MU,Filled,3 @ 719.65,Sell 3 Shares @ Market to Close,--,"05/20/2026, 9:40:13 AM",900001001
AMD,Filled,10 @ 429.75,Sell 10 Shares @ Market to Close,--,"05/20/2026, 9:37:32 AM",900001001
DHT,Filled,20 @ 17.85,Buy 20 Shares @ Market to Open,--,"05/20/2026, 9:30:20 AM",900001001
NVDA,Filled,15 @ 220.61,Buy 15 Shares @ Market CLO to Open,--,"05/19/2026, 4:00:01 PM",900001001
GDMN,Filled,40 @ 88.97,Buy 40 Shares @ Market CLO to Open,--,"05/19/2026, 4:00:00 PM",900001001
UNH,Filled,7 @ 391.41,Sell 7 Shares @ Market to Close,--,"05/19/2026, 3:24:52 PM",900001001
APP,Filled,4 @ 476.31,Buy 4 Shares @ Market to Open,--,"05/19/2026, 3:23:02 PM",900001001
ICHR,Filled,20 @ 64.13,Buy 20 Shares @ Market to Open,--,"05/19/2026, 3:22:33 PM",900001001
USAR,Filled,75 @ 20.27,Buy 75 Shares @ Market to Open,--,"05/19/2026, 3:21:14 PM",900001001
GOOG,Filled,10 @ 386.52,Buy 10 Shares @ Market to Open,--,"05/19/2026, 3:20:35 PM",900001001
MSFT,Filled,5 @ 418.62,Buy 5 Shares @ Market to Open,--,"05/19/2026, 3:20:08 PM",900001001
CLS,Filled,5 @ 338.90,Buy 5 Shares @ Market to Open,--,"05/19/2026, 3:19:42 PM",900001001
STRL,Filled,5 @ 738.57,Buy 5 Shares @ Market to Open,--,"05/19/2026, 3:15:14 PM",900001001
TTMI,Filled,10 @ 160.80,Sell 10 Shares @ Market to Close,--,"05/19/2026, 3:11:30 PM",900001001
ET,Filled,200 @ 20.45,Sell 200 Shares @ Market to Close,--,"05/19/2026, 3:10:52 PM",900001001
MRK,Filled,15 @ 114.22,Sell 15 Shares @ Market to Close,--,"05/19/2026, 3:10:22 PM",900001001
MRK,Filled,50 @ 114.23,Sell 50 Shares @ Market to Close,--,"05/19/2026, 3:10:07 PM",900001001
PARR,Filled,50 @ 61.73,Sell 50 Shares @ Market to Close,--,"05/19/2026, 3:08:03 PM",900001001
MXL,Filled,10 @ 94.03,Sell 10 Shares @ Market to Close,--,"05/19/2026, 3:07:39 PM",900001001
PSTL,Filled,120 @ 23.24,Sell 120 Shares @ Market to Close,--,"05/19/2026, 3:06:46 PM",900001001
CRDO,Filled,10 @ 172.17,Buy 10 Shares @ Market CLO to Open,--,"05/15/2026, 4:00:04 PM",900001001
CRWV,Filled,20 @ 107.30,Buy 20 Shares @ Market CLO to Open,--,"05/15/2026, 4:00:04 PM",900001001
DRAM,Filled,15 @ 50.79,Buy 15 Shares @ Market to Open,--,"05/15/2026, 11:00:44 AM",900001001
NVDA,Filled,75 @ 226.60,Buy 75 Shares @ Market to Open,--,"05/15/2026, 10:57:54 AM",900001001
SNDK,Filled,2 @ 1395.98,Sell 2 Shares @ Market to Close,--,"05/15/2026, 10:57:14 AM",900001001
BRK.B,Filled,5 @ 485.10,Sell 5 Shares @ Market to Close,--,"05/15/2026, 10:55:59 AM",900001001
UBER,Filled,30 @ 74.85,Sell 30 Shares @ Market to Close,--,"05/15/2026, 10:55:27 AM",900001001
APP,Filled,5 @ 496.20,Sell 5 Shares @ Market to Close,--,"05/15/2026, 10:55:03 AM",900001001
APP,Filled,10 @ 495.95,Sell 10 Shares @ Market to Close,--,"05/15/2026, 10:54:42 AM",900001001
APP,Filled,5 @ 495.22,Sell 5 Shares @ Market to Close,--,"05/15/2026, 10:54:22 AM",900001001
APP,Filled,7 @ 493.69,Sell 7 Shares @ Market to Close,--,"05/15/2026, 10:54:00 AM",900001001
CRDO,Filled,6 @ 173.99,Buy 6 Shares @ 17.399 Limit GTC to Open,--,"05/15/2026, 10:50:13 AM",900001001
BE,Filled,7 @ 283.23,Buy 7 Shares @ Market to Open,--,"05/15/2026, 10:43:14 AM",900001001
COPX,Filled,40 @ 84.30,Buy 40 Shares @ Market to Open,--,"05/15/2026, 10:42:18 AM",900001001
BLOX,Filled,125 @ 16.97,Buy 125 Shares @ Market to Open,--,"05/15/2026, 10:41:52 AM",900001001
SIVR,Filled,15 @ 72.97,Buy 15 Shares @ Market to Open,--,"05/15/2026, 10:41:21 AM",900001001
MKOR,Filled,75 @ 60.08,Buy 75 Shares @ Market to Open,--,"05/15/2026, 10:40:52 AM",900001001
AMD,Filled,5 @ 434.30,Buy 5 Shares @ Market to Open,--,"05/15/2026, 10:40:18 AM",900001001
EMEQ,Filled,100 @ 62.34,Buy 100 Shares @ Market to Open,--,"05/15/2026, 10:39:59 AM",900001001
EWY,Filled,25 @ 179.88,Buy 25 Shares @ 18.007 Limit to Open,--,"05/15/2026, 10:39:16 AM",900001001
BRK.B,Filled,5 @ 486.63,Sell 5 Shares @ Market to Close,--,"05/15/2026, 10:37:29 AM",900001001
LRN,Filled,25 @ 89.25,Sell 25 Shares @ Market to Close,--,"05/15/2026, 10:37:13 AM",900001001
ALL,Filled,10 @ 219.16,Sell 10 Shares @ Market to Close,--,"05/15/2026, 10:36:53 AM",900001001
BE,Filled,15 @ 285.26,Buy 15 Shares @ Market to Open,--,"05/15/2026, 10:36:38 AM",900001001
NEXA,Filled,300 @ 14.79,Buy 300 Shares @ Market to Open,--,"05/15/2026, 10:36:14 AM",900001001
PSIX,Filled,50 @ 38.79,Buy 50 Shares @ Market to Open,--,"05/15/2026, 10:35:48 AM",900001001
APP,Filled,3 @ 492.02,Sell 3 Shares @ Market to Close,--,"05/15/2026, 10:35:23 AM",900001001
APP,Filled,5 @ 492.66,Sell 5 Shares @ Market to Close,--,"05/15/2026, 10:35:00 AM",900001001
APP,Filled,7 @ 492.66,Sell 7 Shares @ Market to Close,--,"05/15/2026, 10:34:36 AM",900001001
APP,Filled,10 @ 492.89,Sell 10 Shares @ 49.237 Limit to Close,--,"05/15/2026, 10:34:13 AM",900001001
USAR,Filled,200 @ 24.84,Sell 200 Shares @ Market to Close,--,"05/15/2026, 10:33:51 AM",900001001
BRK.B,Filled,7 @ 486.46,Sell 7 Shares @ Market to Close,--,"05/15/2026, 10:33:18 AM",900001001
GDMN,Filled,117 @ 94.28,Buy 117 Shares @ Market to Open,--,"05/15/2026, 10:32:53 AM",900001001
TIGO,Filled,50 @ 82.07,Sell 50 Shares @ Market to Close,--,"05/15/2026, 10:32:21 AM",900001001
THG,Filled,25 @ 195.50,Sell 25 Shares @ Market to Close,--,"05/15/2026, 10:31:33 AM",900001001
MSFT,Filled,25 @ 418.82,Sell 25 Shares @ Market to Close,--,"05/15/2026, 10:30:16 AM",900001001
MSFT,Canceled,--,Sell 25 Shares @ 43.21 Limit GTC to Close,--,"05/15/2026, 10:30:16 AM",900001001
NVDA,Filled,15 @ 226.78,Buy 15 Shares @ 22.678 Limit GTC to Open,--,"05/15/2026, 9:33:48 AM",900001001
APP,Filled,5 @ 487.65,Sell 5 Shares @ 48.765 Limit GTC to Close,--,"05/15/2026, 9:31:55 AM",900001001
UNH,Filled,7 @ 394.77,Buy 7 Shares @ 39.654 Limit GTC to Open,--,"05/15/2026, 9:30:34 AM",900001001
CSTM,Filled,100 @ 32.27,Buy 100 Shares @ 3.229 Limit GTC to Open,--,"05/15/2026, 9:30:16 AM",900001001
SNDK,Filled,2 @ 1321.29,Buy 2 Shares @ 134.5 Limit GTC to Open,--,"05/15/2026, 9:30:11 AM",900001001
MXL,Filled,20 @ 82.86,Buy 20 Shares @ Market to Open,--,"05/15/2026, 9:30:11 AM",900001001
MLPI,Filled,50 @ 57.91,Buy 50 Shares @ Market to Open,--,"05/15/2026, 9:30:05 AM",900001001
CSTM,Filled,125 @ 33.50,Buy 125 Shares @ Market CLO to Open,--,"05/14/2026, 4:00:04 PM",900001001
REMX,Filled,25 @ 99.85,Buy 25 Shares @ Market CLO to Open,--,"05/14/2026, 4:00:01 PM",900001001
CRDO,Filled,20 @ 183.80,Buy 20 Shares @ Market to Open,--,"05/14/2026, 1:29:25 PM",900001001
TIGO,Filled,30 @ 81.11,Buy 30 Shares @ Market to Open,--,"05/14/2026, 1:29:01 PM",900001001
SYF,Filled,30 @ 71.02,Buy 30 Shares @ Market to Open,--,"05/14/2026, 1:26:08 PM",900001001
VRT,Filled,10 @ 371.13,Buy 10 Shares @ Market to Open,--,"05/14/2026, 1:24:58 PM",900001001
SIVR,Filled,25 @ 80.55,Buy 25 Shares @ Market to Open,--,"05/14/2026, 1:24:22 PM",900001001
USAR,Filled,100 @ 24.58,Buy 100 Shares @ Market to Open,--,"05/14/2026, 1:23:10 PM",900001001
CRDO,Filled,10 @ 184.07,Buy 10 Shares @ Market to Open,--,"05/14/2026, 1:22:38 PM",900001001
EMEQ,Filled,35 @ 65.21,Buy 35 Shares @ Market to Open,--,"05/14/2026, 1:20:31 PM",900001001
STRL,Filled,5 @ 875.61,Sell 5 Shares @ Market to Close,--,"05/14/2026, 1:18:38 PM",900001001
AVGO,Filled,10 @ 431.29,Sell 10 Shares @ Market to Close,--,"05/14/2026, 1:17:19 PM",900001001
TSM,Filled,5 @ 416.04,Sell 5 Shares @ Market to Close,--,"05/14/2026, 1:16:44 PM",900001001
QQQ,Filled,10 @ 718.76,Sell 10 Shares @ Market to Close,--,"05/14/2026, 1:16:02 PM",900001001
MU,Filled,5 @ 787.65,Buy 5 Shares @ 78.765 Limit to Open,--,"05/14/2026, 1:15:32 PM",900001001
CGDV,Filled,50 @ 48.34,Sell 50 Shares @ Market to Close,--,"05/14/2026, 1:14:37 PM",900001001
BLOX,Filled,200 @ 18.10,Sell 200 Shares @ Market to Close,--,"05/14/2026, 1:12:11 PM",900001001
BLOX,Filled,75 @ 18.09,Sell 75 Shares @ Market to Close,--,"05/14/2026, 1:11:44 PM",900001001
ET,Filled,200 @ 20.32,Sell 200 Shares @ Market to Close,--,"05/14/2026, 1:10:25 PM",900001001
STRL,Filled,3 @ 878.12,Sell 3 Shares @ Market to Close,--,"05/14/2026, 1:09:32 PM",900001001
TSM,Filled,10 @ 417.29,Sell 10 Shares @ Market to Close,--,"05/14/2026, 1:09:04 PM",900001001
PSIX,Filled,100 @ 41.99,Buy 100 Shares @ 4.199 Limit GTC to Open,--,"05/14/2026, 1:08:57 PM",900001001
TSM,Filled,7 @ 417.26,Sell 7 Shares @ Market to Close,--,"05/14/2026, 1:08:33 PM",900001001
APP,Filled,3 @ 477.11,Sell 3 Shares @ Market to Close,--,"05/14/2026, 1:07:29 PM",900001001
APP,Filled,7 @ 477.00,Sell 7 Shares @ Market to Close,--,"05/14/2026, 1:07:08 PM",900001001
APP,Filled,5 @ 477.13,Sell 5 Shares @ Market to Close,--,"05/14/2026, 1:06:44 PM",900001001
LITE,Filled,3 @ 1000.00,Buy 3 Shares @ Market to Open,--,"05/14/2026, 10:41:59 AM",900001001
PPLT,Filled,10 @ 187.59,Buy 10 Shares @ Market to Open,--,"05/14/2026, 10:40:50 AM",900001001
UNH,Filled,5 @ 397.46,Buy 5 Shares @ Market to Open,--,"05/14/2026, 10:40:28 AM",900001001
GOOG,Filled,5 @ 394.05,Buy 5 Shares @ Market to Open,--,"05/14/2026, 10:39:13 AM",900001001
EZPW,Filled,50 @ 32.55,Buy 50 Shares @ Market to Open,--,"05/14/2026, 10:38:51 AM",900001001
PSIX,Filled,50 @ 44.13,Buy 50 Shares @ Market to Open,--,"05/14/2026, 10:38:10 AM",900001001
NEXA,Filled,300 @ 15.13,Sell 300 Shares @ Market to Close,--,"05/14/2026, 10:37:36 AM",900001001
AGX,Filled,5 @ 737.62,Sell 5 Shares @ Market to Close,--,"05/14/2026, 10:37:07 AM",900001001
STRL,Filled,2 @ 875.96,Sell 2 Shares @ Market to Close,--,"05/14/2026, 10:36:35 AM",900001001
SMCI,Filled,30 @ 33.16,Sell 30 Shares @ Market to Close,--,"05/14/2026, 10:36:01 AM",900001001
AVGO,Filled,5 @ 434.80,Sell 5 Shares @ Market to Close,--,"05/14/2026, 10:35:36 AM",900001001
IREN,Filled,25 @ 58.93,Sell 25 Shares @ Market to Close,--,"05/14/2026, 10:34:59 AM",900001001
SNDK,Filled,2 @ 1403.50,Buy 2 Shares @ Market to Open,--,"05/14/2026, 10:33:41 AM",900001001
SLV,Filled,40 @ 76.64,Buy 40 Shares @ Market to Open,--,"05/14/2026, 10:33:15 AM",900001001
CRDO,Filled,10 @ 181.53,Buy 10 Shares @ Market to Open,--,"05/14/2026, 10:32:52 AM",900001001
CSTM,Filled,100 @ 33.17,Buy 100 Shares @ Market to Open,--,"05/14/2026, 10:32:29 AM",900001001
USAR,Filled,100 @ 23.95,Buy 100 Shares @ Market to Open,--,"05/14/2026, 10:32:07 AM",900001001
REMX,Filled,20 @ 100.44,Buy 20 Shares @ Market to Open,--,"05/14/2026, 10:30:35 AM",900001001
SKYW,Filled,180 @ 84.93,Sell 180 Shares @ Market to Close,--,"05/14/2026, 10:28:58 AM",900001001
CRDO,Filled,15 @ 186.52,Buy 15 Shares @ Market to Open,--,"05/14/2026, 9:30:24 AM",900001001
AUGO,Filled,25 @ 79.26,Buy 25 Shares @ Market to Open,--,"05/14/2026, 9:30:24 AM",900001001
BE,Canceled,--,Buy 15 Shares @ 23.699 Limit GTC to Open,--,"05/14/2026, 8:05:31 AM",900001001
MSFT,Filled,5 @ 404.71,Buy 5 Shares @ Market to Open,--,"05/13/2026, 1:18:39 PM",900001001
CRDO,Filled,15 @ 190.50,Buy 15 Shares @ Market to Open,--,"05/13/2026, 1:18:25 PM",900001001
NUKZ,Filled,20 @ 72.00,Buy 20 Shares @ Market to Open,--,"05/13/2026, 1:17:58 PM",900001001
MFC,Filled,30 @ 39.84,Buy 30 Shares @ Market to Open,--,"05/13/2026, 1:14:57 PM",900001001
GOOG,Filled,4 @ 397.82,Sell 4 Shares @ Market to Close,--,"05/13/2026, 1:13:28 PM",900001001
APP,Filled,3 @ 464.25,Buy 3 Shares @ Market to Open,--,"05/13/2026, 1:13:08 PM",900001001
AMZN,Filled,15 @ 270.08,Sell 15 Shares @ Market to Close,--,"05/13/2026, 1:12:40 PM",900001001
NEXA,Filled,300 @ 14.68,Sell 300 Shares @ Market to Close,--,"05/13/2026, 1:11:44 PM",900001001
EIS,Filled,15 @ 133.11,Buy 15 Shares @ Market to Open,--,"05/13/2026, 11:53:23 AM",900001001
SSRM,Filled,75 @ 35.13,Buy 75 Shares @ Market to Open,--,"05/13/2026, 11:53:00 AM",900001001
UNFI,Filled,50 @ 51.37,Buy 50 Shares @ Market to Open,--,"05/13/2026, 11:52:30 AM",900001001
NWG,Filled,70 @ 15.25,Sell 70 Shares @ Market to Close,--,"05/13/2026, 11:51:52 AM",900001001
THG,Filled,15 @ 188.02,Buy 15 Shares @ Market to Open,--,"05/13/2026, 11:49:51 AM",900001001
ET,Filled,100 @ 19.85,Buy 100 Shares @ Market to Open,--,"05/13/2026, 11:49:28 AM",900001001
BLOX,Filled,125 @ 17.48,Buy 125 Shares @ Market to Open,--,"05/13/2026, 11:48:52 AM",900001001
STRL,Filled,5 @ 843.52,Buy 5 Shares @ Market to Open,--,"05/13/2026, 11:48:25 AM",900001001
MTZ,Filled,5 @ 418.67,Buy 5 Shares @ Market to Open,--,"05/13/2026, 11:46:49 AM",900001001
AMD,Filled,5 @ 446.39,Buy 5 Shares @ Market to Open,--,"05/13/2026, 11:46:16 AM",900001001
COHR,Filled,5 @ 399.47,Sell 5 Shares @ Market to Close,--,"05/13/2026, 11:45:46 AM",900001001
SOXX,Filled,5 @ 526.37,Buy 5 Shares @ Market to Open,--,"05/13/2026, 11:44:43 AM",900001001
EAT,Filled,15 @ 130.25,Buy 15 Shares @ Market to Open,--,"05/13/2026, 11:43:51 AM",900001001
SNDK,Filled,1 @ 1432.46,Buy 1 Share @ Market to Open,--,"05/13/2026, 11:43:00 AM",900001001
GOOG,Filled,7 @ 393.89,Sell 7 Shares @ Market to Close,--,"05/13/2026, 11:41:55 AM",900001001
TSLA,Filled,10 @ 453.05,Sell 10 Shares @ Market to Close,--,"05/13/2026, 11:41:32 AM",900001001
JLL,Filled,5 @ 309.92,Buy 5 Shares @ Market to Open,--,"05/13/2026, 11:39:50 AM",900001001
CRDO,Filled,15 @ 187.00,Buy 15 Shares @ Market to Open,--,"05/13/2026, 11:39:16 AM",900001001
BE,Filled,7 @ 293.70,Buy 7 Shares @ Market to Open,--,"05/13/2026, 11:38:56 AM",900001001
NEXA,Filled,400 @ 14.57,Sell 400 Shares @ Market to Close,--,"05/13/2026, 11:37:26 AM",900001001
CLS,Filled,10 @ 368.03,Buy 10 Shares @ Market to Open,--,"05/13/2026, 11:36:56 AM",900001001
EZPW,Filled,75 @ 33.02,Buy 75 Shares @ Market to Open,--,"05/13/2026, 11:36:19 AM",900001001
SMCI,Filled,50 @ 32.12,Buy 50 Shares @ Market to Open,--,"05/13/2026, 11:35:54 AM",900001001
IREN,Filled,50 @ 54.34,Buy 50 Shares @ Market to Open,--,"05/13/2026, 11:35:29 AM",900001001
PARR,Filled,50 @ 59.51,Buy 50 Shares @ Market to Open,--,"05/13/2026, 11:34:56 AM",900001001
CEG,Filled,15 @ 275.46,Buy 15 Shares @ Market to Open,--,"05/13/2026, 11:34:33 AM",900001001
APP,Filled,7 @ 455.86,Buy 7 Shares @ Market to Open,--,"05/13/2026, 11:33:53 AM",900001001
ARQT,Canceled,--,Sell 150 Shares @ 2.399 Limit GTC to Close,--,"05/13/2026, 9:55:42 AM",900001001
ARQT,Filled,150 @ 21.12,Sell 150 Shares @ Market to Close,--,"05/13/2026, 9:55:40 AM",900001001
FN,Filled,5 @ 650.95,Sell 5 Shares @ Market to Close,--,"05/13/2026, 9:54:17 AM",900001001
EWY,Filled,20 @ 185.95,Sell 20 Shares @ Market to Close,--,"05/13/2026, 9:53:51 AM",900001001
EMEQ,Filled,60 @ 64.42,Sell 60 Shares @ Market to Close,--,"05/13/2026, 9:53:22 AM",900001001
LITE,Filled,4 @ 1012.12,Sell 4 Shares @ Market to Close,--,"05/13/2026, 9:52:16 AM",900001001
DY,Filled,5 @ 433.33,Sell 5 Shares @ Market to Close,--,"05/13/2026, 9:51:56 AM",900001001
CSTM,Filled,250 @ 33.63,Sell 250 Shares @ Market to Close,--,"05/13/2026, 9:51:36 AM",900001001
TTMI,Filled,10 @ 165.57,Sell 10 Shares @ Market to Close,--,"05/13/2026, 9:50:08 AM",900001001
COHR,Filled,7 @ 380.63,Sell 7 Shares @ Market to Close,--,"05/13/2026, 9:49:28 AM",900001001
DRAM,Filled,25 @ 53.01,Sell 25 Shares @ Market to Close,--,"05/13/2026, 9:49:01 AM",900001001
MU,Filled,5 @ 785.47,Sell 5 Shares @ Market to Close,--,"05/13/2026, 9:48:41 AM",900001001
PSTL,Canceled,--,Buy 150 Shares @ 2.273 Limit GTC to Open,--,"05/13/2026, 9:45:11 AM",900001001
BAC,Filled,50 @ 50.36,Buy 50 Shares @ Market to Open,--,"05/13/2026, 9:30:33 AM",900001001
DRAM,Filled,20 @ 54.67,Buy 20 Shares @ Market to Open,--,"05/13/2026, 9:30:16 AM",900001001
EWY,Filled,20 @ 187.51,Buy 20 Shares @ Market to Open,--,"05/13/2026, 9:30:10 AM",900001001
CRWV,Filled,20 @ 112.91,Buy 20 Shares @ Market to Open,--,"05/13/2026, 9:30:09 AM",900001001
CCL,Canceled,--,Buy 150 Shares @ 2.456 Limit GTC to Open,--,"05/13/2026, 8:42:07 AM",900001001
DRAM,Canceled,--,Buy 40 Shares @ Market to Open,--,"05/13/2026, 8:41:32 AM",900001001
BLBD,Canceled,--,Sell 36 Shares @ 7.89 Limit GTC to Close,--,"05/13/2026, 8:33:49 AM",900001001
BRK.B,Filled,5 @ 484.96,Sell 5 Shares @ Market CLO to Close,--,"05/12/2026, 4:01:46 PM",900001001
BE,Filled,11 @ 280.69,Buy 11 Shares @ Market CLO to Open,--,"05/12/2026, 4:00:06 PM",900001003
MU,Filled,3 @ 766.58,Buy 3 Shares @ Market CLO to Open,--,"05/12/2026, 4:00:04 PM",900001001
ET,Canceled,--,Sell 100 Shares @ Market CLO to Close,--,"05/12/2026, 1:42:42 PM",900001001
BE,Filled,7 @ 276.07,Buy 7 Shares @ Market to Open,--,"05/12/2026, 1:41:54 PM",900001001
PSIX,Filled,25 @ 37.61,Sell 25 Shares @ Market to Close,--,"05/12/2026, 1:41:15 PM",900001001
THG,Filled,7 @ 190.82,Sell 7 Shares @ Market to Close,--,"05/12/2026, 1:40:26 PM",900001001
THG,Canceled,--,Sell 7 Shares @ Market CLO to Close,--,"05/12/2026, 1:39:21 PM",900001001
AMD,Filled,10 @ 436.30,Buy 10 Shares @ Market to Open,--,"05/12/2026, 1:38:31 PM",900001001
AMD,Canceled,--,Buy 10 Shares @ Market CLO to Open,--,"05/12/2026, 1:38:08 PM",900001001
AMZN,Filled,10 @ 263.76,Buy 10 Shares @ Market to Open,--,"05/12/2026, 1:37:31 PM",900001001
AMZN,Canceled,--,Buy 10 Shares @ Market CLO to Open,--,"05/12/2026, 1:37:03 PM",900001001
EZPW,Filled,75 @ 33.98,Buy 75 Shares @ Market to Open,--,"05/12/2026, 1:36:43 PM",900001001
EZPW,Canceled,--,Buy 75 Shares @ Market CLO to Open,--,"05/12/2026, 1:36:10 PM",900001001
COHR,Filled,15 @ 363.50,Buy 15 Shares @ Market to Open,--,"05/12/2026, 1:35:47 PM",900001001
COHR,Canceled,--,Buy 10 Shares @ Market CLO to Open,--,"05/12/2026, 1:35:23 PM",900001001
GOOG,Canceled,--,Buy 7 Shares @ Market CLO to Open,--,"05/12/2026, 1:34:45 PM",900001001
DRAM,Filled,25 @ 49.94,Buy 25 Shares @ Market to Open,--,"05/12/2026, 1:34:03 PM",900001001
DRAM,Canceled,--,Buy 25 Shares @ Market CLO to Open,--,"05/12/2026, 1:33:40 PM",900001001
CRDO,Filled,5 @ 189.64,Buy 5 Shares @ Market to Open,--,"05/12/2026, 1:32:55 PM",900001001
CRDO,Canceled,--,Buy 6 Shares @ Market CLO to Open,--,"05/12/2026, 1:32:03 PM",900001001
PSIX,Filled,75 @ 36.72,Sell 75 Shares @ Market to Close,--,"05/12/2026, 12:47:04 PM",900001003
VTI,Filled,5 @ 360.19,Buy 5 Shares @ Market to Open,--,"05/12/2026, 12:38:04 PM",900001001
VRT,Filled,10 @ 355.26,Buy 10 Shares @ Market to Open,--,"05/12/2026, 12:36:23 PM",900001001
TTMI,Filled,10 @ 150.86,Buy 10 Shares @ Market to Open,--,"05/12/2026, 12:33:08 PM",900001001
STRL,Filled,10 @ 819.18,Buy 10 Shares @ Market to Open,--,"05/12/2026, 12:31:38 PM",900001001
EWY,Filled,25 @ 181.01,Buy 25 Shares @ 18.101 Limit GTC to Open,--,"05/12/2026, 9:59:23 AM",900001001
DY,Filled,5 @ 417.78,Buy 5 Shares @ Market to Open,--,"05/12/2026, 9:40:35 AM",900001001
EMEQ,Filled,40 @ 63.77,Buy 40 Shares @ Market to Open,--,"05/12/2026, 9:40:06 AM",900001001
EWY,Filled,20 @ 183.69,Buy 20 Shares @ Market to Open,--,"05/12/2026, 9:39:46 AM",900001001
UAE,Filled,75 @ 19.11,Buy 75 Shares @ Market to Open,--,"05/12/2026, 9:30:36 AM",900001001
IREN,Filled,25 @ 55.44,Buy 25 Shares @ Market to Open,--,"05/12/2026, 9:30:35 AM",900001001
JLL,Filled,10 @ 322.50,Buy 10 Shares @ Market to Open,--,"05/12/2026, 9:30:29 AM",900001001
MU,Filled,3 @ 775.00,Buy 3 Shares @ Market to Open,--,"05/12/2026, 9:30:29 AM",900001001
GOOG,Filled,5 @ 385.14,Buy 5 Shares @ Market to Open,--,"05/12/2026, 9:30:23 AM",900001001
DRH,Filled,125 @ 10.62,Buy 125 Shares @ Market to Open,--,"05/12/2026, 9:30:23 AM",900001001
STRL,Filled,5 @ 846.43,Sell 5 Shares @ Market to Close,--,"05/12/2026, 9:30:19 AM",900001001
IREN,Filled,75 @ 55.44,Buy 75 Shares @ Market to Open,--,"05/12/2026, 9:30:19 AM",900001001
CRDO,Filled,10 @ 204.29,Buy 10 Shares @ Market to Open,--,"05/12/2026, 9:30:18 AM",900001001
ICHR,Filled,20 @ 73.58,Buy 20 Shares @ Market to Open,--,"05/12/2026, 9:30:18 AM",900001001
SYF,Filled,15 @ 70.19,Buy 15 Shares @ Market to Open,--,"05/12/2026, 9:30:18 AM",900001001
SMCI,Filled,65 @ 33.16,Buy 65 Shares @ Market to Open,--,"05/12/2026, 9:30:18 AM",900001001
MYRG,Filled,5 @ 454.79,Sell 5 Shares @ Market to Close,--,"05/12/2026, 9:30:06 AM",900001001
SLV,Filled,75 @ 76.50,Buy 75 Shares @ Market to Open,--,"05/12/2026, 9:30:05 AM",900001001
DRAM,Filled,200 @ 52.05,Buy 200 Shares @ Market to Open,--,"05/12/2026, 9:30:05 AM",900001001
PSTL,Filled,50 @ 23.35,Buy 50 Shares @ Market CLO to Open,--,"05/11/2026, 4:00:08 PM",900001001
GM,Filled,30 @ 75.29,Buy 30 Shares @ Market CLO to Open,--,"05/11/2026, 4:00:07 PM",900001001
DRH,Filled,300 @ 10.60,Buy 300 Shares @ Market CLO to Open,--,"05/11/2026, 4:00:05 PM",900001001
BLOX,Filled,150 @ 17.85,Sell 150 Shares @ Market CLO to Close,--,"05/11/2026, 4:00:02 PM",900001001
GOOG,Filled,10 @ 389.36,Buy 10 Shares @ Market to Open,--,"05/11/2026, 1:23:48 PM",900001001
TTMI,Filled,30 @ 164.56,Sell 30 Shares @ 16.456 Limit GTC to Close,--,"05/11/2026, 12:59:29 PM",900001001
ORLA,Filled,150 @ 14.84,Buy 150 Shares @ Market to Open,--,"05/11/2026, 12:58:10 PM",900001001
BLBD,Filled,50 @ 69.84,Buy 50 Shares @ Market to Open,--,"05/11/2026, 12:55:21 PM",900001001
VRT,Filled,5 @ 367.86,Sell 5 Shares @ Market to Close,--,"05/11/2026, 12:53:41 PM",900001001
PPLT,Filled,15 @ 191.34,Sell 15 Shares @ Market to Close,--,"05/11/2026, 12:53:15 PM",900001001
TTMI,Filled,25 @ 163.69,Sell 25 Shares @ Market to Close,--,"05/11/2026, 12:52:53 PM",900001001
CRDO,Filled,20 @ 205.87,Sell 20 Shares @ Market to Close,--,"05/11/2026, 12:51:35 PM",900001001
BE,Filled,20 @ 293.45,Sell 20 Shares @ Market to Close,--,"05/11/2026, 12:49:37 PM",900001001
QQQ,Filled,5 @ 713.16,Sell 5 Shares @ Market to Close,--,"05/11/2026, 12:48:42 PM",900001001
SMCI,Filled,100 @ 34.98,Buy 100 Shares @ Market to Open,--,"05/11/2026, 12:47:33 PM",900001001
IREN,Filled,100 @ 59.37,Buy 100 Shares @ Market to Open,--,"05/11/2026, 12:46:39 PM",900001001
NEXA,Filled,400 @ 13.40,Buy 400 Shares @ Market to Open,--,"05/11/2026, 12:45:34 PM",900001001
CRDO,Filled,10 @ 205.71,Sell 10 Shares @ Market to Close,--,"05/11/2026, 12:44:31 PM",900001001
COHR,Filled,7 @ 376.40,Sell 7 Shares @ Market to Close,--,"05/11/2026, 12:44:02 PM",900001001
BE,Filled,15 @ 290.86,Sell 15 Shares @ Market to Close,--,"05/11/2026, 12:43:25 PM",900001001
BRK.B,Filled,10 @ 478.49,Sell 10 Shares @ Market to Close,--,"05/11/2026, 12:42:27 PM",900001001
CRDO,Filled,25 @ 207.03,Sell 25 Shares @ Market to Close,--,"05/11/2026, 12:41:13 PM",900001001
LITE,Filled,5 @ 1052.28,Sell 5 Shares @ Market to Close,--,"05/11/2026, 12:40:43 PM",900001001
LITE,Filled,7 @ 1052.60,Sell 7 Shares @ Market to Close,--,"05/11/2026, 12:39:28 PM",900001001
COPJ,Filled,50 @ 44.72,Sell 50 Shares @ Market to Close,--,"05/11/2026, 10:33:11 AM",900001001
SNDK,Filled,3 @ 1526.36,Buy 3 Shares @ Market to Open,--,"05/11/2026, 10:32:03 AM",900001001
FN,Filled,5 @ 644.01,Sell 5 Shares @ Market to Close,--,"05/11/2026, 10:31:18 AM",900001001
TTMI,Filled,20 @ 157.90,Sell 20 Shares @ Market to Close,--,"05/11/2026, 10:30:09 AM",900001001
TSLA,Filled,5 @ 418.06,Buy 5 Shares @ Market to Open,--,"05/11/2026, 10:29:11 AM",900001001
APP,Filled,7 @ 452.04,Buy 7 Shares @ Market to Open,--,"05/11/2026, 10:14:48 AM",900001001
SOXX,Filled,5 @ 528.20,Buy 5 Shares @ Market to Open,--,"05/11/2026, 10:13:14 AM",900001001
AVGO,Filled,3 @ 429.49,Buy 3 Shares @ Market to Open,--,"05/11/2026, 10:10:15 AM",900001001
CRDO,Filled,10 @ 197.28,Sell 10 Shares @ Market to Close,--,"05/11/2026, 10:09:42 AM",900001001
GOOG,Filled,3 @ 392.69,Buy 3 Shares @ Market to Open,--,"05/11/2026, 10:08:48 AM",900001001
MKOR,Filled,120 @ 64.79,Buy 120 Shares @ Market to Open,--,"05/11/2026, 10:08:01 AM",900001001
PARR,Filled,20 @ 64.68,Buy 20 Shares @ Market to Open,--,"05/11/2026, 10:03:53 AM",900001001
SYF,Filled,15 @ 72.28,Buy 15 Shares @ Market to Open,--,"05/11/2026, 10:02:59 AM",900001001
UNH,Filled,3 @ 376.74,Buy 3 Shares @ Market to Open,--,"05/11/2026, 10:02:22 AM",900001001
APP,Filled,3 @ 453.61,Buy 3 Shares @ Market to Open,--,"05/11/2026, 10:01:46 AM",900001001
TSM,Filled,5 @ 399.70,Buy 5 Shares @ Market to Open,--,"05/11/2026, 10:01:11 AM",900001001
GDE,Filled,50 @ 70.45,Sell 50 Shares @ Market to Close,--,"05/11/2026, 10:00:50 AM",900001001
QQQ,Filled,3 @ 710.43,Buy 3 Shares @ Market to Open,--,"05/11/2026, 9:59:57 AM",900001001
BE,Filled,10 @ 282.50,Sell 10 Shares @ Market to Close,--,"05/11/2026, 9:59:23 AM",900001001
VTI,Filled,5 @ 363.57,Sell 5 Shares @ Market to Close,--,"05/11/2026, 9:58:56 AM",900001001
EPOL,Filled,100 @ 39.65,Sell 100 Shares @ Market to Close,--,"05/11/2026, 9:57:26 AM",900001001
EPU,Filled,25 @ 84.72,Sell 25 Shares @ Market to Close,--,"05/11/2026, 9:56:46 AM",900001001
EIS,Filled,7 @ 135.82,Buy 7 Shares @ Market to Open,--,"05/11/2026, 9:55:21 AM",900001001
PLTR,Filled,15 @ 133.97,Buy 15 Shares @ Market to Open,--,"05/11/2026, 9:54:11 AM",900001001
AMZN,Filled,10 @ 272.89,Buy 10 Shares @ Market to Open,--,"05/11/2026, 9:49:55 AM",900001001
SNDK,Filled,2 @ 1542.47,Buy 2 Shares @ Market to Open,--,"05/11/2026, 9:49:06 AM",900001001
TSLA,Filled,5 @ 422.32,Buy 5 Shares @ Market to Open,--,"05/11/2026, 9:48:10 AM",900001001
ICHR,Filled,30 @ 74.20,Buy 30 Shares @ Market to Open,--,"05/11/2026, 9:47:46 AM",900001001
IREN,Filled,50 @ 56.62,Buy 50 Shares @ Market to Open,--,"05/11/2026, 9:47:22 AM",900001001
TSM,Filled,5 @ 400.90,Buy 5 Shares @ Market to Open,--,"05/11/2026, 9:45:50 AM",900001001
CEG,Filled,5 @ 294.21,Buy 5 Shares @ Market to Open,--,"05/11/2026, 9:45:29 AM",900001001
USAR,Filled,100 @ 25.45,Buy 100 Shares @ Market to Open,--,"05/11/2026, 9:45:00 AM",900001001
BTG,Filled,500 @ 5.54,Sell 500 Shares @ Market to Close,--,"05/11/2026, 9:43:59 AM",900001001
CRDO,Filled,20 @ 193.75,Sell 20 Shares @ Market to Close,--,"05/11/2026, 9:43:06 AM",900001001
REMX,Filled,20 @ 108.81,Sell 20 Shares @ Market to Close,--,"05/11/2026, 9:42:34 AM",900001001
MU,Filled,2 @ 782.50,Sell 2 Shares @ Market to Close,--,"05/11/2026, 9:41:35 AM",900001001
VRT,Filled,10 @ 349.26,Sell 10 Shares @ Market to Close,--,"05/11/2026, 9:40:16 AM",900001001
STRL,Filled,3 @ 867.30,Sell 3 Shares @ Market to Close,--,"05/11/2026, 9:39:34 AM",900001001
COHR,Filled,5 @ 352.33,Sell 5 Shares @ Market to Close,--,"05/11/2026, 9:39:08 AM",900001001
CDE,Filled,125 @ 19.58,Sell 125 Shares @ Market to Close,--,"05/11/2026, 9:38:21 AM",900001001
B,Filled,50 @ 46.18,Sell 50 Shares @ Market to Close,--,"05/11/2026, 9:37:52 AM",900001001
SSRM,Filled,75 @ 35.60,Sell 75 Shares @ Market to Close,--,"05/11/2026, 9:36:10 AM",900001001
NEXA,Filled,300 @ 14.61,Sell 300 Shares @ Market to Close,--,"05/11/2026, 9:35:30 AM",900001001
BE,Filled,20 @ 275.35,Sell 20 Shares @ Market to Close,--,"05/11/2026, 9:34:45 AM",900001001
LITE,Filled,5 @ 996.55,Sell 5 Shares @ Market to Close,--,"05/11/2026, 9:33:41 AM",900001001
BRK.B,Filled,5 @ 476.72,Sell 5 Shares @ 47.654 Limit GTC to Close,--,"05/11/2026, 9:31:08 AM",900001001
BRK.B,Filled,10 @ 476.72,Sell 10 Shares @ 47.654 Limit GTC to Close,--,"05/11/2026, 9:31:08 AM",900001001
APP,Filled,10 @ 456.07,Buy 10 Shares @ Market to Open,--,"05/11/2026, 9:31:02 AM",900001001
PARR,Filled,75 @ 65.10,Sell 75 Shares @ Market to Close,--,"05/11/2026, 9:30:54 AM",900001001
LRN,Filled,45 @ 87.21,Sell 45 Shares @ Market to Close,--,"05/11/2026, 9:30:45 AM",900001001
EWO,Filled,40 @ 39.99,Sell 40 Shares @ 3.999 Limit GTC to Close,--,"05/11/2026, 9:30:45 AM",900001001
APP,Filled,5 @ 456.07,Buy 5 Shares @ Market to Open,--,"05/11/2026, 9:30:31 AM",900001003
BRK.B,Filled,5 @ 476.48,Sell 5 Shares @ Market to Close,--,"05/11/2026, 9:30:28 AM",900001001
IREN,Filled,50 @ 55.00,Buy 50 Shares @ Market to Open,--,"05/11/2026, 9:30:28 AM",900001001
EMEQ,Filled,75 @ 65.89,Sell 75 Shares @ 6.567 Limit GTC to Close,--,"05/11/2026, 9:30:28 AM",900001001
TIGO,Filled,50 @ 81.01,Buy 50 Shares @ Market to Open,--,"05/11/2026, 9:30:19 AM",900001001
CLS,Filled,10 @ 374.71,Buy 10 Shares @ Market to Open,--,"05/11/2026, 9:30:18 AM",900001001
ICHR,Filled,50 @ 75.30,Buy 50 Shares @ Market to Open,--,"05/11/2026, 9:30:18 AM",900001001
TSM,Filled,7 @ 407.65,Buy 7 Shares @ Market to Open,--,"05/11/2026, 9:30:17 AM",900001001
VOOV,Filled,15 @ 216.86,Sell 15 Shares @ Market to Close,--,"05/11/2026, 9:30:08 AM",900001001
LRN,Canceled,--,Sell 45 Shares @ 9.789 Limit GTC to Close,--,"05/11/2026, 6:37:17 AM",900001001
LITE,Expired,--,Sell 5 Shares @ 92.999 Limit to Close,--,"05/08/2026, 4:06:29 PM",900001001
PARR,Filled,50 @ 64.37,Sell 50 Shares @ Market CLO to Close,--,"05/08/2026, 4:00:05 PM",900001001
CSTM,Filled,65 @ 33.88,Buy 65 Shares @ Market CLO to Open,--,"05/08/2026, 4:00:05 PM",900001001
CLS,Filled,10 @ 375.55,Buy 10 Shares @ Market CLO to Open,--,"05/08/2026, 4:00:04 PM",900001001
AVGO,Filled,5 @ 430.00,Sell 5 Shares @ Market CLO to Close,--,"05/08/2026, 4:00:03 PM",900001001
CRWV,Filled,40 @ 114.15,Buy 40 Shares @ Market CLO to Open,--,"05/08/2026, 4:00:03 PM",900001001
AMD,Filled,7 @ 455.19,Sell 7 Shares @ Market CLO to Close,--,"05/08/2026, 4:00:02 PM",900001001
GDMN,Filled,25 @ 103.91,Buy 25 Shares @ Market CLO to Open,--,"05/08/2026, 4:00:02 PM",900001001
REMX,Filled,20 @ 106.38,Buy 20 Shares @ Market CLO to Open,--,"05/08/2026, 4:00:01 PM",900001001
EWY,Filled,2 @ 190.20,Sell 2 Shares @ Market CLO to Close,--,"05/08/2026, 4:00:01 PM",900001001
MU,Filled,5 @ 746.81,Sell 5 Shares @ Market CLO to Close,--,"05/08/2026, 4:00:01 PM",900001001
SSRM,Filled,75 @ 34.20,Sell 75 Shares @ Market CLO to Close,--,"05/08/2026, 4:00:01 PM",900001001
CGDV,Filled,50 @ 47.25,Sell 50 Shares @ Market CLO to Close,--,"05/08/2026, 4:00:01 PM",900001001
EIS,Filled,15 @ 136.88,Sell 15 Shares @ Market CLO to Close,--,"05/08/2026, 4:00:01 PM",900001001
GOOG,Filled,7 @ 397.99,Sell 7 Shares @ 39.799 Limit to Close,--,"05/08/2026, 3:50:03 PM",900001001
IREN,Filled,15 @ 61.63,Buy 15 Shares @ Market to Open,--,"05/08/2026, 2:57:08 PM",900001001
CLS,Filled,10 @ 381.33,Buy 10 Shares @ Market to Open,--,"05/08/2026, 2:49:34 PM",900001001
ET,Filled,100 @ 19.55,Buy 100 Shares @ Market to Open,--,"05/08/2026, 2:48:59 PM",900001001
CRDO,Filled,15 @ 188.27,Buy 15 Shares @ Market to Open,--,"05/08/2026, 2:48:33 PM",900001001
LRCX,Filled,3 @ 294.74,Sell 3 Shares @ Market to Close,--,"05/08/2026, 2:46:19 PM",900001001
GM,Filled,25 @ 78.59,Buy 25 Shares @ Market to Open,--,"05/08/2026, 2:44:23 PM",900001001
MRK,Filled,15 @ 111.80,Buy 15 Shares @ Market to Open,--,"05/08/2026, 2:43:41 PM",900001001
CEG,Filled,7 @ 306.86,Buy 7 Shares @ 30.695 Limit to Open,--,"05/08/2026, 2:42:04 PM",900001001
SYF,Filled,30 @ 73.17,Buy 30 Shares @ Market to Open,--,"05/08/2026, 2:41:40 PM",900001001
TSM,Filled,10 @ 408.72,Buy 10 Shares @ Market to Open,--,"05/08/2026, 2:40:50 PM",900001001
UBER,Filled,30 @ 75.17,Buy 30 Shares @ Market to Open,--,"05/08/2026, 2:40:18 PM",900001001
EAT,Filled,15 @ 139.76,Buy 15 Shares @ Market to Open,--,"05/08/2026, 2:39:45 PM",900001001
APP,Filled,5 @ 470.41,Buy 5 Shares @ Market to Open,--,"05/08/2026, 2:39:15 PM",900001001
SNDK,Filled,3 @ 1513.76,Sell 3 Shares @ Market to Close,--,"05/08/2026, 2:38:49 PM",900001001
MU,Filled,5 @ 733.00,Sell 5 Shares @ Market to Close,--,"05/08/2026, 2:36:22 PM",900001001
PLTR,Filled,20 @ 136.83,Sell 20 Shares @ Market to Close,--,"05/08/2026, 2:34:54 PM",900001003
BTG,Filled,200 @ 5.22,Sell 200 Shares @ Market to Close,--,"05/08/2026, 1:04:45 PM",900001001
CVSA,Filled,20 @ 129.28,Sell 20 Shares @ Market to Close,--,"05/08/2026, 1:03:04 PM",900001001
MU,Filled,5 @ 734.03,Sell 5 Shares @ Market to Close,--,"05/08/2026, 1:02:29 PM",900001001
SNDK,Filled,5 @ 1496.11,Sell 5 Shares @ Market to Close,--,"05/08/2026, 1:02:08 PM",900001001
ANGX,Filled,500 @ 3.20,Sell 500 Shares @ Market to Close,--,"05/08/2026, 12:59:56 PM",900001001
BLBD,Filled,50 @ 72.48,Buy 50 Shares @ Market to Open,--,"05/08/2026, 12:29:38 PM",900001001
CX,Filled,475 @ 13.16,Sell 475 Shares @ Market to Close,--,"05/08/2026, 12:26:40 PM",900001001
BRK.B,Filled,10 @ 477.21,Sell 10 Shares @ Market to Close,--,"05/08/2026, 12:17:22 PM",900001001
NUKZ,Filled,50 @ 72.92,Buy 50 Shares @ Market to Open,--,"05/08/2026, 11:34:24 AM",900001001
PINE,Filled,225 @ 19.50,Buy 225 Shares @ Market to Open,--,"05/08/2026, 11:33:25 AM",900001001
VOO,Filled,10 @ 677.33,Sell 10 Shares @ Market to Close,--,"05/08/2026, 11:28:04 AM",900001001
APP,Filled,7 @ 464.60,Buy 7 Shares @ Market to Open,--,"05/08/2026, 11:26:49 AM",900001001
CX,Filled,175 @ 13.06,Buy 175 Shares @ Market to Open,--,"05/08/2026, 11:24:38 AM",900001001
LITE,Filled,7 @ 905.61,Sell 7 Shares @ Market to Close,--,"05/08/2026, 10:56:58 AM",900001001
PLTR,Filled,15 @ 136.09,Buy 15 Shares @ Market to Open,--,"05/08/2026, 10:56:34 AM",900001001
CRDO,Filled,25 @ 185.60,Buy 25 Shares @ Market to Open,--,"05/08/2026, 10:51:30 AM",900001001
TTMI,Filled,10 @ 153.79,Sell 10 Shares @ Market to Close,--,"05/08/2026, 10:51:07 AM",900001001
IWM,Filled,10 @ 283.25,Sell 10 Shares @ Market to Close,--,"05/08/2026, 10:50:34 AM",900001001
O,Filled,25 @ 62.46,Sell 25 Shares @ Market to Close,--,"05/08/2026, 10:47:32 AM",900001001
VTI,Filled,20 @ 362.79,Sell 20 Shares @ 36.279 Limit GTC to Close,--,"05/08/2026, 10:47:04 AM",900001001
TSM,Filled,5 @ 413.89,Buy 5 Shares @ Market to Open,--,"05/08/2026, 10:46:46 AM",900001001
GREK,Filled,15 @ 71.67,Sell 15 Shares @ Market to Close,--,"05/08/2026, 10:46:01 AM",900001001
TIMB,Filled,100 @ 24.18,Sell 100 Shares @ 2.418 Limit to Close,--,"05/08/2026, 10:45:19 AM",900001001
THG,Filled,20 @ 186.50,Buy 20 Shares @ Market to Open,--,"05/08/2026, 10:43:55 AM",900001001
EWY,Filled,15 @ 186.30,Sell 15 Shares @ Market to Close,--,"05/08/2026, 10:39:49 AM",900001001
COHR,Filled,5 @ 327.05,Sell 5 Shares @ Market to Close,--,"05/08/2026, 10:37:25 AM",900001001
NWG,Filled,150 @ 15.81,Sell 150 Shares @ Market to Close,--,"05/08/2026, 10:36:10 AM",900001001
COPX,Filled,50 @ 85.08,Sell 50 Shares @ Market to Close,--,"05/08/2026, 10:35:39 AM",900001001
ORLA,Filled,100 @ 14.72,Sell 100 Shares @ 1.472 Limit to Close,--,"05/08/2026, 10:35:21 AM",900001001
ANGX,Filled,400 @ 3.14,Buy 400 Shares @ 0.315 Limit to Open,--,"05/08/2026, 10:31:44 AM",900001001
GDE,Filled,20 @ 70.33,Sell 20 Shares @ Market to Close,--,"05/08/2026, 10:29:21 AM",900001001
BE,Filled,10 @ 253.67,Buy 10 Shares @ Market to Open,--,"05/08/2026, 10:26:51 AM",900001001
THG,Filled,25 @ 185.38,Buy 25 Shares @ Market to Open,--,"05/08/2026, 10:22:42 AM",900001001
WLDN,Filled,50 @ 84.31,Sell 50 Shares @ Market to Close,--,"05/08/2026, 10:19:04 AM",900001001
ICHR,Filled,35 @ 74.67,Buy 35 Shares @ Market to Open,--,"05/08/2026, 9:30:20 AM",900001001
NVDA,Filled,5 @ 213.24,Buy 5 Shares @ Market to Open,--,"05/08/2026, 9:30:19 AM",900001001
THG,Filled,7 @ 187.16,Buy 7 Shares @ Market to Open,--,"05/08/2026, 9:30:12 AM",900001001
ICHR,Filled,3 @ 74.67,Buy 3 Shares @ Market to Open,--,"05/08/2026, 9:30:12 AM",900001001
CRDO,Filled,4 @ 193.20,Buy 4 Shares @ Market to Open,--,"05/08/2026, 9:30:11 AM",900001003
USAR,Canceled,--,Buy 100 Shares @ 2.401 Limit GTC to Open,--,"05/08/2026, 8:47:12 AM",900001001
BLOX,Canceled,--,Buy 200 Shares @ 1.555 Limit GTC to Open,--,"05/08/2026, 8:46:52 AM",900001001
NEXA,Filled,300 @ 13.93,Buy 300 Shares @ Market CLO to Open,--,"05/07/2026, 4:00:05 PM",900001001
STRL,Filled,5 @ 811.41,Buy 5 Shares @ Market CLO to Open,--,"05/07/2026, 4:00:02 PM",900001001
USAR,Filled,75 @ 26.30,Buy 75 Shares @ Market to Open,--,"05/07/2026, 1:34:09 PM",900001001
CLS,Filled,8 @ 383.68,Buy 8 Shares @ Market to Open,--,"05/07/2026, 1:33:40 PM",900001001
PLTR,Filled,25 @ 136.69,Sell 25 Shares @ Market to Close,--,"05/07/2026, 1:31:17 PM",900001001
APP,Filled,5 @ 497.17,Sell 5 Shares @ Market to Close,--,"05/07/2026, 1:30:13 PM",900001001
APP,Filled,5 @ 496.80,Sell 5 Shares @ Market to Close,--,"05/07/2026, 1:29:36 PM",900001001
BLBD,Filled,20 @ 74.22,Sell 20 Shares @ Market to Close,--,"05/07/2026, 1:28:56 PM",900001001
BTG,Filled,250 @ 5.01,Sell 250 Shares @ Market to Close,--,"05/07/2026, 1:28:29 PM",900001001
BTG,Filled,300 @ 5.02,Sell 300 Shares @ Market to Close,--,"05/07/2026, 1:27:54 PM",900001001
NEXA,Filled,200 @ 14.80,Buy 200 Shares @ Market to Open,--,"05/07/2026, 10:27:21 AM",900001001
BE,Filled,7 @ 280.24,Buy 7 Shares @ Market to Open,--,"05/07/2026, 10:26:46 AM",900001001
USAR,Filled,80 @ 27.61,Buy 80 Shares @ Market to Open,--,"05/07/2026, 10:26:28 AM",900001001
PSTL,Filled,50 @ 22.99,Buy 50 Shares @ Market to Open,--,"05/07/2026, 10:25:47 AM",900001001
DY,Filled,10 @ 444.68,Buy 10 Shares @ Market to Open,--,"05/07/2026, 10:24:46 AM",900001001
COHR,Filled,5 @ 325.34,Buy 5 Shares @ Market to Open,--,"05/07/2026, 10:23:50 AM",900001001
GFI,Filled,100 @ 46.79,Sell 100 Shares @ Market to Close,--,"05/07/2026, 10:22:57 AM",900001001
INCY,Filled,25 @ 97.45,Buy 25 Shares @ Market to Open,--,"05/07/2026, 10:22:28 AM",900001001
VTI,Filled,30 @ 362.04,Sell 30 Shares @ Market to Close,--,"05/07/2026, 10:21:27 AM",900001001
IAUM,Filled,15 @ 47.37,Sell 15 Shares @ Market to Close,--,"05/07/2026, 10:20:38 AM",900001001
HHH,Filled,25 @ 64.33,Sell 25 Shares @ Market to Close,--,"05/07/2026, 10:20:11 AM",900001001
EZPW,Filled,50 @ 32.19,Buy 50 Shares @ Market to Open,--,"05/07/2026, 10:17:26 AM",900001001
CEG,Filled,5 @ 319.94,Buy 5 Shares @ Market to Open,--,"05/07/2026, 10:16:46 AM",900001001
WLDN,Filled,20 @ 74.59,Sell 20 Shares @ Market to Close,--,"05/07/2026, 10:15:12 AM",900001001
MFC,Filled,50 @ 39.63,Buy 50 Shares @ Market to Open,--,"05/07/2026, 10:13:34 AM",900001001
PPC,Filled,105 @ 30.64,Sell 105 Shares @ Market to Close,--,"05/07/2026, 10:13:01 AM",900001001
MYRG,Filled,5 @ 435.13,Buy 5 Shares @ Market to Open,--,"05/07/2026, 10:12:33 AM",900001001
CSTM,Filled,65 @ 32.92,Buy 65 Shares @ Market to Open,--,"05/07/2026, 10:11:47 AM",900001001
TIGO,Filled,10 @ 82.75,Buy 10 Shares @ Market to Open,--,"05/07/2026, 9:45:43 AM",900001001
BLOX,Filled,100 @ 17.48,Buy 100 Shares @ Market to Open,--,"05/07/2026, 9:44:57 AM",900001001
MU,Filled,5 @ 646.71,Buy 5 Shares @ Market to Open,--,"05/07/2026, 9:44:23 AM",900001001
CLS,Filled,10 @ 393.17,Buy 10 Shares @ Market to Open,--,"05/07/2026, 9:43:55 AM",900001001
UNFI,Filled,75 @ 50.55,Buy 75 Shares @ Market to Open,--,"05/07/2026, 9:43:19 AM",900001001
MYRG,Filled,7 @ 445.00,Buy 7 Shares @ Market to Open,--,"05/07/2026, 9:41:17 AM",900001001
AGX,Filled,3 @ 714.33,Buy 3 Shares @ Market to Open,--,"05/07/2026, 9:40:09 AM",900001001
VRT,Filled,10 @ 346.73,Buy 10 Shares @ Market to Open,--,"05/07/2026, 9:39:33 AM",900001001
SNDK,Filled,3 @ 1376.00,Buy 3 Shares @ Market to Open,--,"05/07/2026, 9:39:04 AM",900001001
CRDO,Filled,25 @ 190.86,Buy 25 Shares @ Market to Open,--,"05/07/2026, 9:38:27 AM",900001001
TTMI,Filled,15 @ 158.07,Buy 15 Shares @ Market to Open,--,"05/07/2026, 9:37:57 AM",900001001
NEXA,Filled,400 @ 16.18,Buy 400 Shares @ Market to Open,--,"05/07/2026, 9:37:32 AM",900001001
STRL,Filled,5 @ 840.02,Buy 5 Shares @ Market to Open,--,"05/07/2026, 9:37:10 AM",900001001
APP,Filled,5 @ 447.50,Buy 5 Shares @ Market to Open,--,"05/07/2026, 9:36:21 AM",900001001
LITE,Filled,5 @ 908.75,Buy 5 Shares @ Market to Open,--,"05/07/2026, 9:35:49 AM",900001001
SLV,Filled,45 @ 73.30,Sell 45 Shares @ 7.123 Limit GTC to Close,--,"05/07/2026, 9:30:23 AM",900001001
CGAU,Filled,100 @ 18.01,Sell 100 Shares @ Market CLO to Close,--,"05/06/2026, 4:00:05 PM",900001001
COHR,Filled,5 @ 344.67,Sell 5 Shares @ Market CLO to Close,--,"05/06/2026, 4:00:05 PM",900001001
PSTL,Filled,150 @ 23.20,Sell 150 Shares @ Market CLO to Close,--,"05/06/2026, 4:00:05 PM",900001001
ET,Filled,125 @ 19.87,Buy 125 Shares @ Market CLO to Open,--,"05/06/2026, 4:00:05 PM",900001001
GOOG,Filled,15 @ 395.14,Sell 15 Shares @ Market CLO to Close,--,"05/06/2026, 4:00:03 PM",900001001
STRL,Filled,2 @ 886.22,Sell 2 Shares @ Market CLO to Close,--,"05/06/2026, 4:00:02 PM",900001001
GDE,Filled,50 @ 69.63,Sell 50 Shares @ Market CLO to Close,--,"05/06/2026, 4:00:01 PM",900001001
QQQ,Filled,5 @ 695.77,Sell 5 Shares @ Market CLO to Close,--,"05/06/2026, 4:00:01 PM",900001001
BLOX,Filled,200 @ 17.99,Sell 200 Shares @ Market CLO to Close,--,"05/06/2026, 4:00:01 PM",900001001
IWM,Filled,20 @ 286.80,Sell 20 Shares @ Market CLO to Close,--,"05/06/2026, 4:00:00 PM",900001001
EWO,Filled,45 @ 40.24,Sell 45 Shares @ Market CLO to Close,--,"05/06/2026, 4:00:00 PM",900001001
EIS,Filled,10 @ 136.55,Sell 10 Shares @ Market CLO to Close,--,"05/06/2026, 4:00:00 PM",900001001
AVGO,Filled,5 @ 425.04,Buy 5 Shares @ Market to Open,--,"05/06/2026, 3:55:05 PM",900001001
APP,Filled,5 @ 469.82,Buy 5 Shares @ Market to Open,--,"05/06/2026, 3:54:40 PM",900001001
NEM,Filled,30 @ 114.99,Buy 30 Shares @ Market to Open,--,"05/06/2026, 3:49:00 PM",900001001
MYRG,Filled,15 @ 447.95,Buy 15 Shares @ Market to Open,--,"05/06/2026, 3:47:01 PM",900001001
DY,Filled,5 @ 458.96,Buy 5 Shares @ Market to Open,--,"05/06/2026, 3:46:22 PM",900001001
AVGO,Filled,10 @ 422.74,Buy 10 Shares @ Market to Open,--,"05/06/2026, 3:45:39 PM",900001001
CLS,Filled,10 @ 412.64,Buy 10 Shares @ Market to Open,--,"05/06/2026, 3:44:54 PM",900001001
LITE,Filled,5 @ 945.39,Buy 5 Shares @ Market to Open,--,"05/06/2026, 3:44:16 PM",900001001
APP,Filled,10 @ 470.00,Buy 10 Shares @ Market to Open,--,"05/06/2026, 3:43:34 PM",900001001
PARR,Filled,75 @ 62.73,Buy 75 Shares @ Market to Open,--,"05/06/2026, 3:41:28 PM",900001001
IAUM,Filled,50 @ 46.81,Sell 50 Shares @ Market to Close,--,"05/06/2026, 3:40:35 PM",900001001
BE,Filled,10 @ 286.70,Buy 10 Shares @ Market to Open,--,"05/06/2026, 3:39:48 PM",900001001
LITE,Filled,5 @ 946.40,Buy 5 Shares @ Market to Open,--,"05/06/2026, 3:39:10 PM",900001001
CDE,Filled,200 @ 18.79,Sell 200 Shares @ Market to Close,--,"05/06/2026, 3:36:16 PM",900001001
SSRM,Filled,75 @ 32.45,Sell 75 Shares @ Market to Close,--,"05/06/2026, 3:35:47 PM",900001001
PPLT,Filled,6 @ 186.60,Sell 6 Shares @ Market to Close,--,"05/06/2026, 3:33:47 PM",900001003
VTI,Filled,20 @ 360.99,Sell 20 Shares @ 36.099 Limit to Close,--,"05/06/2026, 1:48:18 PM",900001001
GFI,Filled,50 @ 46.02,Sell 50 Shares @ Market to Close,--,"05/06/2026, 1:42:03 PM",900001001
SMCI,Filled,50 @ 32.68,Sell 50 Shares @ Market to Close,--,"05/06/2026, 1:41:27 PM",900001001
CGAU,Filled,125 @ 17.95,Sell 125 Shares @ Market to Close,--,"05/06/2026, 1:40:18 PM",900001001
DY,Filled,10 @ 452.67,Buy 10 Shares @ Market to Open,--,"05/06/2026, 1:38:56 PM",900001001
AVGO,Filled,15 @ 421.78,Buy 15 Shares @ Market to Open,--,"05/06/2026, 1:37:27 PM",900001001
BE,Filled,10 @ 287.95,Buy 10 Shares @ Market to Open,--,"05/06/2026, 1:35:07 PM",900001001
PARR,Filled,50 @ 62.53,Buy 50 Shares @ Market to Open,--,"05/06/2026, 1:32:39 PM",900001001
USAR,Filled,100 @ 28.14,Sell 100 Shares @ Market to Close,--,"05/06/2026, 1:32:05 PM",900001001
USAR,Filled,150 @ 28.17,Sell 150 Shares @ Market to Close,--,"05/06/2026, 1:31:34 PM",900001001
USAR,Filled,100 @ 28.14,Sell 100 Shares @ Market to Close,--,"05/06/2026, 1:31:06 PM",900001001
COHR,Filled,5 @ 339.90,Sell 5 Shares @ Market to Close,--,"05/06/2026, 1:00:39 PM",900001001
NUKZ,Filled,25 @ 75.01,Sell 25 Shares @ Market to Close,--,"05/06/2026, 12:59:37 PM",900001001
EMEQ,Filled,25 @ 63.09,Sell 25 Shares @ Market to Close,--,"05/06/2026, 12:58:16 PM",900001001
CX,Filled,200 @ 13.53,Sell 200 Shares @ Market to Close,--,"05/06/2026, 12:56:51 PM",900001001
PSIX,Filled,50 @ 73.80,Sell 50 Shares @ Market to Close,--,"05/06/2026, 12:55:08 PM",900001001
PSIX,Filled,15 @ 73.80,Sell 15 Shares @ Market to Close,--,"05/06/2026, 12:54:41 PM",900001001
AUGO,Filled,25 @ 88.28,Sell 25 Shares @ Market to Close,--,"05/06/2026, 12:53:33 PM",900001001
LTM,Filled,50 @ 51.05,Sell 50 Shares @ Market to Close,--,"05/06/2026, 12:52:46 PM",900001001
SMCI,Filled,75 @ 32.13,Sell 75 Shares @ Market to Close,--,"05/06/2026, 12:51:45 PM",900001001
AMD,Filled,5 @ 411.91,Sell 5 Shares @ Market to Close,--,"05/06/2026, 12:51:18 PM",900001001
AMD,Filled,5 @ 414.99,Sell 5 Shares @ 41.499 Limit GTC to Close,--,"05/06/2026, 11:18:39 AM",900001001
SNDK,Filled,5 @ 1401.91,Buy 5 Shares @ Market to Open,--,"05/06/2026, 10:55:51 AM",900001001
CRDO,Filled,25 @ 187.85,Buy 25 Shares @ Market to Open,--,"05/06/2026, 10:55:11 AM",900001001
LITE,Filled,5 @ 924.44,Buy 5 Shares @ Market to Open,--,"05/06/2026, 10:54:30 AM",900001001
GDE,Filled,30 @ 69.46,Sell 30 Shares @ Market to Close,--,"05/06/2026, 10:51:21 AM",900001003
GDE,Filled,5 @ 69.46,Sell 5 Shares @ Market to Close,--,"05/06/2026, 10:50:55 AM",900001003
LITE,Filled,4 @ 923.13,Buy 4 Shares @ Market to Open,--,"05/06/2026, 10:46:41 AM",900001001
LRCX,Filled,2 @ 292.92,Sell 2 Shares @ Market to Close,--,"05/06/2026, 10:34:24 AM",900001001
DY,Filled,7 @ 446.00,Buy 7 Shares @ Market to Open,--,"05/06/2026, 10:33:46 AM",900001001
APP,Filled,5 @ 461.48,Buy 5 Shares @ Market to Open,--,"05/06/2026, 10:33:17 AM",900001001
MTZ,Filled,7 @ 427.81,Buy 7 Shares @ Market to Open,--,"05/06/2026, 10:31:30 AM",900001001
ET,Filled,125 @ 20.10,Buy 125 Shares @ Market to Open,--,"05/06/2026, 10:30:51 AM",900001001
CRDO,Filled,40 @ 187.23,Buy 40 Shares @ Market to Open,--,"05/06/2026, 10:29:18 AM",900001001
BE,Filled,15 @ 284.00,Buy 15 Shares @ Market to Open,--,"05/06/2026, 10:27:31 AM",900001001
CLS,Filled,20 @ 400.21,Buy 20 Shares @ Market to Open,--,"05/06/2026, 10:26:38 AM",900001001
NEM,Filled,15 @ 114.77,Sell 15 Shares @ Market to Close,--,"05/06/2026, 10:25:43 AM",900001001
ORLA,Filled,200 @ 14.74,Sell 200 Shares @ Market to Close,--,"05/06/2026, 10:23:04 AM",900001001
SSRM,Filled,100 @ 33.48,Sell 100 Shares @ Market to Close,--,"05/06/2026, 10:22:21 AM",900001001
TSM,Filled,10 @ 408.50,Sell 10 Shares @ Market to Close,--,"05/06/2026, 10:20:28 AM",900001001
COPX,Filled,40 @ 83.90,Sell 40 Shares @ Market to Close,--,"05/06/2026, 10:18:46 AM",900001001
SMCI,Filled,75 @ 32.85,Sell 75 Shares @ Market to Close,--,"05/06/2026, 10:15:51 AM",900001001
UBER,Filled,30 @ 78.53,Sell 30 Shares @ Market to Close,--,"05/06/2026, 10:14:59 AM",900001001
COPX,Filled,50 @ 82.48,Sell 50 Shares @ 8.088 Limit GTC to Close,--,"05/06/2026, 9:30:19 AM",900001001
CRDO,Filled,25 @ 193.57,Sell 25 Shares @ Market CLO to Close,--,"05/05/2026, 4:00:03 PM",900001001
STRL,Filled,5 @ 806.00,Sell 5 Shares @ Market CLO to Close,--,"05/05/2026, 4:00:02 PM",900001001
VOO,Filled,5 @ 665.30,Sell 5 Shares @ Market CLO to Close,--,"05/05/2026, 4:00:01 PM",900001001
PLTR,Filled,20 @ 135.91,Buy 20 Shares @ Market CLO to Open,--,"05/05/2026, 4:00:01 PM",900001003
SNDK,Filled,2 @ 1411.99,Sell 2 Shares @ 141.199 Limit to Close,--,"05/05/2026, 2:49:44 PM",900001001
TSM,Filled,5 @ 397.14,Buy 5 Shares @ Market to Open,--,"05/05/2026, 2:32:41 PM",900001001
CEG,Filled,7 @ 321.87,Buy 7 Shares @ Market to Open,--,"05/05/2026, 2:32:11 PM",900001001
CSTM,Filled,100 @ 32.94,Sell 100 Shares @ 3.294 Limit to Close,--,"05/05/2026, 2:31:39 PM",900001001
CGDV,Filled,50 @ 46.70,Sell 50 Shares @ Market to Close,--,"05/05/2026, 2:30:20 PM",900001001
SNDK,Filled,3 @ 1411.05,Sell 3 Shares @ Market to Close,--,"05/05/2026, 2:28:04 PM",900001001
EMEQ,Filled,30 @ 60.62,Sell 30 Shares @ Market to Close,--,"05/05/2026, 2:27:02 PM",900001001
DY,Filled,5 @ 458.54,Sell 5 Shares @ Market to Close,--,"05/05/2026, 2:26:20 PM",900001001
MU,Filled,5 @ 639.93,Sell 5 Shares @ 63.993 Limit GTC to Close,--,"05/05/2026, 2:25:50 PM",900001001
CX,Filled,150 @ 12.84,Sell 150 Shares @ Market to Close,--,"05/05/2026, 2:24:56 PM",900001001
TSLA,Filled,5 @ 392.77,Buy 5 Shares @ Market to Open,--,"05/05/2026, 2:06:13 PM",900001001
STRL,Filled,3 @ 780.58,Sell 3 Shares @ Market to Close,--,"05/05/2026, 2:04:57 PM",900001001
SSRM,Filled,75 @ 28.20,Buy 75 Shares @ Market to Open,--,"05/05/2026, 2:01:15 PM",900001001
CSTM,Filled,50 @ 32.96,Sell 50 Shares @ 3.296 Limit to Close,--,"05/05/2026, 11:55:03 AM",900001001
SSRM,Filled,75 @ 28.36,Buy 75 Shares @ Market to Open,--,"05/05/2026, 11:48:48 AM",900001001
CDE,Filled,125 @ 17.34,Buy 125 Shares @ Market to Open,--,"05/05/2026, 11:48:24 AM",900001001
IWM,Filled,15 @ 281.99,Sell 15 Shares @ 28.199 Limit to Close,--,"05/05/2026, 11:45:03 AM",900001001
PLTR,Filled,15 @ 137.04,Buy 15 Shares @ Market to Open,--,"05/05/2026, 11:44:01 AM",900001001
PLTR,Filled,2 @ 137.25,Buy 2 Shares @ Market to Open,--,"05/05/2026, 11:42:14 AM",900001002
EWY,Filled,2 @ 172.06,Buy 2 Shares @ Market to Open,--,"05/05/2026, 10:18:04 AM",900001001
PSIX,Filled,15 @ 68.36,Buy 15 Shares @ Market to Open,--,"05/05/2026, 10:16:37 AM",900001001
TSM,Filled,3 @ 397.12,Buy 3 Shares @ Market to Open,--,"05/05/2026, 10:16:08 AM",900001001
MSFT,Filled,5 @ 410.51,Buy 5 Shares @ Market to Open,--,"05/05/2026, 10:15:36 AM",900001001
PARR,Filled,45 @ 67.89,Buy 45 Shares @ Market to Open,--,"05/05/2026, 10:15:19 AM",900001001
BTG,Filled,300 @ 4.26,Buy 300 Shares @ Market to Open,--,"05/05/2026, 10:14:49 AM",900001001
B,Filled,200 @ 38.74,Sell 200 Shares @ Market to Close,--,"05/05/2026, 10:14:17 AM",900001001
SMCI,Filled,75 @ 27.88,Buy 75 Shares @ Market to Open,--,"05/05/2026, 10:11:57 AM",900001001
EWO,Filled,30 @ 38.66,Sell 30 Shares @ Market to Close,--,"05/05/2026, 10:11:27 AM",900001001
MU,Filled,5 @ 634.94,Sell 5 Shares @ Market to Close,--,"05/05/2026, 10:10:30 AM",900001001
FN,Filled,5 @ 701.80,Buy 5 Shares @ Market to Open,--,"05/05/2026, 10:09:46 AM",900001001
IWM,Filled,15 @ 281.50,Sell 15 Shares @ Market to Close,--,"05/05/2026, 10:08:41 AM",900001001
PARR,Filled,45 @ 67.60,Buy 45 Shares @ Market to Open,--,"05/05/2026, 10:07:44 AM",900001001
LRCX,Filled,10 @ 273.21,Sell 10 Shares @ Market to Close,--,"05/05/2026, 10:06:53 AM",900001001
ECH,Filled,25 @ 40.97,Sell 25 Shares @ Market to Close,--,"05/05/2026, 10:06:06 AM",900001001
TSM,Filled,5 @ 400.49,Buy 5 Shares @ Market to Open,--,"05/05/2026, 10:05:08 AM",900001001
BRK.B,Filled,10 @ 468.18,Buy 10 Shares @ Market to Open,--,"05/05/2026, 10:04:13 AM",900001001
GDE,Filled,100 @ 67.23,Sell 100 Shares @ Market to Close,--,"05/05/2026, 10:03:49 AM",900001001
BE,Filled,10 @ 288.88,Buy 10 Shares @ 28.888 Limit GTC to Open,--,"05/05/2026, 10:00:00 AM",900001001
UNH,Filled,3 @ 368.87,Buy 3 Shares @ Market to Open,--,"05/05/2026, 9:57:43 AM",900001001
USAR,Filled,150 @ 25.06,Buy 150 Shares @ Market to Open,--,"05/05/2026, 9:55:06 AM",900001001
COPX,Filled,50 @ 78.67,Sell 50 Shares @ Market to Close,--,"05/05/2026, 9:54:30 AM",900001001
PLTR,Filled,25 @ 138.39,Buy 25 Shares @ Market to Open,--,"05/05/2026, 9:53:03 AM",900001001
BRK.B,Filled,10 @ 467.19,Buy 10 Shares @ Market to Open,--,"05/05/2026, 9:52:24 AM",900001001
VTI,Filled,30 @ 356.25,Sell 30 Shares @ Market to Close,--,"05/05/2026, 9:51:44 AM",900001001
PLTR,Filled,15 @ 139.30,Buy 15 Shares @ Market to Open,--,"05/05/2026, 9:45:01 AM",900001001
VOO,Filled,5 @ 663.74,Sell 5 Shares @ Market to Close,--,"05/05/2026, 9:44:19 AM",900001001
MSFT,Filled,3 @ 411.00,Buy 3 Shares @ Market to Open,--,"05/05/2026, 9:43:35 AM",900001001
TSM,Filled,10 @ 399.12,Buy 10 Shares @ Market to Open,--,"05/05/2026, 9:42:27 AM",900001001
APP,Filled,7 @ 471.31,Buy 7 Shares @ Market to Open,--,"05/05/2026, 9:41:46 AM",900001001
FN,Filled,5 @ 678.97,Buy 5 Shares @ Market to Open,--,"05/05/2026, 9:40:40 AM",900001001
PLTR,Filled,25 @ 140.77,Buy 25 Shares @ Market to Open,--,"05/05/2026, 9:40:16 AM",900001001
MU,Filled,8 @ 624.32,Sell 8 Shares @ Market to Close,--,"05/05/2026, 9:39:26 AM",900001001
STRL,Filled,5 @ 755.30,Sell 5 Shares @ Market to Close,--,"05/05/2026, 9:38:57 AM",900001001
STRL,Filled,9 @ 756.22,Sell 9 Shares @ Market to Close,--,"05/05/2026, 9:37:28 AM",900001001
GM,Filled,10 @ 75.67,Buy 10 Shares @ 7.567 Limit GTC to Open,--,"05/04/2026, 12:36:26 PM",900001001
GDE,Filled,50 @ 67.07,Buy 50 Shares @ Market to Open,--,"05/04/2026, 11:09:43 AM",900001001
MFC,Filled,50 @ 39.05,Buy 50 Shares @ Market to Open,--,"05/04/2026, 11:09:16 AM",900001001
BE,Filled,10 @ 283.07,Buy 10 Shares @ Market to Open,--,"05/04/2026, 11:08:20 AM",900001001
SHLD,Filled,100 @ 68.71,Sell 100 Shares @ Market to Close,--,"05/04/2026, 11:07:45 AM",900001001
CLS,Filled,10 @ 413.63,Buy 10 Shares @ Market to Open,--,"05/04/2026, 11:06:56 AM",900001001
CSTM,Filled,100 @ 31.29,Buy 100 Shares @ Market to Open,--,"05/04/2026, 11:06:08 AM",900001001
GOOG,Filled,5 @ 379.66,Buy 5 Shares @ Market to Open,--,"05/04/2026, 11:05:36 AM",900001001
VTI,Filled,15 @ 355.56,Sell 15 Shares @ Market to Close,--,"05/04/2026, 11:05:10 AM",900001001
PARR,Filled,15 @ 66.02,Buy 15 Shares @ Market to Open,--,"05/04/2026, 11:04:44 AM",900001001
UNFI,Filled,50 @ 51.46,Buy 50 Shares @ Market to Open,--,"05/04/2026, 11:03:27 AM",900001001
SNDK,Filled,5 @ 1249.67,Sell 5 Shares @ Market to Close,--,"05/04/2026, 11:02:09 AM",900001001
CRDO,Filled,20 @ 182.06,Buy 20 Shares @ Market to Open,--,"05/04/2026, 11:01:25 AM",900001001
VOOV,Filled,20 @ 215.61,Sell 20 Shares @ Market to Close,--,"05/04/2026, 11:01:00 AM",900001001
EMEQ,Filled,30 @ 58.53,Sell 30 Shares @ Market to Close,--,"05/04/2026, 10:57:28 AM",900001001
AVGO,Filled,2 @ 416.30,Buy 2 Shares @ Market to Open,--,"05/04/2026, 10:34:00 AM",900001002
SNDK,Filled,1 @ 1239.69,Sell 1 Share @ Market to Close,--,"05/04/2026, 10:33:10 AM",900001002
AVGO,Filled,15 @ 416.68,Buy 15 Shares @ Market to Open,--,"05/04/2026, 10:31:39 AM",900001001
MSFT,Filled,10 @ 419.70,Sell 10 Shares @ Market to Close,--,"05/04/2026, 10:31:02 AM",900001001
NEM,Filled,10 @ 109.60,Sell 10 Shares @ Market to Close,--,"05/04/2026, 10:30:15 AM",900001001
BLBD,Filled,35 @ 62.07,Buy 35 Shares @ Market to Open,--,"05/04/2026, 10:28:20 AM",900001001
CEG,Filled,10 @ 321.35,Sell 10 Shares @ Market to Close,--,"05/04/2026, 10:27:10 AM",900001001
TTMI,Filled,15 @ 155.90,Buy 15 Shares @ Market to Open,--,"05/04/2026, 10:06:09 AM",900001001
VOO,Filled,10 @ 662.24,Buy 10 Shares @ Market to Open,--,"05/04/2026, 10:05:22 AM",900001001
SMCI,Filled,150 @ 28.04,Sell 150 Shares @ Market to Close,--,"05/04/2026, 10:04:51 AM",900001001
CSTM,Filled,150 @ 31.32,Buy 150 Shares @ Market to Open,--,"05/04/2026, 10:03:44 AM",900001001
AMD,Filled,7 @ 351.00,Buy 7 Shares @ Market to Open,--,"05/04/2026, 10:03:17 AM",900001001
LRCX,Filled,5 @ 262.31,Sell 5 Shares @ Market to Close,--,"05/04/2026, 10:02:36 AM",900001001
PSIX,Filled,50 @ 70.29,Buy 50 Shares @ Market to Open,--,"05/04/2026, 10:01:49 AM",900001001
TSM,Filled,5 @ 403.54,Sell 5 Shares @ Market to Close,--,"05/04/2026, 10:00:44 AM",900001001
TIGO,Filled,50 @ 83.43,Buy 50 Shares @ Market to Open,--,"05/04/2026, 9:59:06 AM",900001001
MU,Filled,10 @ 586.67,Sell 10 Shares @ Market to Close,--,"05/04/2026, 9:58:26 AM",900001001
MTZ,Filled,10 @ 416.58,Buy 10 Shares @ Market to Open,--,"05/04/2026, 9:47:25 AM",900001001
VRT,Filled,20 @ 331.62,Buy 20 Shares @ Market to Open,--,"05/04/2026, 9:46:48 AM",900001001
ET,Filled,200 @ 20.04,Buy 200 Shares @ Market to Open,--,"05/04/2026, 9:46:10 AM",900001001
MU,Filled,2 @ 581.09,Sell 2 Shares @ Market to Close,--,"05/04/2026, 9:45:43 AM",900001001
IWM,Filled,15 @ 277.96,Buy 15 Shares @ Market to Open,--,"05/04/2026, 9:45:18 AM",900001001
BRK.B,Filled,10 @ 471.47,Buy 10 Shares @ Market to Open,--,"05/04/2026, 9:44:50 AM",900001001
USAR,Filled,200 @ 25.78,Buy 200 Shares @ Market to Open,--,"05/04/2026, 9:43:27 AM",900001001
REMX,Filled,50 @ 103.43,Buy 50 Shares @ Market to Open,--,"05/04/2026, 9:43:06 AM",900001001
MU,Filled,20 @ 577.27,Sell 20 Shares @ Market to Close,--,"05/04/2026, 9:40:50 AM",900001001
TSLA,Filled,35 @ 391.59,Sell 35 Shares @ Market to Close,--,"05/04/2026, 9:40:12 AM",900001001
SHLD,Filled,20 @ 68.40,Sell 20 Shares @ Market to Close,--,"05/04/2026, 9:38:33 AM",900001003
LITE,Filled,2 @ 973.72,Sell 2 Shares @ Market to Close,--,"05/04/2026, 9:37:27 AM",900001003
PLTR,Expired,--,Sell 25 Shares @ 14.567 Limit to Close,--,"05/01/2026, 4:06:27 PM",900001001
MU,Expired,--,Sell 10 Shares @ 54.999 Limit to Close,--,"05/01/2026, 4:00:12 PM",900001001
BVN,Filled,50 @ 31.93,Buy 50 Shares @ Market to Open,--,"05/01/2026, 10:23:46 AM",900001001
VOOV,Filled,15 @ 217.31,Sell 15 Shares @ Market to Close,--,"05/01/2026, 10:21:38 AM",900001001
MSFT,Filled,5 @ 412.19,Buy 5 Shares @ Market to Open,--,"05/01/2026, 10:20:07 AM",900001001
AVGO,Filled,5 @ 420.43,Buy 5 Shares @ Market to Open,--,"05/01/2026, 10:11:46 AM",900001001
VRT,Filled,5 @ 328.79,Buy 5 Shares @ Market to Open,--,"05/01/2026, 10:10:43 AM",900001001
AMD,Filled,10 @ 353.94,Buy 10 Shares @ Market to Open,--,"05/01/2026, 10:09:42 AM",900001001
W,Filled,50 @ 64.89,Sell 50 Shares @ Market to Close,--,"05/01/2026, 10:08:01 AM",900001001
ET,Filled,125 @ 19.82,Buy 125 Shares @ Market to Open,--,"05/01/2026, 10:06:40 AM",900001001
GOOG,Filled,10 @ 380.93,Buy 10 Shares @ Market to Open,--,"05/01/2026, 10:05:53 AM",900001001
PSTL,Filled,50 @ 21.98,Buy 50 Shares @ Market to Open,--,"05/01/2026, 10:02:44 AM",900001001
URA,Filled,20 @ 55.60,Buy 20 Shares @ Market to Open,--,"05/01/2026, 10:01:56 AM",900001001
UNH,Filled,5 @ 368.51,Buy 5 Shares @ Market to Open,--,"05/01/2026, 10:01:35 AM",900001001
REMX,Filled,20 @ 104.84,Buy 20 Shares @ Market to Open,--,"05/01/2026, 10:00:56 AM",900001001
COPX,Filled,50 @ 79.99,Sell 50 Shares @ 7.999 Limit GTC to Close,--,"05/01/2026, 10:00:40 AM",900001001
AUGO,Filled,15 @ 83.44,Buy 15 Shares @ Market to Open,--,"05/01/2026, 9:58:00 AM",900001001
NWG,Filled,150 @ 15.33,Buy 150 Shares @ Market to Open,--,"05/01/2026, 9:54:51 AM",900001001
SIVR,Filled,20 @ 72.34,Sell 20 Shares @ 7.234 Limit GTC to Close,--,"05/01/2026, 9:54:33 AM",900001001
USAR,Filled,100 @ 24.83,Buy 100 Shares @ Market to Open,--,"05/01/2026, 9:40:49 AM",900001001
DY,Filled,5 @ 414.10,Sell 5 Shares @ Market CLO to Close,--,"04/30/2026, 4:00:03 PM",900001001
URA,Filled,40 @ 56.42,Sell 40 Shares @ Market CLO to Close,--,"04/30/2026, 4:00:01 PM",900001001
CSTM,Filled,250 @ 31.23,Buy 250 Shares @ 3.123 Limit GTC to Open,--,"04/30/2026, 1:37:03 PM",900001001
UBER,Filled,30 @ 74.05,Buy 30 Shares @ Market to Open,--,"04/30/2026, 12:46:32 PM",900001001
SILJ,Filled,10 @ 28.95,Sell 10 Shares @ Market to Close,--,"04/30/2026, 12:41:11 PM",900001002
BE,Filled,4 @ 273.88,Buy 4 Shares @ 27.393 Limit to Open,--,"04/30/2026, 12:40:38 PM",900001002
SILJ,Filled,7 @ 28.99,Sell 7 Shares @ Market to Close,--,"04/30/2026, 12:39:56 PM",900001002
BRK.B,Filled,5 @ 474.46,Buy 5 Shares @ Market to Open,--,"04/30/2026, 12:37:43 PM",900001001
MU,Filled,8 @ 512.36,Buy 8 Shares @ Market to Open,--,"04/30/2026, 12:37:25 PM",900001001
USAR,Filled,250 @ 25.00,Sell 250 Shares @ Market to Close,--,"04/30/2026, 12:36:53 PM",900001001
PPLT,Filled,10 @ 178.69,Sell 10 Shares @ 17.869 Limit GTC to Close,--,"04/30/2026, 12:35:12 PM",900001001
MU,Filled,10 @ 511.16,Buy 10 Shares @ Market to Open,--,"04/30/2026, 12:30:15 PM",900001001
GRNJ,Filled,75 @ 28.25,Buy 75 Shares @ Market to Open,--,"04/28/2026, 12:22:40 PM",900001003
MSFT,Filled,5 @ 427.98,Sell 5 Shares @ Market to Close,--,"04/28/2026, 12:21:37 PM",900001003
CRDO,Filled,2 @ 177.49,Buy 2 Shares @ Market to Open,--,"04/27/2026, 12:26:43 PM",900001003
GDE,Filled,50 @ 68.20,Sell 50 Shares @ Market to Close,--,"04/24/2026, 3:31:27 PM",900001003
PPLT,Filled,4 @ 182.66,Sell 4 Shares @ Market to Close,--,"04/24/2026, 3:30:36 PM",900001003
VOOV,Filled,10 @ 213.00,Sell 10 Shares @ 21.299 Limit GTC to Close,--,"04/23/2026, 9:32:15 AM",900001003
SILJ,Filled,10 @ 30.82,Buy 10 Shares @ Market to Open,--,"04/21/2026, 1:19:19 PM",900001002
CRDO,Filled,10 @ 171.45,Sell 10 Shares @ Market to Close,--,"04/20/2026, 3:42:52 PM",900001003
GRNY,Filled,15 @ 26.21,Sell 15 Shares @ Market to Close,--,"04/20/2026, 3:41:08 PM",900001003
GRNY,Filled,10 @ 26.22,Sell 10 Shares @ Market to Close,--,"04/20/2026, 3:40:51 PM",900001003
CRDO,Filled,10 @ 171.40,Sell 10 Shares @ Market to Close,--,"04/20/2026, 3:38:53 PM",900001003
VOOV,Filled,5 @ 213.26,Sell 5 Shares @ Market to Close,--,"04/17/2026, 11:27:12 AM",900001003
SILJ,Filled,25 @ 33.55,Sell 25 Shares @ Market to Close,--,"04/17/2026, 11:25:16 AM",900001002
PPLT,Filled,10 @ 188.88,Buy 10 Shares @ 18.888 Limit GTC to Open,--,"04/16/2026, 10:40:51 AM",900001003
MSFT,Filled,5 @ 413.41,Buy 5 Shares @ Market to Open,--,"04/16/2026, 9:59:51 AM",900001003
AMZN,Filled,10 @ 245.43,Buy 10 Shares @ Market to Open,--,"04/16/2026, 9:56:54 AM",900001003
TSLA,Filled,20 @ 382.99,Buy 20 Shares @ 38.299 Limit GTC to Open,--,"04/16/2026, 9:55:48 AM",900001003
SPMO,Filled,60 @ 125.98,Buy 60 Shares @ Market to Open,--,"04/16/2026, 9:54:17 AM",900001003
LITE,Filled,7 @ 871.10,Sell 7 Shares @ Market to Close,--,"04/16/2026, 9:53:08 AM",900001003
GRNJ,Filled,300 @ 28.15,Buy 300 Shares @ Market to Open,--,"04/16/2026, 9:52:23 AM",900001003
GRNY,Filled,300 @ 25.77,Buy 300 Shares @ Market to Open,--,"04/16/2026, 9:51:59 AM",900001003
GDE,Filled,60 @ 68.54,Sell 60 Shares @ Market to Close,--,"04/16/2026, 9:50:23 AM",900001003
VOOV,Filled,10 @ 211.02,Sell 10 Shares @ Market to Close,--,"04/16/2026, 9:49:38 AM",900001003
GDE,Filled,60 @ 68.56,Sell 60 Shares @ Market to Close,--,"04/16/2026, 9:47:32 AM",900001003
GDE,Filled,30 @ 68.57,Sell 30 Shares @ Market to Close,--,"04/16/2026, 9:45:22 AM",900001003
GDE,Filled,50 @ 68.60,Sell 50 Shares @ Market to Close,--,"04/16/2026, 9:44:54 AM",900001003
GDMN,Filled,5 @ 109.83,Sell 5 Shares @ Market to Close,--,"04/16/2026, 9:43:37 AM",900001003
GDMN,Filled,5 @ 109.80,Sell 5 Shares @ Market to Close,--,"04/16/2026, 9:43:17 AM",900001003
GDMN,Filled,5 @ 109.80,Sell 5 Shares @ 10.98 Limit to Close,--,"04/16/2026, 9:42:55 AM",900001003
GDMN,Filled,5 @ 109.74,Sell 5 Shares @ 10.974 Limit to Close,--,"04/16/2026, 9:42:37 AM",900001003
GDMN,Filled,10 @ 110.04,Sell 10 Shares @ 10.993 Limit to Close,--,"04/16/2026, 9:40:34 AM",900001003
SYF,Filled,50 @ 76.78,Sell 50 Shares @ 7.678 Limit GTC to Close,--,"04/15/2026, 9:39:33 AM",900001003
SNDK,Filled,1 @ 931.61,Buy 1 Share @ Market to Open,--,"04/15/2026, 9:30:19 AM",900001002
GDMN,Filled,4 @ 112.34,Sell 4 Shares @ 11.234 Limit GTC to Close,--,"04/14/2026, 3:10:21 PM",900001002
GDMN,Filled,7 @ 111.97,Sell 7 Shares @ Market to Close,--,"04/14/2026, 1:50:17 PM",900001002
MU,Filled,2 @ 455.00,Sell 2 Shares @ 45.492 Limit GTC to Close,--,"04/14/2026, 1:48:48 PM",900001002
VOOV,Filled,10 @ 209.97,Sell 10 Shares @ Market to Close,--,"04/14/2026, 1:45:54 PM",900001003
PPLT,Filled,6 @ 190.78,Sell 6 Shares @ Market to Close,--,"04/14/2026, 1:44:46 PM",900001003
PSIX,Filled,25 @ 83.58,Sell 25 Shares @ 8.358 Limit GTC to Close,--,"04/14/2026, 11:50:42 AM",900001003
LITE,Filled,2 @ 856.40,Buy 2 Shares @ 85.64 Limit to Open,--,"04/14/2026, 11:47:33 AM",900001002
CRDO,Filled,8 @ 157.05,Sell 8 Shares @ Market to Close,--,"04/14/2026, 11:00:24 AM",900001003
CRDO,Filled,4 @ 157.02,Sell 4 Shares @ Market to Close,--,"04/14/2026, 10:59:53 AM",900001003
CRDO,Filled,3 @ 156.59,Sell 3 Shares @ Market to Close,--,"04/14/2026, 10:59:23 AM",900001003
CRDO,Filled,1 @ 156.48,Sell 1 Share @ Market to Close,--,"04/14/2026, 10:58:54 AM",900001003
LITE,Filled,2 @ 840.93,Buy 2 Shares @ Market to Open,--,"04/14/2026, 10:06:59 AM",900001003
CRDO,Filled,16 @ 152.24,Sell 16 Shares @ Market to Close,--,"04/14/2026, 10:05:35 AM",900001003
LITE,Filled,2 @ 869.99,Buy 2 Shares @ 86.999 Limit to Open,--,"04/14/2026, 9:32:58 AM",900001003
GDE,Filled,35 @ 65.75,Buy 35 Shares @ Market to Open,--,"04/13/2026, 11:28:57 AM",900001003
LITE,Filled,5 @ 874.60,Buy 5 Shares @ Market to Open,--,"04/13/2026, 11:26:50 AM",900001003
GDMN,Filled,10 @ 107.11,Buy 10 Shares @ Market to Open,--,"04/13/2026, 11:26:04 AM",900001003
SLV,Filled,50 @ 66.95,Buy 50 Shares @ Market to Open,--,"04/13/2026, 11:25:42 AM",900001003
CRDO,Filled,15 @ 132.50,Sell 15 Shares @ Market to Close,--,"04/13/2026, 10:24:11 AM",900001003
CRDO,Filled,8 @ 132.75,Sell 8 Shares @ Market to Close,--,"04/13/2026, 10:23:47 AM",900001003
GDE,Filled,30 @ 66.43,Buy 30 Shares @ Market to Open,--,"04/10/2026, 1:51:33 PM",900001003
SHLD,Filled,20 @ 72.87,Buy 20 Shares @ Market to Open,--,"04/10/2026, 1:50:41 PM",900001003
PPLT,Filled,10 @ 187.01,Buy 10 Shares @ Market to Open,--,"04/10/2026, 1:50:22 PM",900001003
CLS,Filled,20 @ 350.09,Sell 20 Shares @ Market to Close,--,"04/10/2026, 1:48:57 PM",900001003
CRDO,Filled,30 @ 120.69,Sell 30 Shares @ Market to Close,--,"04/10/2026, 1:47:42 PM",900001003
LITE,Filled,4 @ 888.50,Buy 4 Shares @ Market to Open,--,"04/09/2026, 3:25:19 PM",900001003
VOOV,Filled,15 @ 209.82,Buy 15 Shares @ Market to Open,--,"04/09/2026, 1:11:50 PM",900001003
MU,Filled,10 @ 408.09,Buy 10 Shares @ Market to Open,--,"04/09/2026, 1:09:53 PM",900001003
CRDO,Filled,50 @ 107.19,Buy 50 Shares @ Market to Open,--,"04/09/2026, 1:09:06 PM",900001003
LITE,Filled,7 @ 887.51,Buy 7 Shares @ Market to Open,--,"04/09/2026, 1:08:30 PM",900001003
CGDV,Filled,25 @ 44.37,Sell 25 Shares @ Market to Close,--,"04/09/2026, 10:38:49 AM",900001003
GDMN,Filled,10 @ 107.49,Sell 10 Shares @ Market to Close,--,"04/09/2026, 10:38:24 AM",900001003
GDMN,Filled,5 @ 107.28,Sell 5 Shares @ Market to Close,--,"04/09/2026, 10:38:01 AM",900001003
AMZN,Filled,10 @ 224.87,Sell 10 Shares @ Market to Close,--,"04/09/2026, 10:36:21 AM",900001003
GRNJ,Filled,200 @ 26.42,Sell 200 Shares @ Market to Close,--,"04/08/2026, 10:52:06 AM",900001003
PSIX,Filled,30 @ 67.17,Sell 30 Shares @ Market to Close,--,"04/08/2026, 10:51:40 AM",900001003
SLV,Filled,40 @ 68.20,Sell 40 Shares @ Market to Close,--,"04/08/2026, 10:50:51 AM",900001003
SYF,Filled,100 @ 71.90,Sell 100 Shares @ Market to Close,--,"04/08/2026, 10:50:19 AM",900001003
AMZN,Filled,20 @ 221.11,Sell 20 Shares @ Market to Close,--,"04/08/2026, 10:49:15 AM",900001003
GDE,Filled,20 @ 66.18,Buy 20 Shares @ Market to Open,--,"04/08/2026, 9:58:15 AM",900001003
LITE,Canceled,--,Buy 2 Shares @ 74.402 Limit GTC to Open,--,"04/08/2026, 9:57:25 AM",900001003
GDE,Filled,1 @ 66.18,Buy 1 Share @ Market to Open,--,"04/08/2026, 9:56:52 AM",900001002
CLS,Filled,5 @ 294.91,Sell 5 Shares @ 29.491 Limit to Close,--,"04/02/2026, 3:59:44 PM",900001003
GRNJ,Filled,40 @ 25.25,Buy 40 Shares @ Market to Open,--,"04/02/2026, 12:12:42 PM",900001003
PPLT,Filled,6 @ 179.21,Sell 6 Shares @ Market to Close,--,"04/02/2026, 12:11:45 PM",900001003
GDMN,Filled,15 @ 102.57,Buy 15 Shares @ 10.257 Limit to Open,--,"04/02/2026, 12:11:17 PM",900001003
GRNY,Filled,25 @ 23.94,Sell 25 Shares @ Market to Close,--,"04/02/2026, 12:10:03 PM",900001003
VOOV,Filled,5 @ 203.68,Sell 5 Shares @ Market to Close,--,"04/02/2026, 12:09:00 PM",900001003
CRDO,Filled,3 @ 101.31,Sell 3 Shares @ Market to Close,--,"04/02/2026, 12:07:35 PM",900001003
GDMN,Canceled,--,Buy 20 Shares @ 9.123 Limit GTC to Open,--,"04/02/2026, 6:30:17 AM",900001002
