"Account All Accounts - 3 accounts Orders, as of 06/14/26 at 08:58 PM EST"
Symbol,Status,Fill,Description,Market,Time,Account
SGDM,Queued,--,Buy 150 Shares @ Market to Open,8.47,"06/14/2026, 9:54:06 AM",900001001
SGDM,Queued,--,Buy 50 Shares @ Market to Open,8.47,"06/14/2026, 9:53:23 AM",900001003
SPCX,Open,--,Buy 100 Shares @ 14.599 Limit GTC to Open,16.685,"06/12/2026, 2:42:41 PM",900001001
SPCX,Open,--,Buy 100 Shares @ 13.999 Limit GTC to Open,16.685,"06/12/2026, 2:06:29 PM",900001001
IBIT,Open,--,Buy 250 Shares @ 3.345 Limit GTC to Open,3.6,"06/11/2026, 12:32:04 PM",900001001
PARR,Saved,--,Sell 35 Shares @ Market CLO to Close,5.45,"06/02/2026, 11:29:03 AM",900001001
SPCX,Expired,--,Buy 200 Shares @ 14.999 Limit EXT to Open,16.685,"06/12/2026, 8:07:08 PM",900001001
SPCX,Filled,100 @ 16.719,Buy 100 Shares @ 16.719 Limit EXT to Open,16.685,"06/12/2026, 7:36:12 PM",900001001
SPCX,Canceled,--,Buy 200 Shares @ 15.999 Limit EXT to Open,16.685,"06/12/2026, 6:14:26 PM",900001001
SPCX,Canceled,--,Buy 150 Shares @ 15.623 Limit EXT to Open,16.685,"06/12/2026, 6:11:50 PM",900001001
SPCX,Filled,50 @ 16.599,Sell 50 Shares @ 16.599 Limit EXT to Close,16.671,"06/12/2026, 5:32:51 PM",900001001
SPCX,Expired,--,Buy 50 Shares @ 15.807 Limit to Open,16.685,"06/12/2026, 4:06:29 PM",900001001
SPCX,Expired,--,Buy 100 Shares @ 15.389 Limit to Open,16.685,"06/12/2026, 4:06:29 PM",900001001
SPCX,Filled,50 @ 16.234,Buy 50 Shares @ 16.234 Limit EXT to Open,16.685,"06/12/2026, 4:02:00 PM",900001001
SPCX,Expired,--,Sell 50 Shares @ 16.299 Limit to Close,16.671,"06/12/2026, 4:00:11 PM",900001001
FN,Filled,5 @ 61.101,Sell 5 Shares @ Market CLO to Close,60.2,"06/12/2026, 4:00:11 PM",900001001
SPCX,Expired,--,Buy 50 Shares @ 15.999 Limit to Open,16.685,"06/12/2026, 4:00:09 PM",900001001
AGX,Filled,5 @ 64.168,Sell 5 Shares @ Market CLO to Close,63,"06/12/2026, 4:00:06 PM",900001001
AUGO,Filled,35 @ 6.089,Sell 35 Shares @ Market CLO to Close,6.089,"06/12/2026, 4:00:03 PM",900001001
SPCX,Canceled,--,Sell 50 Shares @ 16.399 Limit GTC to Close,16.671,"06/12/2026, 3:56:53 PM",900001001
SPCX,Canceled,--,Sell 50 Shares @ 16.499 Limit GTC to Close,16.671,"06/12/2026, 3:56:21 PM",900001001
SPCX,Filled,50 @ 16.151,Sell 50 Shares @ Market to Close,16.671,"06/12/2026, 3:36:04 PM",900001001
SPCX,Filled,150 @ 16.178,Sell 150 Shares @ 16.178 Limit to Close,16.671,"06/12/2026, 3:35:05 PM",900001001
SPCX,Filled,50 @ 15.935,Buy 50 Shares @ Market to Open,16.685,"06/12/2026, 3:32:35 PM",900001001
SPCX,Canceled,--,Sell 50 Shares @ 16.499 Limit to Close,16.671,"06/12/2026, 3:30:19 PM",900001001
SPCX,Canceled,--,Sell 50 Shares @ 16.706 Limit to Close,16.671,"06/12/2026, 3:27:01 PM",900001001
SPCX,Filled,50 @ 16.299,Buy 50 Shares @ 16.299 Limit to Open,16.685,"06/12/2026, 3:21:38 PM",900001001
SPCX,Canceled,--,Sell 50 Shares @ 16.726 Limit to Close,16.671,"06/12/2026, 3:17:18 PM",900001001
SPCX,Canceled,--,Sell 100 Shares @ 17.085 Limit to Close,16.671,"06/12/2026, 3:10:04 PM",900001001
SPCX,Filled,50 @ 16.627,Buy 50 Shares @ 16.666 Limit to Open,16.685,"06/12/2026, 3:08:21 PM",900001001
SPCX,Canceled,--,Buy 100 Shares @ 15.899 Limit to Open,16.685,"06/12/2026, 2:42:42 PM",900001001
SPCX,Canceled,--,Buy 100 Shares @ 16.123 Limit to Open,16.685,"06/12/2026, 2:41:50 PM",900001001
SPCX,Filled,100 @ 16.959,Sell 100 Shares @ Market to Close,16.671,"06/12/2026, 2:39:37 PM",900001001
SPCX,Canceled,--,Sell 100 Shares @ 17.389 Limit to Close,16.671,"06/12/2026, 2:39:37 PM",900001001
MSFT,Filled,10 @ 38.749,Buy 10 Shares @ Market to Open,39.07,"06/12/2026, 2:27:01 PM",900001001
BTG,Filled,1000 @ 0.422,Sell 1000 Shares @ Market to Close,0.423,"06/12/2026, 2:26:10 PM",900001001
SPCX,Filled,200 @ 16.999,Sell 200 Shares @ 16.999 Limit to Close,16.671,"06/12/2026, 2:24:27 PM",900001001
SPCX,Filled,200 @ 16.783,Buy 200 Shares @ Market to Open,16.685,"06/12/2026, 2:20:36 PM",900001001
SPCX,Filled,100 @ 16.712,Buy 100 Shares @ Market to Open,16.685,"06/12/2026, 2:18:29 PM",900001001
SPCX,Filled,300 @ 16.56,Sell 300 Shares @ Market to Close,16.671,"06/12/2026, 2:17:20 PM",900001001
SPCX,Canceled,--,Sell 100 Shares @ 155.55 Stop 144.02 Limit to Close,16.671,"06/12/2026, 2:15:43 PM",900001001
SPCX,Filled,50 @ 16.828,Buy 50 Shares @ Market to Open,16.685,"06/12/2026, 2:15:19 PM",900001001
BE,Filled,10 @ 25.917,Sell 10 Shares @ Market to Close,26.14,"06/12/2026, 2:09:44 PM",900001001
MXL,Filled,100 @ 8.486,Sell 100 Shares @ Market to Close,8.49,"06/12/2026, 2:07:49 PM",900001001
SPCX,Filled,100 @ 17.055,Buy 100 Shares @ 17.055 Limit to Open,16.685,"06/12/2026, 2:07:26 PM",900001001
SPCX,Canceled,--,Buy 100 Shares @ 16.799 Limit to Open,16.685,"06/12/2026, 2:06:29 PM",900001001
CRWV,Filled,25 @ 10.346,Sell 25 Shares @ Market to Close,--,"06/12/2026, 2:05:18 PM",900001001
CRWV,Filled,25 @ 10.316,Sell 25 Shares @ Market to Close,--,"06/12/2026, 2:04:52 PM",900001001
SPCX,Filled,50 @ 17.302,Sell 50 Shares @ 17.302 Limit to Close,--,"06/12/2026, 2:03:59 PM",900001001
SPCX,Canceled,--,Sell 200 Shares @ 145.55 Stop 144.02 Limit to Close,--,"06/12/2026, 2:01:36 PM",900001001
SPCX,Canceled,--,Buy 100 Shares @ 17.012 Limit to Open,--,"06/12/2026, 1:55:05 PM",900001001
SPCX,Canceled,--,Sell 250 Shares @ 145.55 Stop 144.02 Limit to Close,--,"06/12/2026, 1:47:13 PM",900001001
SPCX,Filled,100 @ 17.276,Sell 100 Shares @ Market to Close,--,"06/12/2026, 1:43:32 PM",900001001
SPCX,Canceled,--,Buy 100 Shares @ 16.699 Limit to Open,--,"06/12/2026, 1:41:38 PM",900001001
GDMN,Filled,100 @ 8.099,Sell 100 Shares @ 8.099 Limit to Close,--,"06/12/2026, 1:41:05 PM",900001001
SPCX,Canceled,--,Buy 100 Shares @ 16.678 Limit to Open,--,"06/12/2026, 1:40:57 PM",900001001
SPCX,Filled,50 @ 17.123,Sell 50 Shares @ 17.123 Limit to Close,--,"06/12/2026, 1:35:32 PM",900001001
SPCX,Filled,100 @ 17.019,Buy 100 Shares @ Market to Open,--,"06/12/2026, 1:34:15 PM",900001001
SPCX,Canceled,--,Buy 100 Shares @ 16.699 Limit to Open,--,"06/12/2026, 1:33:21 PM",900001001
SPCX,Filled,100 @ 16.999,Buy 100 Shares @ 16.999 Limit to Open,--,"06/12/2026, 1:31:47 PM",900001001
SPCX,Canceled,--,Sell 216 Shares @ 145.55 Stop 144.02 Limit to Close,--,"06/12/2026, 1:23:57 PM",900001001
SOXX,Filled,7 @ 60.199,Sell 7 Shares @ 60.199 Limit GTC to Close,--,"06/12/2026, 1:22:08 PM",900001001
SPCX,Filled,66 @ 17.294,Sell 66 Shares @ Market to Close,--,"06/12/2026, 12:58:10 PM",900001001
SPCX,Canceled,--,Buy 200 Shares @ 14.999 Limit to Open,--,"06/12/2026, 12:57:45 PM",900001001
SPCX,Filled,100 @ 17.151,Sell 100 Shares @ Market to Close,--,"06/12/2026, 12:57:05 PM",900001001
SPCX,Filled,100 @ 17.219,Buy 100 Shares @ Market to Open,--,"06/12/2026, 12:54:19 PM",900001001
SPCX,Filled,100 @ 16.978,Buy 100 Shares @ Market to Open,--,"06/12/2026, 12:53:23 PM",900001001
SPCX,Filled,100 @ 16.999,Sell 100 Shares @ 16.999 Limit to Close,--,"06/12/2026, 12:52:19 PM",900001001
SPCX,Canceled,--,Buy 100 Shares @ 15.699 Limit to Open,--,"06/12/2026, 12:49:58 PM",900001001
SPCX,Filled,100 @ 16.899,Sell 100 Shares @ 16.899 Limit to Close,--,"06/12/2026, 12:48:06 PM",900001001
SPCX,Filled,100 @ 16.799,Sell 100 Shares @ 16.799 Limit to Close,--,"06/12/2026, 12:39:50 PM",900001001
SPCX,Filled,100 @ 16.699,Sell 100 Shares @ 16.699 Limit to Close,--,"06/12/2026, 12:20:46 PM",900001001
SPCX,Canceled,--,Buy 100 Shares @ 15.599 Limit to Open,--,"06/12/2026, 12:20:04 PM",900001001
SPCX,Filled,100 @ 16.599,Sell 100 Shares @ 16.599 Limit to Close,--,"06/12/2026, 12:16:56 PM",900001001
SPCX,Filled,5 @ 16.519,Sell 5 Shares @ Market to Close,--,"06/12/2026, 12:16:54 PM",900001001
SPCX,Filled,29 @ 16.46,Sell 29 Shares @ Market to Close,--,"06/12/2026, 12:16:40 PM",900001001
SPCX,Filled,100 @ 16.463,Sell 100 Shares @ Market to Close,--,"06/12/2026, 12:15:54 PM",900001001
SPCX,Filled,200 @ 16.295,Sell 200 Shares @ Market to Close,--,"06/12/2026, 12:09:48 PM",900001001
SPCX,Filled,200 @ 15.628,Sell 200 Shares @ 15.601 Limit to Close,--,"06/12/2026, 12:04:14 PM",900001001
SPCX,Filled,200 @ 15.899,Buy 200 Shares @ 15.899 Limit to Open,--,"06/12/2026, 12:02:19 PM",900001001
SPCX,Filled,100 @ 16.329,Buy 100 Shares @ Market to Open,--,"06/12/2026, 12:01:09 PM",900001001
SPCX,Filled,100 @ 16.199,Buy 100 Shares @ 16.199 Limit to Open,--,"06/12/2026, 11:59:58 AM",900001001
SOXX,Filled,15 @ 58.999,Buy 15 Shares @ 58.999 Limit to Open,--,"06/12/2026, 11:59:42 AM",900001001
SPCX,Filled,100 @ 16.399,Buy 100 Shares @ 16.399 Limit to Open,--,"06/12/2026, 11:57:59 AM",900001001
SPCX,Filled,50 @ 16.5,Buy 50 Shares @ Market to Open,--,"06/12/2026, 11:55:27 AM",900001001
SPCX,Canceled,--,Buy 800 Shares @ 14.321 Limit to Open,--,"06/12/2026, 11:52:37 AM",900001001
SPCX,Filled,400 @ 15.944,Buy 400 Shares @ 15.999 Limit to Open,--,"06/12/2026, 11:52:36 AM",900001001
SPCX,Filled,100 @ 15.998,Buy 100 Shares @ 15.999 Limit to Open,--,"06/12/2026, 11:49:44 AM",900001001
SPCX,Filled,200 @ 15,Buy 200 Shares @ 16.789 Limit to Open,--,"06/12/2026, 11:47:10 AM",900001001
FMX,Filled,20 @ 12.947,Sell 20 Shares @ Market to Close,--,"06/12/2026, 11:43:43 AM",900001001
ICHR,Filled,50 @ 8.599,Buy 50 Shares @ 8.599 Limit to Open,--,"06/12/2026, 11:42:33 AM",900001001
EPR,Filled,175 @ 6.068,Sell 175 Shares @ Market to Close,--,"06/12/2026, 11:40:52 AM",900001001
CRDO,Filled,10 @ 25.478,Buy 10 Shares @ Market to Open,--,"06/12/2026, 11:36:31 AM",900001001
PSIX,Filled,50 @ 4.202,Buy 50 Shares @ Market to Open,--,"06/12/2026, 11:35:25 AM",900001001
FN,Filled,5 @ 60.479,Buy 5 Shares @ Market to Open,--,"06/12/2026, 11:32:25 AM",900001001
COPJ,Filled,100 @ 4.287,Buy 100 Shares @ Market to Open,--,"06/12/2026, 11:31:49 AM",900001001
CRDO,Filled,30 @ 25.399,Buy 30 Shares @ 25.399 Limit to Open,--,"06/12/2026, 11:31:46 AM",900001001
CRWV,Filled,25 @ 10.468,Buy 25 Shares @ Market to Open,--,"06/12/2026, 11:30:51 AM",900001001
SPMO,Filled,144 @ 15.324,Buy 144 Shares @ Market to Open,--,"06/12/2026, 11:30:18 AM",900001001
GDMN,Filled,300 @ 8.057,Buy 300 Shares @ Market to Open,--,"06/12/2026, 11:28:29 AM",900001001
BLOX,Filled,150 @ 1.669,Sell 150 Shares @ Market to Close,--,"06/12/2026, 10:45:15 AM",900001001
BTG,Filled,5555 @ 0.413,Sell 5555 Shares @ Market to Close,--,"06/12/2026, 10:39:09 AM",900001001
NEM,Filled,20 @ 9.838,Sell 20 Shares @ Market to Close,--,"06/12/2026, 10:22:54 AM",900001001
VRT,Filled,10 @ 30.104,Sell 10 Shares @ Market to Close,--,"06/12/2026, 10:22:05 AM",900001001
MKOR,Filled,75 @ 6.711,Buy 75 Shares @ Market to Open,--,"06/12/2026, 10:20:45 AM",900001001
ARKX,Filled,100 @ 3.405,Sell 100 Shares @ Market to Close,--,"06/12/2026, 10:19:49 AM",900001001
PSTL,Filled,100 @ 2.405,Sell 100 Shares @ Market to Close,--,"06/12/2026, 10:19:07 AM",900001001
BLOX,Filled,200 @ 1.676,Sell 200 Shares @ Market to Close,--,"06/12/2026, 10:18:06 AM",900001001
CRWV,Filled,25 @ 9.987,Buy 25 Shares @ Market to Open,--,"06/12/2026, 10:17:35 AM",900001001
TTMI,Filled,15 @ 19.429,Buy 15 Shares @ Market to Open,--,"06/12/2026, 10:16:58 AM",900001001
MYRG,Filled,7 @ 44.215,Sell 7 Shares @ Market to Close,--,"06/12/2026, 10:16:06 AM",900001001
NBIS,Filled,15 @ 23.503,Sell 15 Shares @ Market to Close,--,"06/12/2026, 10:15:42 AM",900001001
AUGO,Filled,57 @ 5.996,Sell 57 Shares @ Market to Close,--,"06/12/2026, 10:15:13 AM",900001001
SPMO,Filled,100 @ 15.275,Sell 100 Shares @ Market to Close,--,"06/12/2026, 10:12:07 AM",900001001
SPMO,Filled,100 @ 15.287,Sell 100 Shares @ Market to Close,--,"06/12/2026, 10:10:24 AM",900001001
ARKX,Filled,300 @ 3.404,Buy 300 Shares @ Market to Open,--,"06/12/2026, 10:07:44 AM",900001001
EWY,Filled,50 @ 19.778,Sell 50 Shares @ 19.748 Limit to Close,--,"06/12/2026, 10:06:43 AM",900001001
IBIT,Filled,200 @ 3.588,Buy 200 Shares @ Market to Open,--,"06/12/2026, 10:05:10 AM",900001001
MRK,Filled,150 @ 12.06,Buy 150 Shares @ Market to Open,--,"06/12/2026, 10:03:34 AM",900001001
UNH,Filled,50 @ 40.664,Buy 50 Shares @ Market to Open,--,"06/12/2026, 10:02:52 AM",900001001
CRDO,Filled,50 @ 25.104,Buy 50 Shares @ Market to Open,--,"06/12/2026, 10:02:11 AM",900001001
SPMO,Filled,25 @ 15.206,Buy 25 Shares @ Market to Open,--,"06/12/2026, 10:00:55 AM",900001003
CRDO,Filled,30 @ 24.925,Buy 30 Shares @ Market to Open,--,"06/12/2026, 10:00:25 AM",900001003
GDMN,Filled,320 @ 7.899,Sell 320 Shares @ 7.899 Limit to Close,--,"06/12/2026, 10:00:20 AM",900001001
SMCI,Filled,250 @ 3.031,Buy 250 Shares @ Market to Open,--,"06/12/2026, 9:59:24 AM",900001001
ET,Filled,350 @ 1.918,Sell 350 Shares @ Market to Close,--,"06/12/2026, 9:58:04 AM",900001001
UNH,Filled,50 @ 40.671,Buy 50 Shares @ Market to Open,--,"06/12/2026, 9:55:11 AM",900001001
MRK,Filled,100 @ 12.044,Buy 100 Shares @ Market to Open,--,"06/12/2026, 9:53:38 AM",900001001
CRDO,Filled,50 @ 25.188,Buy 50 Shares @ Market to Open,--,"06/12/2026, 9:50:59 AM",900001001
SPMO,Filled,150 @ 15.012,Buy 150 Shares @ 15.012 Limit to Open,--,"06/12/2026, 9:45:51 AM",900001003
GDMN,Filled,700 @ 7.827,Sell 700 Shares @ Market to Close,--,"06/12/2026, 9:45:30 AM",900001001
IAUM,Filled,50 @ 4.174,Buy 50 Shares @ Market to Open,--,"06/12/2026, 9:44:05 AM",900001001
MXL,Filled,100 @ 8.128,Buy 100 Shares @ Market to Open,--,"06/12/2026, 9:41:56 AM",900001001
EWY,Filled,50 @ 19.573,Buy 50 Shares @ Market to Open,--,"06/12/2026, 9:40:16 AM",900001001
CRDO,Filled,25 @ 25.178,Buy 25 Shares @ Market to Open,--,"06/12/2026, 9:39:17 AM",900001001
GDMN,Filled,1000 @ 7.921,Buy 1000 Shares @ Market to Open,--,"06/12/2026, 9:36:24 AM",900001001
SPMO,Filled,300 @ 15.044,Buy 300 Shares @ 15.061 Limit to Open,--,"06/12/2026, 9:33:14 AM",900001001
SPMO,Canceled,--,Buy 300 Shares @ 15.012 Limit to Open,--,"06/12/2026, 9:33:14 AM",900001001
SPMO,Canceled,--,Buy 150 Shares @ 15.007 Limit EXT to Open,--,"06/12/2026, 9:32:17 AM",900001001
SPMO,Canceled,--,Buy 75 Shares @ 15.007 Limit EXT to Open,--,"06/12/2026, 9:32:00 AM",900001003
PM,Filled,5 @ 18.1,Buy 5 Shares @ Market to Open,--,"06/12/2026, 9:30:12 AM",900001001
MDLZ,Filled,15 @ 6.332,Buy 15 Shares @ Market to Open,--,"06/12/2026, 9:30:12 AM",900001001
MDLZ,Filled,15 @ 6.332,Buy 15 Shares @ Market to Open,--,"06/12/2026, 9:30:02 AM",900001003
SPCX,Canceled,--,Buy 75 Shares @ 16.789 Limit to Open,--,"06/12/2026, 8:12:25 AM",900001001
GM,Filled,100 @ 8.085,Sell 100 Shares @ Market CLO to Close,--,"06/11/2026, 4:00:03 PM",900001001
DDOG,Filled,10 @ 23.424,Sell 10 Shares @ Market CLO to Close,--,"06/11/2026, 4:00:03 PM",900001001
LITE,Filled,1 @ 88.959,Sell 1 Share @ Market CLO to Close,--,"06/11/2026, 4:00:03 PM",900001003
CLS,Filled,5 @ 38.586,Sell 5 Shares @ Market CLO to Close,--,"06/11/2026, 4:00:03 PM",900001003
AMZN,Filled,30 @ 24.151,Sell 30 Shares @ Market CLO to Close,--,"06/11/2026, 4:00:02 PM",900001001
AMZN,Filled,15 @ 24.151,Sell 15 Shares @ Market CLO to Close,--,"06/11/2026, 4:00:02 PM",900001001
CRWD,Filled,7 @ 69.153,Sell 7 Shares @ Market CLO to Close,--,"06/11/2026, 4:00:02 PM",900001001
SLV,Filled,25 @ 6.082,Sell 25 Shares @ Market CLO to Close,--,"06/11/2026, 4:00:02 PM",900001003
SLV,Filled,39 @ 6.082,Sell 39 Shares @ Market CLO to Close,--,"06/11/2026, 4:00:01 PM",900001003
GDE,Filled,10 @ 6.315,Sell 10 Shares @ Market CLO to Close,--,"06/11/2026, 4:00:01 PM",900001003
SHLD,Filled,50 @ 6.515,Sell 50 Shares @ Market CLO to Close,--,"06/11/2026, 4:00:01 PM",900001003
LITE,Filled,1 @ 87.668,Sell 1 Share @ Market to Close,--,"06/11/2026, 3:00:24 PM",900001003
USO,Filled,50 @ 13.099,Buy 50 Shares @ Market to Open,--,"06/11/2026, 2:57:21 PM",900001001
BTG,Filled,4154 @ 0.408,Sell 4154 Shares @ Market to Close,--,"06/11/2026, 2:50:59 PM",900001001
BTG,Filled,1000 @ 0.409,Buy 1000 Shares @ Market to Open,--,"06/11/2026, 2:48:23 PM",900001001
ASML,Filled,3 @ 185.745,Sell 3 Shares @ Market to Close,--,"06/11/2026, 2:42:48 PM",900001001
PSUS,Filled,120 @ 3.735,Buy 120 Shares @ Market to Open,--,"06/11/2026, 2:40:56 PM",900001001
GDMN,Filled,125 @ 7.694,Buy 125 Shares @ Market to Open,--,"06/11/2026, 2:40:21 PM",900001001
HHH,Canceled,--,Buy 30 Shares @ Market CLO to Open,--,"06/11/2026, 2:39:17 PM",900001001
MSFT,Canceled,--,Buy 10 Shares @ Market CLO to Open,--,"06/11/2026, 2:37:52 PM",900001001
MSFT,Filled,10 @ 38.801,Buy 10 Shares @ Market to Open,--,"06/11/2026, 2:37:51 PM",900001001
MSFT,Canceled,--,Buy 10 Shares @ Market CLO to Open,--,"06/11/2026, 2:37:36 PM",900001001
MSFT,Filled,10 @ 38.804,Buy 10 Shares @ Market to Open,--,"06/11/2026, 2:37:35 PM",900001001
UNFI,Canceled,--,Sell 100 Shares @ Market CLO to Close,--,"06/11/2026, 1:03:14 PM",900001001
UNFI,Canceled,--,Sell 40 Shares @ Market CLO to Close,--,"06/11/2026, 1:03:00 PM",900001001
COPX,Canceled,--,Sell 25 Shares @ Market CLO to Close,--,"06/11/2026, 1:02:08 PM",900001001
COPX,Filled,25 @ 8.004,Sell 25 Shares @ Market to Close,--,"06/11/2026, 1:02:07 PM",900001001
GDMN,Filled,45 @ 7.419,Sell 45 Shares @ Market to Close,--,"06/11/2026, 1:01:52 PM",900001001
GDMN,Canceled,--,Sell 45 Shares @ Market CLO to Close,--,"06/11/2026, 1:01:52 PM",900001001
BLOX,Filled,225 @ 1.575,Sell 225 Shares @ Market to Close,--,"06/11/2026, 1:01:34 PM",900001001
BLOX,Canceled,--,Sell 225 Shares @ Market CLO to Close,--,"06/11/2026, 1:01:34 PM",900001001
TIGO,Canceled,--,Sell 25 Shares @ Market CLO to Close,--,"06/11/2026, 1:00:51 PM",900001001
TIGO,Filled,25 @ 9.174,Sell 25 Shares @ Market to Close,--,"06/11/2026, 1:00:50 PM",900001001
SSRM,Canceled,--,Sell 75 Shares @ Market CLO to Close,--,"06/11/2026, 1:00:16 PM",900001001
SSRM,Filled,75 @ 2.525,Sell 75 Shares @ Market to Close,--,"06/11/2026, 1:00:15 PM",900001001
BLBD,Filled,15 @ 7.036,Sell 15 Shares @ Market to Close,--,"06/11/2026, 12:59:51 PM",900001001
BLBD,Canceled,--,Sell 15 Shares @ Market CLO to Close,--,"06/11/2026, 12:59:51 PM",900001001
URA,Canceled,--,Sell 50 Shares @ Market CLO to Close,--,"06/11/2026, 12:59:17 PM",900001001
URA,Filled,50 @ 4.33,Sell 50 Shares @ Market to Close,--,"06/11/2026, 12:59:16 PM",900001001
GOOG,Canceled,--,Sell 7 Shares @ 41.234 Limit GTC to Close,--,"06/11/2026, 12:58:07 PM",900001001
MSFT,Canceled,--,Sell 61 Shares @ 44.321 Limit GTC to Close,--,"06/11/2026, 12:57:50 PM",900001001
FN,Canceled,--,Sell 3 Shares @ 76.543 Limit GTC to Close,--,"06/11/2026, 12:57:31 PM",900001001
FN,Filled,3 @ 57.894,Sell 3 Shares @ Market to Close,--,"06/11/2026, 12:57:30 PM",900001001
MTZ,Filled,15 @ 34.744,Sell 15 Shares @ Market to Close,--,"06/11/2026, 12:56:25 PM",900001001
MTZ,Canceled,--,Sell 15 Shares @ Market CLO to Close,--,"06/11/2026, 12:56:25 PM",900001001
EZPW,Canceled,--,Sell 250 Shares @ Market CLO to Close,--,"06/11/2026, 12:54:57 PM",900001001
THG,Filled,50 @ 19.83,Buy 50 Shares @ Market to Open,--,"06/11/2026, 12:39:33 PM",900001001
THG,Filled,50 @ 19.808,Buy 50 Shares @ Market to Open,--,"06/11/2026, 12:33:44 PM",900001001
AMD,Filled,10 @ 46.455,Sell 10 Shares @ Market to Close,--,"06/11/2026, 12:30:03 PM",900001001
CEG,Canceled,--,Sell 10 Shares @ Market CLO to Close,--,"06/11/2026, 12:29:33 PM",900001001
CEG,Filled,10 @ 24.496,Sell 10 Shares @ Market to Close,--,"06/11/2026, 12:29:32 PM",900001001
MXL,Canceled,--,Sell 49 Shares @ Market CLO to Close,--,"06/11/2026, 12:28:40 PM",900001001
MXL,Filled,49 @ 7.693,Sell 49 Shares @ Market to Close,--,"06/11/2026, 12:28:39 PM",900001001
MXL,Canceled,--,Sell 100 Shares @ Market CLO to Close,--,"06/11/2026, 12:28:24 PM",900001001
MXL,Filled,100 @ 7.687,Sell 100 Shares @ Market to Close,--,"06/11/2026, 12:28:23 PM",900001001
FN,Filled,5 @ 58.445,Buy 5 Shares @ Market to Open,--,"06/11/2026, 12:22:35 PM",900001001
INDV,Filled,100 @ 3.877,Buy 100 Shares @ Market to Open,--,"06/11/2026, 12:21:55 PM",900001001
URA,Filled,50 @ 4.339,Sell 50 Shares @ Market to Close,--,"06/11/2026, 12:21:02 PM",900001001
GOOG,Filled,5 @ 34.67,Buy 5 Shares @ Market to Open,--,"06/11/2026, 12:17:38 PM",900001001
USAR,Filled,200 @ 2.149,Buy 200 Shares @ Market to Open,--,"06/11/2026, 12:16:22 PM",900001001
APP,Filled,7 @ 49.052,Buy 7 Shares @ Market to Open,--,"06/11/2026, 12:13:48 PM",900001001
CRWD,Filled,7 @ 68.886,Buy 7 Shares @ Market to Open,--,"06/11/2026, 12:13:23 PM",900001001
AGX,Filled,7 @ 60.999,Sell 7 Shares @ 60.999 Limit to Close,--,"06/11/2026, 11:13:49 AM",900001001
MKOR,Filled,60 @ 6.188,Sell 60 Shares @ Market to Close,--,"06/11/2026, 10:59:29 AM",900001001
DY,Filled,7 @ 45.416,Sell 7 Shares @ Market to Close,--,"06/11/2026, 10:58:44 AM",900001001
SNDK,Filled,5 @ 171.874,Sell 5 Shares @ Market to Close,--,"06/11/2026, 10:57:39 AM",900001001
SHLD,Filled,35 @ 6.384,Sell 35 Shares @ Market to Close,--,"06/11/2026, 10:56:45 AM",900001001
GDE,Filled,20 @ 6.056,Sell 20 Shares @ Market to Close,--,"06/11/2026, 10:53:02 AM",900001001
PSIX,Filled,77 @ 4.069,Sell 77 Shares @ Market to Close,--,"06/11/2026, 10:52:37 AM",900001001
PSIX,Filled,40 @ 4.069,Sell 40 Shares @ Market to Close,--,"06/11/2026, 10:52:07 AM",900001001
SLV,Filled,75 @ 5.791,Sell 75 Shares @ Market to Close,--,"06/11/2026, 10:51:38 AM",900001001
TIGO,Filled,50 @ 9.233,Sell 50 Shares @ Market to Close,--,"06/11/2026, 10:49:18 AM",900001001
NVDA,Filled,15 @ 20.205,Sell 15 Shares @ Market to Close,--,"06/11/2026, 10:46:28 AM",900001001
PSUS,Filled,100 @ 3.763,Buy 100 Shares @ Market to Open,--,"06/11/2026, 10:45:23 AM",900001001
MYRG,Filled,7 @ 42.054,Sell 7 Shares @ Market to Close,--,"06/11/2026, 10:44:03 AM",900001001
MTZ,Filled,7 @ 35.112,Buy 7 Shares @ Market to Open,--,"06/11/2026, 10:42:42 AM",900001001
ICHR,Filled,10 @ 7.556,Sell 10 Shares @ Market to Close,--,"06/11/2026, 10:42:06 AM",900001001
SMCI,Filled,75 @ 2.938,Sell 75 Shares @ Market to Close,--,"06/11/2026, 10:41:34 AM",900001001
CNC,Filled,30 @ 6.398,Buy 30 Shares @ Market to Open,--,"06/11/2026, 10:41:06 AM",900001001
PBR,Filled,150 @ 1.839,Buy 150 Shares @ Market to Open,--,"06/11/2026, 10:40:15 AM",900001001
APP,Filled,3 @ 48.479,Sell 3 Shares @ Market to Close,--,"06/11/2026, 10:39:46 AM",900001001
CRWD,Filled,3 @ 67.182,Sell 3 Shares @ Market to Close,--,"06/11/2026, 10:39:18 AM",900001001
DRH,Filled,400 @ 1.189,Sell 400 Shares @ Market to Close,--,"06/11/2026, 10:38:01 AM",900001001
DRH,Canceled,--,Sell 400 Shares @ 1.234 Limit GTC to Close,--,"06/11/2026, 10:38:01 AM",900001001
JAZZ,Canceled,--,Buy 15 Shares @ 22.901 Limit to Open,--,"06/11/2026, 10:37:14 AM",900001001
NUKZ,Canceled,--,Sell 25 Shares @ Market CLO to Close,--,"06/11/2026, 10:36:13 AM",900001001
NUKZ,Filled,25 @ 6.567,Sell 25 Shares @ Market to Close,--,"06/11/2026, 10:36:12 AM",900001001
PLTR,Filled,20 @ 12.967,Sell 20 Shares @ Market to Close,--,"06/11/2026, 10:35:42 AM",900001001
PLTR,Canceled,--,Sell 20 Shares @ 13.099 Limit GTC to Close,--,"06/11/2026, 10:35:42 AM",900001001
GOOG,Filled,25 @ 34.437,Sell 25 Shares @ Market to Close,--,"06/11/2026, 10:34:31 AM",900001001
GOOG,Canceled,--,Sell 25 Shares @ 34.678 Limit to Close,--,"06/11/2026, 10:34:31 AM",900001001
CSTM,Filled,100 @ 3.341,Sell 100 Shares @ Market to Close,--,"06/11/2026, 10:34:03 AM",900001001
CSTM,Canceled,--,Sell 100 Shares @ 3.355 Limit to Close,--,"06/11/2026, 10:34:02 AM",900001001
SIVR,Filled,35 @ 6.088,Sell 35 Shares @ Market to Close,--,"06/11/2026, 10:33:33 AM",900001001
SIVR,Canceled,--,Sell 35 Shares @ Market CLO to Close,--,"06/11/2026, 10:33:32 AM",900001001
AVGO,Filled,5 @ 37.679,Sell 5 Shares @ Market to Close,--,"06/11/2026, 10:32:22 AM",900001001
IREN,Filled,50 @ 5.31,Sell 50 Shares @ Market to Close,--,"06/11/2026, 10:32:03 AM",900001001
COHR,Filled,5 @ 36.274,Sell 5 Shares @ Market to Close,--,"06/11/2026, 10:31:44 AM",900001001
SBLK,Filled,100 @ 2.718,Sell 100 Shares @ Market to Close,--,"06/11/2026, 10:31:20 AM",900001001
TSLA,Filled,10 @ 38.803,Sell 10 Shares @ Market to Close,--,"06/11/2026, 10:25:34 AM",900001001
CRDO,Filled,30 @ 26.345,Sell 30 Shares @ 26.345 Limit to Close,--,"06/11/2026, 10:22:55 AM",900001001
TSM,Filled,20 @ 41.7,Sell 20 Shares @ Market to Close,--,"06/11/2026, 10:21:42 AM",900001001
ARKX,Filled,200 @ 3.326,Sell 200 Shares @ Market to Close,--,"06/11/2026, 10:21:22 AM",900001001
COPX,Filled,75 @ 7.961,Sell 75 Shares @ Market to Close,--,"06/11/2026, 10:20:27 AM",900001001
TWLO,Filled,55 @ 20.269,Sell 55 Shares @ Market to Close,--,"06/11/2026, 10:19:52 AM",900001001
XOM,Filled,25 @ 15.135,Buy 25 Shares @ Market to Open,--,"06/11/2026, 10:19:19 AM",900001001
SNDK,Filled,5 @ 173.907,Sell 5 Shares @ Market to Close,--,"06/11/2026, 10:18:40 AM",900001001
PPLT,Filled,300 @ 1.515,Sell 300 Shares @ Market to Close,--,"06/11/2026, 10:18:15 AM",900001001
TTMI,Filled,25 @ 17.929,Sell 25 Shares @ Market to Close,--,"06/11/2026, 10:17:52 AM",900001001
AUGO,Filled,35 @ 5.32,Sell 35 Shares @ 5.3 Limit to Close,--,"06/11/2026, 10:17:34 AM",900001001
EPR,Filled,75 @ 6.005,Buy 75 Shares @ Market to Open,--,"06/11/2026, 10:16:30 AM",900001001
ASML,Filled,5 @ 180.821,Sell 5 Shares @ Market to Close,--,"06/11/2026, 10:15:41 AM",900001001
USO,Filled,15 @ 13.378,Buy 15 Shares @ Market to Open,--,"06/11/2026, 10:13:48 AM",900001001
DRH,Filled,300 @ 1.191,Sell 300 Shares @ Market to Close,--,"06/11/2026, 10:12:20 AM",900001001
TSLA,Filled,42 @ 38.744,Sell 42 Shares @ Market to Close,--,"06/11/2026, 10:11:42 AM",900001001
EZPW,Filled,175 @ 2.931,Sell 175 Shares @ Market to Close,--,"06/11/2026, 10:09:24 AM",900001001
IWM,Filled,5 @ 28.662,Sell 5 Shares @ Market to Close,--,"06/11/2026, 9:55:26 AM",900001001
AMZN,Filled,15 @ 23.771,Buy 15 Shares @ Market to Open,--,"06/11/2026, 9:54:32 AM",900001001
BE,Filled,15 @ 24.75,Sell 15 Shares @ Market to Close,--,"06/11/2026, 9:53:31 AM",900001001
CLS,Filled,10 @ 37.216,Sell 10 Shares @ Market to Close,--,"06/11/2026, 9:52:09 AM",900001001
IAUM,Filled,50 @ 4.076,Sell 50 Shares @ Market to Close,--,"06/11/2026, 9:51:45 AM",900001001
CRM,Filled,25 @ 16.84,Buy 25 Shares @ Market to Open,--,"06/11/2026, 9:51:14 AM",900001001
RTX,Filled,20 @ 18.006,Sell 20 Shares @ Market to Close,--,"06/11/2026, 9:50:44 AM",900001001
STRL,Filled,10 @ 81.456,Sell 10 Shares @ 81.456 Limit to Close,--,"06/11/2026, 9:50:16 AM",900001001
EZPW,Filled,150 @ 2.956,Buy 150 Shares @ Market to Open,--,"06/11/2026, 9:49:19 AM",900001001
PSUS,Filled,125 @ 3.762,Buy 125 Shares @ Market to Open,--,"06/11/2026, 9:48:52 AM",900001001
THG,Filled,70 @ 19.826,Sell 70 Shares @ Market to Close,--,"06/11/2026, 9:48:26 AM",900001001
TSLA,Filled,20 @ 38.473,Buy 20 Shares @ Market to Open,--,"06/11/2026, 9:47:32 AM",900001001
DRH,Filled,700 @ 1.185,Sell 700 Shares @ Market to Close,--,"06/11/2026, 9:47:06 AM",900001001
GM,Filled,255 @ 7.934,Sell 255 Shares @ Market to Close,--,"06/11/2026, 9:46:27 AM",900001001
NEXA,Filled,1000 @ 1.222,Sell 1000 Shares @ Market to Close,--,"06/11/2026, 9:45:33 AM",900001001
CNC,Filled,50 @ 6.473,Sell 50 Shares @ Market to Close,--,"06/11/2026, 9:44:52 AM",900001001
GOOG,Filled,30 @ 34.515,Sell 30 Shares @ Market to Close,--,"06/11/2026, 9:44:25 AM",900001001
XOM,Filled,130 @ 15.127,Sell 130 Shares @ Market to Close,--,"06/11/2026, 9:43:39 AM",900001001
USAR,Filled,500 @ 2.059,Sell 500 Shares @ Market to Close,--,"06/11/2026, 9:42:45 AM",900001001
AEM,Filled,20 @ 15.115,Sell 20 Shares @ Market to Close,--,"06/11/2026, 9:41:52 AM",900001001
DDOG,Filled,20 @ 22.589,Sell 20 Shares @ Market to Close,--,"06/11/2026, 9:41:13 AM",900001001
IREN,Filled,85 @ 5.086,Sell 85 Shares @ Market to Close,--,"06/11/2026, 9:40:38 AM",900001001
UNH,Filled,30 @ 40.421,Sell 30 Shares @ Market to Close,--,"06/11/2026, 9:39:58 AM",900001001
COHR,Filled,15 @ 35.128,Sell 15 Shares @ Market to Close,--,"06/11/2026, 9:39:19 AM",900001001
NBIS,Filled,35 @ 20.85,Sell 35 Shares @ Market to Close,--,"06/11/2026, 9:38:36 AM",900001001
APP,Filled,7 @ 48.056,Sell 7 Shares @ Market to Close,--,"06/11/2026, 9:37:56 AM",900001001
VRT,Filled,15 @ 28.531,Sell 15 Shares @ Market to Close,--,"06/11/2026, 9:37:23 AM",900001001
MYRG,Filled,7 @ 41.924,Buy 7 Shares @ Market to Open,--,"06/11/2026, 9:36:20 AM",900001001
EZPW,Filled,150 @ 2.986,Buy 150 Shares @ Market to Open,--,"06/11/2026, 9:34:03 AM",900001001
REMX,Filled,25 @ 8.872,Buy 25 Shares @ Market to Open,--,"06/11/2026, 9:33:05 AM",900001001
ARE,Filled,100 @ 5.254,Buy 100 Shares @ Market to Open,--,"06/11/2026, 9:31:35 AM",900001001
TTMI,Filled,25 @ 17.456,Buy 25 Shares @ 17.456 Limit to Open,--,"06/11/2026, 9:30:33 AM",900001001
FN,Filled,5 @ 59.389,Buy 5 Shares @ Market to Open,--,"06/11/2026, 9:30:26 AM",900001001
COHR,Filled,10 @ 35.661,Buy 10 Shares @ Market to Open,--,"06/11/2026, 9:30:22 AM",900001001
BLOX,Filled,200 @ 1.541,Buy 200 Shares @ 1.555 Limit to Open,--,"06/11/2026, 9:30:17 AM",900001001
ICHR,Filled,60 @ 7.461,Buy 60 Shares @ Market to Open,--,"06/11/2026, 9:30:17 AM",900001001
NBIS,Filled,15 @ 20.539,Buy 15 Shares @ 21.012 Limit to Open,--,"06/11/2026, 9:30:16 AM",900001001
PSIX,Filled,75 @ 3.881,Buy 75 Shares @ Market to Open,--,"06/11/2026, 9:30:10 AM",900001001
SNDK,Filled,3 @ 167.251,Buy 3 Shares @ Market to Open,--,"06/11/2026, 9:30:10 AM",900001001
ARKX,Filled,300 @ 3.303,Buy 300 Shares @ Market to Open,--,"06/11/2026, 9:30:05 AM",900001001
SMCI,Filled,75 @ 2.933,Buy 75 Shares @ Market to Open,--,"06/11/2026, 9:30:04 AM",900001001
PINE,Filled,200 @ 2.021,Buy 200 Shares @ Market CLO to Open,--,"06/10/2026, 4:00:05 PM",900001001
AEM,Filled,25 @ 15.248,Buy 25 Shares @ Market CLO to Open,--,"06/10/2026, 4:00:04 PM",900001001
AMZN,Filled,30 @ 23.8,Buy 30 Shares @ Market CLO to Open,--,"06/10/2026, 4:00:03 PM",900001001
MU,Filled,3 @ 89.188,Sell 3 Shares @ Market CLO to Close,--,"06/10/2026, 4:00:03 PM",900001003
LITE,Filled,5 @ 85.326,Sell 5 Shares @ Market CLO to Close,--,"06/10/2026, 4:00:03 PM",900001003
LITE,Filled,1 @ 85.326,Sell 1 Share @ Market CLO to Close,--,"06/10/2026, 4:00:03 PM",900001003
LITE,Filled,2 @ 85.326,Sell 2 Shares @ Market CLO to Close,--,"06/10/2026, 4:00:03 PM",900001003
EZPW,Filled,175 @ 2.904,Buy 175 Shares @ Market CLO to Open,--,"06/10/2026, 4:00:02 PM",900001001
GDMN,Filled,45 @ 7.265,Buy 45 Shares @ Market CLO to Open,--,"06/10/2026, 4:00:01 PM",900001001
UNFI,Canceled,--,Sell 100 Shares @ Market CLO to Close,--,"06/10/2026, 2:41:40 PM",900001001
PSUS,Filled,125 @ 3.774,Buy 125 Shares @ Market to Open,--,"06/10/2026, 2:27:47 PM",900001001
GOOG,Filled,25 @ 35.426,Buy 25 Shares @ Market to Open,--,"06/10/2026, 2:27:03 PM",900001001
GM,Filled,150 @ 8.013,Buy 150 Shares @ Market to Open,--,"06/10/2026, 2:26:13 PM",900001001
GM,Canceled,--,Buy 150 Shares @ Market CLO to Open,--,"06/10/2026, 2:26:12 PM",900001001
CNC,Filled,50 @ 6.541,Buy 50 Shares @ Market to Open,--,"06/10/2026, 2:25:14 PM",900001001
FMX,Filled,25 @ 12.288,Buy 25 Shares @ Market to Open,--,"06/10/2026, 2:23:02 PM",900001001
TSLA,Filled,10 @ 38.364,Buy 10 Shares @ Market to Open,--,"06/10/2026, 2:22:32 PM",900001001
BE,Filled,15 @ 23.668,Buy 15 Shares @ Market to Open,--,"06/10/2026, 2:20:32 PM",900001001
APP,Filled,5 @ 50.154,Buy 5 Shares @ Market to Open,--,"06/10/2026, 2:18:24 PM",900001001
PINE,Canceled,--,Buy 400 Shares @ 1.999 Limit to Open,--,"06/10/2026, 2:17:16 PM",900001001
THG,Filled,20 @ 19.612,Sell 20 Shares @ Market to Close,--,"06/10/2026, 2:14:44 PM",900001001
CVSA,Canceled,--,Sell 50 Shares @ 13.055 Limit to Close,--,"06/10/2026, 2:14:00 PM",900001001
CVSA,Filled,50 @ 12.953,Sell 50 Shares @ Market to Close,--,"06/10/2026, 2:13:59 PM",900001001
PARR,Filled,40 @ 5.791,Sell 40 Shares @ Market to Close,--,"06/10/2026, 2:13:01 PM",900001001
PARR,Canceled,--,Sell 40 Shares @ 5.999 Limit GTC to Close,--,"06/10/2026, 2:13:01 PM",900001001
PARR,Filled,56 @ 5.785,Sell 56 Shares @ Market to Close,--,"06/10/2026, 2:12:20 PM",900001001
PARR,Filled,1 @ 5.788,Sell 1 Share @ Market to Close,--,"06/10/2026, 2:11:43 PM",900001001
CRDO,Filled,1 @ 24.328,Sell 1 Share @ Market to Close,--,"06/10/2026, 1:32:00 PM",900001001
INCY,Filled,1 @ 10.661,Sell 1 Share @ Market to Close,--,"06/10/2026, 11:18:35 AM",900001001
INCY,Filled,75 @ 10.664,Sell 75 Shares @ Market to Close,--,"06/10/2026, 11:18:00 AM",900001001
ASML,Filled,1 @ 174.195,Sell 1 Share @ Market to Close,--,"06/10/2026, 11:16:25 AM",900001001
ASML,Canceled,--,Sell 1 Share @ Market CLO to Close,--,"06/10/2026, 11:16:25 AM",900001001
COHR,Canceled,--,Sell 15 Shares @ Market CLO to Close,--,"06/10/2026, 10:57:44 AM",900001001
COHR,Filled,15 @ 36.04,Sell 15 Shares @ Market to Close,--,"06/10/2026, 10:57:42 AM",900001001
CRWD,Filled,12 @ 65.373,Sell 12 Shares @ Market to Close,--,"06/10/2026, 10:56:54 AM",900001001
DDOG,Filled,10 @ 22.895,Sell 10 Shares @ Market to Close,--,"06/10/2026, 10:55:56 AM",900001001
DDOG,Canceled,--,Sell 10 Shares @ Market CLO to Close,--,"06/10/2026, 10:55:55 AM",900001001
GM,Canceled,--,Buy 75 Shares @ Market CLO to Open,--,"06/10/2026, 10:53:51 AM",900001001
DRH,Filled,500 @ 1.185,Buy 500 Shares @ Market to Open,--,"06/10/2026, 10:47:22 AM",900001001
TIGO,Filled,75 @ 8.961,Buy 75 Shares @ Market to Open,--,"06/10/2026, 10:46:50 AM",900001001
UNH,Filled,25 @ 40.815,Buy 25 Shares @ Market to Open,--,"06/10/2026, 10:45:37 AM",900001001
MRK,Filled,50 @ 11.892,Buy 50 Shares @ Market to Open,--,"06/10/2026, 10:44:59 AM",900001001
ARE,Filled,175 @ 5.347,Buy 175 Shares @ Market to Open,--,"06/10/2026, 10:44:14 AM",900001001
BRK.B,Filled,10 @ 48.953,Buy 10 Shares @ Market to Open,--,"06/10/2026, 10:43:51 AM",900001001
XOM,Filled,50 @ 15.102,Buy 50 Shares @ Market to Open,--,"06/10/2026, 10:43:17 AM",900001001
THG,Filled,25 @ 19.66,Buy 25 Shares @ Market to Open,--,"06/10/2026, 10:42:48 AM",900001001
AMZN,Filled,30 @ 24.093,Buy 30 Shares @ Market to Open,--,"06/10/2026, 10:40:12 AM",900001001
ASML,Filled,5 @ 180.774,Buy 5 Shares @ Market to Open,--,"06/10/2026, 10:36:52 AM",900001001
UNFI,Filled,100 @ 4.848,Buy 100 Shares @ Market to Open,--,"06/10/2026, 10:35:41 AM",900001001
LITE,Filled,5 @ 87.742,Sell 5 Shares @ Market to Close,--,"06/10/2026, 10:34:04 AM",900001001
ICHR,Canceled,--,Sell 60 Shares @ Market CLO to Close,--,"06/10/2026, 10:32:48 AM",900001001
ICHR,Filled,60 @ 7.979,Sell 60 Shares @ Market to Close,--,"06/10/2026, 10:32:47 AM",900001001
MXL,Filled,21 @ 7.425,Sell 21 Shares @ Market to Close,--,"06/10/2026, 10:32:19 AM",900001001
CRDO,Filled,30 @ 25.91,Buy 30 Shares @ Market to Open,--,"06/10/2026, 10:29:39 AM",900001001
INCY,Filled,75 @ 10.855,Buy 75 Shares @ Market to Open,--,"06/10/2026, 10:28:02 AM",900001001
SNDK,Filled,5 @ 174.659,Buy 5 Shares @ Market to Open,--,"06/10/2026, 10:27:21 AM",900001001
PINE,Filled,1000 @ 1.996,Buy 1000 Shares @ Market to Open,--,"06/10/2026, 10:26:27 AM",900001001
UNFI,Filled,70 @ 4.812,Sell 70 Shares @ Market to Close,--,"06/10/2026, 10:23:09 AM",900001001
ETH,Filled,175 @ 1.571,Sell 175 Shares @ Market to Close,--,"06/10/2026, 10:03:56 AM",900001003
CLS,Filled,15 @ 37.433,Sell 15 Shares @ Market to Close,--,"06/10/2026, 10:03:19 AM",900001003
AGX,Filled,10 @ 60.841,Sell 10 Shares @ Market to Close,--,"06/10/2026, 10:02:06 AM",900001003
TTMI,Filled,25 @ 18.647,Buy 25 Shares @ Market to Open,--,"06/10/2026, 9:50:24 AM",900001001
ASML,Filled,5 @ 179.931,Buy 5 Shares @ Market to Open,--,"06/10/2026, 9:49:34 AM",900001001
TIGO,Filled,25 @ 8.726,Sell 25 Shares @ Market to Close,--,"06/10/2026, 9:47:32 AM",900001001
TTMI,Filled,15 @ 17.962,Sell 15 Shares @ Market to Close,--,"06/10/2026, 9:37:11 AM",900001001
INDV,Filled,50 @ 3.823,Buy 50 Shares @ Market to Open,--,"06/10/2026, 9:36:44 AM",900001001
PBR,Filled,125 @ 1.793,Buy 125 Shares @ Market to Open,--,"06/10/2026, 9:36:07 AM",900001001
FN,Filled,7 @ 59.049,Sell 7 Shares @ Market to Close,--,"06/10/2026, 9:35:39 AM",900001001
NLCP,Filled,200 @ 1.509,Sell 200 Shares @ Market to Close,--,"06/10/2026, 9:34:56 AM",900001001
CRDO,Filled,4 @ 24.163,Sell 4 Shares @ Market to Close,--,"06/10/2026, 9:34:33 AM",900001001
LITE,Filled,15 @ 84.485,Sell 15 Shares @ Market to Close,--,"06/10/2026, 9:34:17 AM",900001001
CCL,Filled,150 @ 2.712,Sell 150 Shares @ Market to Close,--,"06/10/2026, 9:33:34 AM",900001001
AVGO,Filled,10 @ 38.056,Sell 10 Shares @ Market to Close,--,"06/10/2026, 9:33:12 AM",900001001
APP,Filled,9 @ 50.093,Sell 9 Shares @ Market to Close,--,"06/10/2026, 9:32:50 AM",900001001
XOM,Filled,75 @ 15.076,Buy 75 Shares @ Market to Open,--,"06/10/2026, 9:30:55 AM",900001001
PLTR,Filled,250 @ 12.931,Sell 250 Shares @ Market to Close,--,"06/10/2026, 9:30:33 AM",900001001
GOOG,Filled,41 @ 36.131,Sell 41 Shares @ Market to Close,--,"06/10/2026, 9:30:30 AM",900001001
CDE,Filled,300 @ 1.55,Sell 300 Shares @ Market to Close,--,"06/10/2026, 9:30:28 AM",900001001
RTX,Filled,20 @ 18.24,Buy 20 Shares @ Market to Open,--,"06/10/2026, 9:30:26 AM",900001001
DY,Filled,15 @ 45.458,Sell 15 Shares @ Market to Close,--,"06/10/2026, 9:30:25 AM",900001001
UBER,Filled,75 @ 6.97,Sell 75 Shares @ Market to Close,--,"06/10/2026, 9:30:24 AM",900001001
CEG,Filled,40 @ 25.046,Sell 40 Shares @ Market to Close,--,"06/10/2026, 9:30:21 AM",900001001
DRH,Filled,300 @ 1.172,Buy 300 Shares @ Market to Open,--,"06/10/2026, 9:30:21 AM",900001001
PINE,Filled,400 @ 1.985,Buy 400 Shares @ Market to Open,--,"06/10/2026, 9:30:21 AM",900001001
SMCI,Filled,95 @ 3.555,Sell 95 Shares @ Market to Close,--,"06/10/2026, 9:30:20 AM",900001001
LITE,Filled,13 @ 83.296,Sell 13 Shares @ Market to Close,--,"06/10/2026, 9:30:19 AM",900001001
USAR,Filled,511 @ 2.095,Sell 511 Shares @ Market to Close,--,"06/10/2026, 9:30:19 AM",900001001
MSFT,Filled,61 @ 39.8,Sell 61 Shares @ Market to Close,--,"06/10/2026, 9:30:17 AM",900001001
ET,Filled,250 @ 1.912,Buy 250 Shares @ Market to Open,--,"06/10/2026, 9:30:16 AM",900001001
NVDA,Filled,40 @ 20.444,Sell 40 Shares @ Market to Close,--,"06/10/2026, 9:30:08 AM",900001001
PARR,Filled,60 @ 5.623,Buy 60 Shares @ Market to Open,--,"06/10/2026, 9:30:08 AM",900001001
MXL,Filled,51 @ 7.042,Sell 51 Shares @ Market to Close,--,"06/10/2026, 9:30:08 AM",900001001
IAUM,Filled,145 @ 4.135,Sell 145 Shares @ Market to Close,--,"06/10/2026, 9:30:08 AM",900001001
TSLA,Filled,10 @ 39.111,Buy 10 Shares @ Market to Open,--,"06/10/2026, 9:30:06 AM",900001001
SLV,Filled,91 @ 5.82,Sell 91 Shares @ Market to Close,--,"06/10/2026, 9:30:06 AM",900001001
STRL,Filled,20 @ 83.901,Sell 20 Shares @ Market to Close,--,"06/10/2026, 9:30:05 AM",900001001
CRWV,Filled,55 @ 9.539,Sell 55 Shares @ Market to Close,--,"06/10/2026, 9:30:04 AM",900001001
GDE,Filled,110 @ 6.202,Sell 110 Shares @ Market to Close,--,"06/10/2026, 9:30:01 AM",900001001
EPR,Filled,100 @ 5.902,Sell 100 Shares @ Market CLO to Close,--,"06/09/2026, 4:00:04 PM",900001001
THG,Filled,35 @ 19.243,Sell 35 Shares @ Market CLO to Close,--,"06/09/2026, 4:00:04 PM",900001001
BE,Filled,21 @ 25.961,Sell 21 Shares @ Market CLO to Close,--,"06/09/2026, 4:00:04 PM",900001003
AMD,Filled,5 @ 47.55,Sell 5 Shares @ Market CLO to Close,--,"06/09/2026, 4:00:02 PM",900001001
MXL,Filled,50 @ 7.261,Sell 50 Shares @ Market CLO to Close,--,"06/09/2026, 4:00:02 PM",900001001
TTMI,Filled,25 @ 17.386,Sell 25 Shares @ Market CLO to Close,--,"06/09/2026, 4:00:01 PM",900001001
PSIX,Filled,75 @ 3.914,Sell 75 Shares @ Market CLO to Close,--,"06/09/2026, 4:00:01 PM",900001001
STRL,Filled,3 @ 84.201,Sell 3 Shares @ Market CLO to Close,--,"06/09/2026, 4:00:01 PM",900001001
CLS,Filled,10 @ 36.463,Sell 10 Shares @ Market to Close,--,"06/09/2026, 3:30:36 PM",900001001
URA,Filled,50 @ 4.378,Sell 50 Shares @ 4.374 Limit to Close,--,"06/09/2026, 3:30:15 PM",900001001
IREN,Filled,50 @ 5.395,Sell 50 Shares @ Market to Close,--,"06/09/2026, 3:29:40 PM",900001001
FN,Filled,5 @ 57.816,Sell 5 Shares @ Market to Close,--,"06/09/2026, 3:29:19 PM",900001001
SMCI,Filled,100 @ 4.01,Sell 100 Shares @ Market to Close,--,"06/09/2026, 3:28:59 PM",900001001
APP,Filled,5 @ 51.816,Sell 5 Shares @ Market to Close,--,"06/09/2026, 3:28:19 PM",900001001
COHR,Filled,7 @ 35.429,Sell 7 Shares @ Market to Close,--,"06/09/2026, 3:27:46 PM",900001001
LITE,Filled,3 @ 80.439,Buy 3 Shares @ Market to Open,--,"06/09/2026, 3:22:55 PM",900001001
UNFI,Filled,70 @ 4.584,Buy 70 Shares @ Market to Open,--,"06/09/2026, 1:23:57 PM",900001001
TSLA,Filled,10 @ 39.233,Buy 10 Shares @ Market to Open,--,"06/09/2026, 1:23:30 PM",900001001
CNC,Filled,50 @ 6.508,Buy 50 Shares @ Market to Open,--,"06/09/2026, 1:21:20 PM",900001001
BVN,Filled,150 @ 3.081,Buy 150 Shares @ Market to Open,--,"06/09/2026, 1:20:49 PM",900001001
INDV,Filled,75 @ 3.84,Buy 75 Shares @ Market to Open,--,"06/09/2026, 1:20:17 PM",900001001
ARE,Filled,50 @ 5.362,Buy 50 Shares @ Market to Open,--,"06/09/2026, 1:19:31 PM",900001001
COHR,Filled,15 @ 35.125,Buy 15 Shares @ Market to Open,--,"06/09/2026, 1:18:36 PM",900001001
PSIX,Filled,75 @ 3.789,Buy 75 Shares @ Market to Open,--,"06/09/2026, 1:18:14 PM",900001001
URA,Filled,50 @ 4.358,Buy 50 Shares @ Market to Open,--,"06/09/2026, 1:17:48 PM",900001001
IREN,Filled,60 @ 5.348,Buy 60 Shares @ Market to Open,--,"06/09/2026, 1:17:30 PM",900001001
TTMI,Filled,25 @ 16.913,Buy 25 Shares @ Market to Open,--,"06/09/2026, 1:17:05 PM",900001001
SOXX,Filled,7 @ 54.002,Buy 7 Shares @ Market to Open,--,"06/09/2026, 1:16:37 PM",900001001
FN,Filled,5 @ 56.684,Buy 5 Shares @ Market to Open,--,"06/09/2026, 1:16:18 PM",900001001
SIVR,Filled,35 @ 6.183,Buy 35 Shares @ Market to Open,--,"06/09/2026, 1:15:58 PM",900001001
MTZ,Filled,10 @ 34.545,Buy 10 Shares @ Market to Open,--,"06/09/2026, 1:15:37 PM",900001001
CRM,Filled,25 @ 17.36,Buy 25 Shares @ Market to Open,--,"06/09/2026, 1:15:10 PM",900001001
CRWV,Filled,25 @ 9.62,Buy 25 Shares @ Market to Open,--,"06/09/2026, 1:14:34 PM",900001001
VRT,Filled,10 @ 28.136,Buy 10 Shares @ Market to Open,--,"06/09/2026, 1:12:49 PM",900001001
AMD,Filled,5 @ 45.27,Buy 5 Shares @ Market to Open,--,"06/09/2026, 1:12:23 PM",900001001
APP,Filled,5 @ 50.967,Buy 5 Shares @ Market to Open,--,"06/09/2026, 1:12:04 PM",900001001
STRL,Filled,3 @ 81.387,Buy 3 Shares @ Market to Open,--,"06/09/2026, 1:11:41 PM",900001001
IREN,Filled,50 @ 5.303,Buy 50 Shares @ Market to Open,--,"06/09/2026, 1:11:19 PM",900001001
LITE,Filled,5 @ 80.171,Buy 5 Shares @ Market to Open,--,"06/09/2026, 1:10:58 PM",900001001
SMCI,Filled,100 @ 3.907,Buy 100 Shares @ Market to Open,--,"06/09/2026, 1:10:38 PM",900001001
MXL,Filled,50 @ 7.029,Buy 50 Shares @ Market to Open,--,"06/09/2026, 1:10:19 PM",900001001
COHR,Filled,7 @ 34.944,Buy 7 Shares @ Market to Open,--,"06/09/2026, 1:09:57 PM",900001001
CLS,Filled,10 @ 35.438,Buy 10 Shares @ Market to Open,--,"06/09/2026, 1:09:15 PM",900001001
AEM,Filled,35 @ 15.678,Buy 35 Shares @ 15.678 Limit GTC to Open,--,"06/09/2026, 12:09:18 PM",900001001
IAUM,Filled,50 @ 4.259,Buy 50 Shares @ Market to Open,--,"06/09/2026, 11:59:13 AM",900001001
USAR,Filled,100 @ 2.044,Buy 100 Shares @ Market to Open,--,"06/09/2026, 11:57:36 AM",900001001
BTG,Filled,5555 @ 0.4,Buy 5555 Shares @ Market to Open,--,"06/09/2026, 11:55:03 AM",900001001
HHH,Filled,50 @ 6.721,Sell 50 Shares @ Market to Close,--,"06/09/2026, 11:52:55 AM",900001001
HHH,Filled,20 @ 6.72,Sell 20 Shares @ Market to Close,--,"06/09/2026, 11:52:29 AM",900001001
HHH,Filled,30 @ 6.722,Sell 30 Shares @ Market to Close,--,"06/09/2026, 11:51:58 AM",900001001
ARE,Filled,40 @ 5.289,Sell 40 Shares @ Market to Close,--,"06/09/2026, 11:51:22 AM",900001001
GM,Filled,50 @ 8.181,Buy 50 Shares @ Market to Open,--,"06/09/2026, 11:49:46 AM",900001001
RTX,Filled,15 @ 18.01,Sell 15 Shares @ Market to Close,--,"06/09/2026, 11:48:16 AM",900001001
PINE,Filled,100 @ 1.977,Sell 100 Shares @ Market to Close,--,"06/09/2026, 11:47:37 AM",900001001
UNH,Filled,5 @ 40.887,Sell 5 Shares @ Market to Close,--,"06/09/2026, 11:46:41 AM",900001001
PSTL,Filled,100 @ 2.335,Sell 100 Shares @ Market to Close,--,"06/09/2026, 11:46:21 AM",900001001
DRH,Filled,200 @ 1.163,Buy 200 Shares @ Market to Open,--,"06/09/2026, 11:45:57 AM",900001001
PSTL,Filled,225 @ 2.335,Sell 225 Shares @ Market to Close,--,"06/09/2026, 11:45:13 AM",900001001
UNFI,Filled,75 @ 4.52,Sell 75 Shares @ Market to Close,--,"06/09/2026, 11:41:02 AM",900001001
UNH,Filled,5 @ 41.234,Sell 5 Shares @ 41.234 Limit GTC to Close,--,"06/09/2026, 10:36:18 AM",900001001
SNDK,Filled,3 @ 176.283,Sell 3 Shares @ Market to Close,--,"06/09/2026, 10:14:16 AM",900001001
REMX,Filled,25 @ 8.968,Sell 25 Shares @ Market to Close,--,"06/09/2026, 10:13:42 AM",900001001
GDMN,Filled,100 @ 8.233,Sell 100 Shares @ Market to Close,--,"06/09/2026, 10:12:35 AM",900001001
NLCP,Filled,150 @ 1.496,Sell 150 Shares @ Market to Close,--,"06/09/2026, 10:11:01 AM",900001001
NLCP,Filled,150 @ 1.496,Sell 150 Shares @ Market to Close,--,"06/09/2026, 10:10:30 AM",900001001
ICHR,Filled,30 @ 7.589,Sell 30 Shares @ Market to Close,--,"06/09/2026, 10:09:23 AM",900001001
EAT,Filled,20 @ 15.118,Sell 20 Shares @ Market to Close,--,"06/09/2026, 10:08:58 AM",900001001
CEG,Filled,25 @ 25.32,Sell 25 Shares @ Market to Close,--,"06/09/2026, 10:08:34 AM",900001001
EWY,Filled,25 @ 18.907,Sell 25 Shares @ Market to Close,--,"06/09/2026, 10:08:06 AM",900001001
MYRG,Filled,15 @ 43.951,Sell 15 Shares @ Market to Close,--,"06/09/2026, 10:07:19 AM",900001001
AMZN,Filled,20 @ 24.851,Sell 20 Shares @ Market to Close,--,"06/09/2026, 10:06:44 AM",900001001
DDOG,Filled,35 @ 23.543,Sell 35 Shares @ Market to Close,--,"06/09/2026, 10:06:13 AM",900001001
EZPW,Filled,250 @ 3.203,Sell 250 Shares @ Market to Close,--,"06/09/2026, 10:05:32 AM",900001001
EZPW,Filled,75 @ 3.203,Sell 75 Shares @ Market to Close,--,"06/09/2026, 10:05:16 AM",900001001
TIGO,Filled,50 @ 8.592,Sell 50 Shares @ Market to Close,--,"06/09/2026, 10:04:47 AM",900001001
EZPW,Filled,50 @ 3.21,Sell 50 Shares @ 3.21 Limit GTC to Close,--,"06/09/2026, 10:04:42 AM",900001001
SYF,Filled,59 @ 7.296,Sell 59 Shares @ Market to Close,--,"06/09/2026, 10:04:16 AM",900001001
NBIS,Filled,10 @ 23.17,Sell 10 Shares @ Market to Close,--,"06/09/2026, 10:03:47 AM",900001001
TTMI,Filled,20 @ 18.549,Sell 20 Shares @ Market to Close,--,"06/09/2026, 10:03:15 AM",900001001
IWM,Filled,10 @ 29.045,Sell 10 Shares @ Market to Close,--,"06/09/2026, 10:02:43 AM",900001001
ICHR,Filled,83 @ 7.607,Sell 83 Shares @ Market to Close,--,"06/09/2026, 10:01:28 AM",900001001
ASML,Filled,1 @ 181.432,Sell 1 Share @ Market to Close,--,"06/09/2026, 10:00:56 AM",900001001
SNDK,Filled,5 @ 175.909,Sell 5 Shares @ Market to Close,--,"06/09/2026, 10:00:12 AM",900001001
BE,Filled,30 @ 27.55,Sell 30 Shares @ Market to Close,--,"06/09/2026, 9:59:49 AM",900001001
CRDO,Filled,10 @ 25.06,Sell 10 Shares @ Market to Close,--,"06/09/2026, 9:59:22 AM",900001001
NEXA,Filled,150 @ 1.328,Sell 150 Shares @ Market to Close,--,"06/09/2026, 9:58:52 AM",900001001
AGX,Filled,10 @ 63.683,Sell 10 Shares @ Market to Close,--,"06/09/2026, 9:58:22 AM",900001001
ICHR,Filled,150 @ 7.641,Sell 150 Shares @ Market to Close,--,"06/09/2026, 9:57:33 AM",900001001
ICHR,Filled,25 @ 7.678,Sell 25 Shares @ 7.678 Limit GTC to Close,--,"06/09/2026, 9:56:58 AM",900001001
NBIS,Filled,60 @ 23.163,Sell 60 Shares @ Market to Close,--,"06/09/2026, 9:56:51 AM",900001001
NEXA,Filled,200 @ 1.319,Sell 200 Shares @ Market to Close,--,"06/09/2026, 9:51:50 AM",900001001
EZPW,Filled,150 @ 3.202,Sell 150 Shares @ Market to Close,--,"06/09/2026, 9:51:05 AM",900001001
GOOG,Filled,7 @ 36.732,Sell 7 Shares @ Market to Close,--,"06/09/2026, 9:50:43 AM",900001001
GOOG,Filled,20 @ 36.791,Sell 20 Shares @ Market to Close,--,"06/09/2026, 9:50:20 AM",900001001
GOOG,Filled,7 @ 36.87,Sell 7 Shares @ Market to Close,--,"06/09/2026, 9:50:00 AM",900001001
BVN,Filled,100 @ 3.288,Sell 100 Shares @ Market to Close,--,"06/09/2026, 9:44:58 AM",900001001
UNFI,Filled,75 @ 4.247,Buy 75 Shares @ Market to Open,--,"06/09/2026, 9:44:16 AM",900001001
SYF,Filled,30 @ 7.234,Sell 30 Shares @ 7.234 Limit GTC to Close,--,"06/09/2026, 9:33:12 AM",900001001
USO,Filled,100 @ 13.201,Buy 100 Shares @ 13.234 Limit GTC to Open,--,"06/09/2026, 9:30:10 AM",900001001
MU,Filled,2 @ 98.727,Sell 2 Shares @ 96.999 Limit GTC to Close,--,"06/09/2026, 9:30:10 AM",900001001
TIGO,Expired,--,Sell 25 Shares @ 8.499 Limit to Close,--,"06/08/2026, 4:06:27 PM",900001001
ICHR,Expired,--,Sell 150 Shares @ 6.767 Limit to Close,--,"06/08/2026, 4:06:27 PM",900001001
MXL,Expired,--,Sell 50 Shares @ 8.185 Limit to Close,--,"06/08/2026, 4:06:27 PM",900001001
UNFI,Filled,50 @ 5.164,Buy 50 Shares @ Market CLO to Open,--,"06/08/2026, 4:00:04 PM",900001001
AGX,Filled,5 @ 61.998,Buy 5 Shares @ Market CLO to Open,--,"06/08/2026, 4:00:04 PM",900001001
EAT,Filled,20 @ 14.614,Sell 20 Shares @ Market CLO to Close,--,"06/08/2026, 4:00:04 PM",900001001
BE,Filled,10 @ 25.357,Buy 10 Shares @ Market CLO to Open,--,"06/08/2026, 4:00:03 PM",900001001
SBLK,Filled,100 @ 2.671,Buy 100 Shares @ Market to Open,--,"06/08/2026, 3:57:46 PM",900001001
JAZZ,Filled,15 @ 23.19,Buy 15 Shares @ Market to Open,--,"06/08/2026, 3:56:43 PM",900001001
INDV,Filled,100 @ 3.739,Buy 100 Shares @ Market to Open,--,"06/08/2026, 3:56:13 PM",900001001
FMX,Filled,20 @ 12.237,Buy 20 Shares @ Market to Open,--,"06/08/2026, 3:55:42 PM",900001001
PBR,Filled,100 @ 1.773,Buy 100 Shares @ Market to Open,--,"06/08/2026, 3:55:08 PM",900001001
CNC,Filled,30 @ 6.525,Buy 30 Shares @ Market to Open,--,"06/08/2026, 3:54:15 PM",900001001
MRK,Filled,25 @ 11.919,Buy 25 Shares @ Market to Open,--,"06/08/2026, 3:53:03 PM",900001001
CRWD,Filled,3 @ 65.579,Buy 3 Shares @ Market to Open,--,"06/08/2026, 3:52:27 PM",900001001
ARE,Filled,50 @ 5.033,Buy 50 Shares @ Market to Open,--,"06/08/2026, 3:51:14 PM",900001001
AMZN,Filled,20 @ 24.543,Buy 20 Shares @ Market to Open,--,"06/08/2026, 3:50:26 PM",900001001
THG,Filled,25 @ 19.106,Buy 25 Shares @ Market to Open,--,"06/08/2026, 3:49:44 PM",900001001
EZPW,Filled,75 @ 3.154,Buy 75 Shares @ Market to Open,--,"06/08/2026, 3:49:11 PM",900001001
MYRG,Filled,7 @ 43.976,Buy 7 Shares @ Market to Open,--,"06/08/2026, 3:48:35 PM",900001001
DY,Filled,7 @ 45.986,Buy 7 Shares @ Market to Open,--,"06/08/2026, 3:48:13 PM",900001001
KGC,Filled,100 @ 2.573,Buy 100 Shares @ Market to Open,--,"06/08/2026, 3:47:53 PM",900001001
AUGO,Filled,35 @ 5.853,Buy 35 Shares @ Market to Open,--,"06/08/2026, 3:47:10 PM",900001001
IREN,Filled,35 @ 5.899,Sell 35 Shares @ Market to Close,--,"06/08/2026, 3:45:46 PM",900001001
GM,Canceled,--,Sell 25 Shares @ Market CLO to Close,--,"06/08/2026, 3:42:05 PM",900001001
GM,Filled,25 @ 8.384,Sell 25 Shares @ Market to Close,--,"06/08/2026, 3:42:03 PM",900001001
EPR,Canceled,--,Sell 1 Share @ Market CLO to Close,--,"06/08/2026, 3:41:29 PM",900001001
CDE,Canceled,--,Sell 150 Shares @ Market CLO to Close,--,"06/08/2026, 3:41:13 PM",900001001
KGC,Canceled,--,Sell 100 Shares @ Market CLO to Close,--,"06/08/2026, 3:40:27 PM",900001001
CLS,Filled,35 @ 38.921,Sell 35 Shares @ Market to Close,--,"06/08/2026, 2:26:03 PM",900001001
SNDK,Canceled,--,Sell 3 Shares @ Market CLO to Close,--,"06/08/2026, 1:58:06 PM",900001001
NBIS,Filled,10 @ 22.398,Buy 10 Shares @ Market to Open,--,"06/08/2026, 1:42:21 PM",900001001
PSUS,Filled,75 @ 3.753,Buy 75 Shares @ Market to Open,--,"06/08/2026, 1:39:51 PM",900001001
USAR,Filled,125 @ 2.26,Sell 125 Shares @ Market to Close,--,"06/08/2026, 1:27:16 PM",900001001
APP,Filled,7 @ 56.667,Sell 7 Shares @ Market to Close,--,"06/08/2026, 1:22:20 PM",900001001
XOM,Filled,25 @ 15.132,Buy 25 Shares @ Market to Open,--,"06/08/2026, 1:19:01 PM",900001001
SOXX,Canceled,--,Sell 2 Shares @ 57.987 Limit GTC to Close,--,"06/08/2026, 1:16:45 PM",900001001
SOXX,Filled,2 @ 57.31,Sell 2 Shares @ Market to Close,--,"06/08/2026, 1:16:43 PM",900001001
EWY,Filled,20 @ 18.603,Sell 20 Shares @ Market to Close,--,"06/08/2026, 1:15:50 PM",900001001
MU,Filled,5 @ 94.618,Sell 5 Shares @ Market to Close,--,"06/08/2026, 1:15:25 PM",900001001
TSM,Filled,5 @ 42.923,Sell 5 Shares @ Market to Close,--,"06/08/2026, 12:47:05 PM",900001001
RTX,Filled,25 @ 17.906,Buy 25 Shares @ Market to Open,--,"06/08/2026, 12:46:24 PM",900001001
CSTM,Filled,100 @ 3.356,Buy 100 Shares @ Market to Open,--,"06/08/2026, 12:45:53 PM",900001001
COHR,Filled,10 @ 40.833,Sell 10 Shares @ Market to Close,--,"06/08/2026, 12:44:58 PM",900001001
TTMI,Filled,10 @ 17.618,Sell 10 Shares @ Market to Close,--,"06/08/2026, 12:44:26 PM",900001001
AGX,Filled,7 @ 61.859,Buy 7 Shares @ Market to Open,--,"06/08/2026, 12:42:16 PM",900001001
EMEQ,Filled,40 @ 6.451,Sell 40 Shares @ Market to Close,--,"06/08/2026, 12:39:18 PM",900001001
CRDO,Filled,15 @ 22.525,Sell 15 Shares @ Market to Close,--,"06/08/2026, 12:38:00 PM",900001001
COHR,Filled,5 @ 40.999,Sell 5 Shares @ 40.999 Limit to Close,--,"06/08/2026, 12:37:22 PM",900001001
GDE,Filled,25 @ 6.545,Sell 25 Shares @ Market to Close,--,"06/08/2026, 12:37:02 PM",900001001
NEXA,Filled,200 @ 1.273,Buy 200 Shares @ Market to Open,--,"06/08/2026, 12:36:16 PM",900001001
CDE,Filled,175 @ 1.709,Sell 175 Shares @ Market to Close,--,"06/08/2026, 12:35:37 PM",900001001
ARE,Filled,100 @ 5.08,Buy 100 Shares @ Market to Open,--,"06/08/2026, 12:32:01 PM",900001001
CDE,Filled,150 @ 1.711,Sell 150 Shares @ Market to Close,--,"06/08/2026, 12:31:23 PM",900001001
GDE,Filled,20 @ 6.544,Sell 20 Shares @ Market to Close,--,"06/08/2026, 12:30:51 PM",900001001
BTG,Filled,1600 @ 0.417,Buy 1600 Shares @ Market to Open,--,"06/08/2026, 12:30:20 PM",900001001
TWLO,Filled,15 @ 21.613,Buy 15 Shares @ Market to Open,--,"06/08/2026, 12:27:32 PM",900001001
EIS,Filled,7 @ 12.747,Sell 7 Shares @ Market to Close,--,"06/08/2026, 12:26:48 PM",900001001
EIS,Canceled,--,Sell 7 Shares @ 13.888 Limit GTC to Close,--,"06/08/2026, 12:26:48 PM",900001001
IWM,Filled,15 @ 28.567,Sell 15 Shares @ Market to Close,--,"06/08/2026, 12:25:59 PM",900001001
TSLA,Filled,5 @ 40.519,Sell 5 Shares @ Market to Close,--,"06/08/2026, 12:24:35 PM",900001001
GOOG,Filled,20 @ 35.977,Buy 20 Shares @ Market to Open,--,"06/08/2026, 12:22:52 PM",900001001
MU,Filled,5 @ 96.028,Sell 5 Shares @ Market to Close,--,"06/08/2026, 12:20:49 PM",900001001
THG,Filled,25 @ 19.134,Buy 25 Shares @ 19.134 Limit GTC to Open,--,"06/08/2026, 12:20:24 PM",900001001
MULL,Filled,10 @ 69.963,Sell 10 Shares @ Market to Close,--,"06/08/2026, 12:19:39 PM",900001001
CRDO,Filled,15 @ 22.699,Sell 15 Shares @ 22.699 Limit to Close,--,"06/08/2026, 12:18:12 PM",900001001
CRDO,Filled,5 @ 22.699,Sell 5 Shares @ 22.699 Limit GTC to Close,--,"06/08/2026, 12:18:12 PM",900001001
UNFI,Filled,100 @ 5.548,Buy 100 Shares @ Market to Open,--,"06/08/2026, 12:17:42 PM",900001001
MULL,Filled,10 @ 70.042,Sell 10 Shares @ Market to Close,--,"06/08/2026, 12:16:41 PM",900001001
MULL,Canceled,--,Sell 10 Shares @ 70.432 Limit to Close,--,"06/08/2026, 12:16:41 PM",900001001
EWY,Filled,11 @ 18.699,Sell 11 Shares @ 18.699 Limit to Close,--,"06/08/2026, 12:15:45 PM",900001001
BLOX,Filled,200 @ 1.643,Sell 200 Shares @ Market to Close,--,"06/08/2026, 12:14:59 PM",900001001
BLOX,Filled,150 @ 1.64,Sell 150 Shares @ Market to Close,--,"06/08/2026, 12:14:41 PM",900001001
ASML,Filled,5 @ 176.328,Sell 5 Shares @ Market to Close,--,"06/08/2026, 12:13:00 PM",900001001
MULL,Filled,10 @ 69.899,Sell 10 Shares @ 69.899 Limit to Close,--,"06/08/2026, 12:12:10 PM",900001001
ICHR,Filled,50 @ 6.718,Sell 50 Shares @ Market to Close,--,"06/08/2026, 12:11:38 PM",900001001
SOXX,Filled,10 @ 57.699,Sell 10 Shares @ 57.699 Limit to Close,--,"06/08/2026, 12:11:03 PM",900001001
MULL,Canceled,--,Sell 10 Shares @ 70.899 Limit to Close,--,"06/08/2026, 12:08:44 PM",900001001
MULL,Filled,10 @ 70.1,Sell 10 Shares @ 70.1 Limit to Close,--,"06/08/2026, 12:06:43 PM",900001001
MULL,Canceled,--,Sell 10 Shares @ 70.999 Limit to Close,--,"06/08/2026, 12:06:17 PM",900001001
STRL,Filled,8 @ 89.877,Sell 8 Shares @ Market to Close,--,"06/08/2026, 11:46:05 AM",900001001
MULL,Filled,6 @ 69.166,Sell 6 Shares @ 69.166 Limit GTC to Close,--,"06/08/2026, 11:06:34 AM",900001001
MULL,Filled,7 @ 68.832,Sell 7 Shares @ 68.832 Limit to Close,--,"06/08/2026, 11:04:50 AM",900001001
TTMI,Filled,15 @ 17.737,Sell 15 Shares @ Market to Close,--,"06/08/2026, 10:57:39 AM",900001001
MULL,Filled,6 @ 67.55,Buy 6 Shares @ Market to Open,--,"06/08/2026, 10:45:31 AM",900001001
SNDK,Filled,2 @ 164.842,Sell 2 Shares @ Market to Close,--,"06/08/2026, 10:39:21 AM",900001001
EWY,Filled,11 @ 18.555,Buy 11 Shares @ Market to Open,--,"06/08/2026, 10:37:39 AM",900001001
MXL,Filled,40 @ 8.216,Buy 40 Shares @ Market to Open,--,"06/08/2026, 10:37:11 AM",900001001
USAR,Filled,100 @ 2.289,Sell 100 Shares @ Market to Close,--,"06/08/2026, 10:25:16 AM",900001001
EWY,Filled,20 @ 18.357,Sell 20 Shares @ Market to Close,--,"06/08/2026, 10:19:28 AM",900001001
MULL,Filled,7 @ 65.513,Buy 7 Shares @ Market to Open,--,"06/08/2026, 10:03:56 AM",900001001
GM,Filled,30 @ 8.289,Sell 30 Shares @ Market to Close,--,"06/08/2026, 10:01:09 AM",900001001
GM,Filled,30 @ 8.288,Sell 30 Shares @ Market to Close,--,"06/08/2026, 9:59:54 AM",900001001
MXL,Filled,21 @ 8.137,Buy 21 Shares @ Market to Open,--,"06/08/2026, 9:55:17 AM",900001001
USAR,Filled,436 @ 2.29,Buy 436 Shares @ 2.293 Limit to Open,--,"06/08/2026, 9:52:54 AM",900001001
EWY,Filled,50 @ 18.601,Sell 50 Shares @ Market to Close,--,"06/08/2026, 9:51:59 AM",900001001
EWY,Filled,10 @ 18.625,Sell 10 Shares @ Market to Close,--,"06/08/2026, 9:51:40 AM",900001001
TWLO,Filled,15 @ 22.063,Buy 15 Shares @ Market to Open,--,"06/08/2026, 9:47:09 AM",900001001
EPR,Filled,75 @ 5.754,Buy 75 Shares @ 5.754 Limit to Open,--,"06/08/2026, 9:46:39 AM",900001001
MULL,Filled,40 @ 68.421,Buy 40 Shares @ Market to Open,--,"06/08/2026, 9:46:06 AM",900001001
STRL,Filled,10 @ 86.467,Buy 10 Shares @ Market to Open,--,"06/08/2026, 9:45:08 AM",900001001
PPLT,Filled,300 @ 1.597,Buy 300 Shares @ Market to Open,--,"06/08/2026, 9:44:17 AM",900001001
CRDO,Filled,15 @ 22.132,Buy 15 Shares @ Market to Open,--,"06/08/2026, 9:41:07 AM",900001001
MYRG,Filled,15 @ 43.944,Buy 15 Shares @ Market to Open,--,"06/08/2026, 9:39:47 AM",900001001
PARR,Filled,175 @ 5.755,Buy 175 Shares @ Market to Open,--,"06/08/2026, 9:38:15 AM",900001001
INCY,Filled,75 @ 10.373,Buy 75 Shares @ Market to Open,--,"06/08/2026, 9:37:44 AM",900001001
UNFI,Filled,100 @ 5.678,Sell 100 Shares @ 5.678 Limit GTC to Close,--,"06/08/2026, 9:37:38 AM",900001001
EZPW,Filled,250 @ 3.199,Buy 250 Shares @ Market to Open,--,"06/08/2026, 9:36:33 AM",900001001
THG,Filled,40 @ 19.132,Buy 40 Shares @ Market to Open,--,"06/08/2026, 9:34:34 AM",900001001
UNFI,Filled,100 @ 5.62,Buy 100 Shares @ Market to Open,--,"06/08/2026, 9:33:13 AM",900001001
MU,Filled,10 @ 94.959,Buy 10 Shares @ Market to Open,--,"06/08/2026, 9:32:33 AM",900001001
NBIS,Filled,50 @ 23.862,Buy 50 Shares @ 23.862 Limit EXT to Open,--,"06/08/2026, 9:30:45 AM",900001001
STRL,Filled,15 @ 89.434,Buy 15 Shares @ 91.599 Limit to Open,--,"06/08/2026, 9:30:29 AM",900001001
STRL,Filled,15 @ 91.599,Buy 15 Shares @ 91.599 Limit EXT to Open,--,"06/08/2026, 9:27:31 AM",900001001
ICHR,Filled,150 @ 6.689,Buy 150 Shares @ 6.689 Limit EXT to Open,--,"06/08/2026, 9:15:59 AM",900001001
SOXX,Filled,20 @ 57.01,Buy 20 Shares @ 57.01 Limit EXT to Open,--,"06/08/2026, 9:14:43 AM",900001001
EWY,Filled,50 @ 18.677,Buy 50 Shares @ 18.677 Limit EXT to Open,--,"06/08/2026, 9:12:38 AM",900001001
CLS,Filled,35 @ 38.775,Buy 35 Shares @ 38.775 Limit EXT to Open,--,"06/08/2026, 9:11:06 AM",900001001
MXL,Filled,100 @ 8.535,Buy 100 Shares @ 8.592 Limit EXT to Open,--,"06/08/2026, 9:09:16 AM",900001001
SNDK,Filled,7 @ 163.621,Buy 7 Shares @ 163.621 Limit EXT to Open,--,"06/08/2026, 9:05:06 AM",900001001
CDE,Filled,150 @ 1.637,Buy 150 Shares @ Market CLO to Open,--,"06/05/2026, 4:02:00 PM",900001001
NEXA,Filled,150 @ 1.305,Buy 150 Shares @ Market CLO to Open,--,"06/05/2026, 4:00:07 PM",900001001
ICHR,Filled,50 @ 6.291,Buy 50 Shares @ Market CLO to Open,--,"06/05/2026, 4:00:05 PM",900001001
AUGO,Filled,35 @ 6.04,Buy 35 Shares @ Market CLO to Open,--,"06/05/2026, 4:00:05 PM",900001001
USAR,Filled,100 @ 2.247,Buy 100 Shares @ Market CLO to Open,--,"06/05/2026, 4:00:03 PM",900001001
BLOX,Filled,150 @ 1.565,Buy 150 Shares @ Market CLO to Open,--,"06/05/2026, 4:00:03 PM",900001001
BTG,Filled,2500 @ 0.418,Buy 2500 Shares @ Market CLO to Open,--,"06/05/2026, 4:00:00 PM",900001001
EWY,Filled,20 @ 18.735,Buy 20 Shares @ Market to Open,--,"06/05/2026, 10:25:20 AM",900001001
GOOG,Filled,10 @ 36.775,Buy 10 Shares @ Market to Open,--,"06/05/2026, 10:23:54 AM",900001001
GRNY,Filled,75 @ 2.74,Buy 75 Shares @ Market to Open,--,"06/05/2026, 10:21:24 AM",900001003
MU,Filled,3 @ 94.4,Buy 3 Shares @ Market to Open,--,"06/05/2026, 10:20:43 AM",900001003
PSTL,Filled,200 @ 2.271,Buy 200 Shares @ Market to Open,--,"06/05/2026, 10:19:48 AM",900001003
CRDO,Filled,40 @ 22.6,Sell 40 Shares @ 22.5 Limit to Close,--,"06/05/2026, 10:15:14 AM",900001003
GDMN,Filled,75 @ 8.509,Buy 75 Shares @ Market to Open,--,"06/05/2026, 10:14:12 AM",900001003
CRDO,Filled,30 @ 22.333,Sell 30 Shares @ Market to Close,--,"06/05/2026, 10:13:05 AM",900001003
PSUS,Filled,100 @ 3.872,Buy 100 Shares @ Market to Open,--,"06/05/2026, 9:58:55 AM",900001001
ARE,Filled,100 @ 5.236,Buy 100 Shares @ Market to Open,--,"06/05/2026, 9:57:58 AM",900001001
UBER,Filled,30 @ 7.175,Buy 30 Shares @ Market to Open,--,"06/05/2026, 9:57:35 AM",900001001
CRWD,Filled,2 @ 69.121,Buy 2 Shares @ Market to Open,--,"06/05/2026, 9:56:35 AM",900001001
GM,Filled,40 @ 8.256,Buy 40 Shares @ Market to Open,--,"06/05/2026, 9:55:52 AM",900001001
XOM,Filled,30 @ 15.031,Buy 30 Shares @ Market to Open,--,"06/05/2026, 9:55:19 AM",900001001
PINE,Filled,125 @ 1.945,Buy 125 Shares @ Market to Open,--,"06/05/2026, 9:54:06 AM",900001001
TTMI,Filled,25 @ 17.392,Buy 25 Shares @ Market to Open,--,"06/05/2026, 9:53:32 AM",900001001
ASML,Filled,5 @ 169.052,Buy 5 Shares @ Market to Open,--,"06/05/2026, 9:52:45 AM",900001001
EMEQ,Filled,50 @ 6.498,Buy 50 Shares @ Market to Open,--,"06/05/2026, 9:50:47 AM",900001001
STRL,Filled,5 @ 92.286,Buy 5 Shares @ Market to Open,--,"06/05/2026, 9:49:56 AM",900001001
MXL,Filled,50 @ 8.672,Buy 50 Shares @ Market to Open,--,"06/05/2026, 9:49:27 AM",900001001
COHR,Filled,15 @ 38.822,Buy 15 Shares @ Market to Open,--,"06/05/2026, 9:48:59 AM",900001001
USAR,Filled,400 @ 2.394,Buy 400 Shares @ Market to Open,--,"06/05/2026, 9:48:27 AM",900001001
NBIS,Filled,30 @ 23.896,Buy 30 Shares @ Market to Open,--,"06/05/2026, 9:47:43 AM",900001001
GOOG,Filled,30 @ 36.815,Buy 30 Shares @ Market to Open,--,"06/05/2026, 9:45:01 AM",900001001
EWY,Filled,25 @ 18.807,Buy 25 Shares @ Market to Open,--,"06/05/2026, 9:43:27 AM",900001001
MRK,Filled,40 @ 12.026,Sell 40 Shares @ Market CLO to Close,--,"06/04/2026, 4:01:00 PM",900001001
CCL,Filled,40 @ 2.785,Sell 40 Shares @ Market CLO to Close,--,"06/04/2026, 4:00:04 PM",900001001
TWLO,Filled,10 @ 23.664,Sell 10 Shares @ Market CLO to Close,--,"06/04/2026, 4:00:04 PM",900001001
AMD,Filled,5 @ 52.32,Buy 5 Shares @ Market CLO to Open,--,"06/04/2026, 4:00:03 PM",900001001
MYRG,Filled,15 @ 45.14,Sell 15 Shares @ Market CLO to Close,--,"06/04/2026, 4:00:03 PM",900001001
EZPW,Filled,250 @ 3.215,Sell 250 Shares @ Market CLO to Close,--,"06/04/2026, 4:00:03 PM",900001001
NBIS,Filled,15 @ 25.967,Sell 15 Shares @ Market CLO to Close,--,"06/04/2026, 4:00:02 PM",900001001
PLTR,Filled,25 @ 14.17,Sell 25 Shares @ Market CLO to Close,--,"06/04/2026, 4:00:02 PM",900001001
MLPI,Filled,50 @ 5.585,Sell 50 Shares @ Market CLO to Close,--,"06/04/2026, 4:00:02 PM",900001001
NVDA,Filled,140 @ 21.866,Sell 140 Shares @ Market CLO to Close,--,"06/04/2026, 4:00:01 PM",900001001
SIVR,Filled,15 @ 7.038,Sell 15 Shares @ Market CLO to Close,--,"06/04/2026, 4:00:00 PM",900001001
NUKZ,Filled,25 @ 7.226,Sell 25 Shares @ Market CLO to Close,--,"06/04/2026, 4:00:00 PM",900001001
IAUM,Filled,50 @ 4.464,Sell 50 Shares @ Market CLO to Close,--,"06/04/2026, 4:00:00 PM",900001001
LITE,Filled,7 @ 94.508,Sell 7 Shares @ Market CLO to Close,--,"06/04/2026, 4:00:00 PM",900001001
LITE,Filled,5 @ 94.508,Sell 5 Shares @ Market CLO to Close,--,"06/04/2026, 4:00:00 PM",900001001
AMZN,Filled,30 @ 25.387,Sell 30 Shares @ 25.381 Limit to Close,--,"06/04/2026, 3:30:40 PM",900001001
AMZN,Filled,15 @ 25.376,Sell 15 Shares @ Market to Close,--,"06/04/2026, 3:30:17 PM",900001001
EWY,Filled,20 @ 20.531,Buy 20 Shares @ Market to Open,--,"06/04/2026, 3:25:43 PM",900001001
CRDO,Filled,20 @ 21.97,Sell 20 Shares @ Market to Close,--,"06/04/2026, 3:24:53 PM",900001001
LTM,Filled,170 @ 4.945,Sell 170 Shares @ Market to Close,--,"06/04/2026, 3:21:48 PM",900001001
CRM,Filled,30 @ 18.96,Buy 30 Shares @ Market to Open,--,"06/04/2026, 3:20:38 PM",900001001
PSIX,Filled,50 @ 4.008,Sell 50 Shares @ Market to Close,--,"06/04/2026, 3:19:58 PM",900001001
CNSWF,Filled,15 @ 207.777,Sell 15 Shares @ 207.777 Limit to Close,--,"06/04/2026, 3:09:25 PM",900001001
TWLO,Filled,15 @ 23.71,Sell 15 Shares @ Market to Close,--,"06/04/2026, 3:06:04 PM",900001001
UNH,Filled,3 @ 39.641,Sell 3 Shares @ Market to Close,--,"06/04/2026, 3:05:28 PM",900001001
BLOX,Filled,125 @ 1.746,Buy 125 Shares @ Market to Open,--,"06/04/2026, 3:04:54 PM",900001001
AVGO,Filled,10 @ 41.714,Buy 10 Shares @ Market to Open,--,"06/04/2026, 3:02:22 PM",900001001
CRDO,Filled,15 @ 21.941,Sell 15 Shares @ Market to Close,--,"06/04/2026, 3:01:49 PM",900001001
CRDO,Filled,30 @ 21.95,Sell 30 Shares @ Market to Close,--,"06/04/2026, 3:01:24 PM",900001001
ET,Filled,175 @ 1.966,Sell 175 Shares @ Market to Close,--,"06/04/2026, 3:00:52 PM",900001001
NVDA,Canceled,--,Sell 140 Shares @ 22.123 Limit GTC to Close,--,"06/04/2026, 2:59:44 PM",900001001
IREN,Filled,35 @ 6.199,Buy 35 Shares @ Market to Open,--,"06/04/2026, 2:58:23 PM",900001001
EPR,Filled,100 @ 5.569,Buy 100 Shares @ Market to Open,--,"06/04/2026, 2:57:29 PM",900001001
TSM,Filled,10 @ 44.689,Sell 10 Shares @ Market to Close,--,"06/04/2026, 2:56:24 PM",900001001
MYRG,Filled,5 @ 45.456,Sell 5 Shares @ Market to Close,--,"06/04/2026, 2:56:01 PM",900001001
GOOG,Filled,15 @ 36.923,Sell 15 Shares @ Market to Close,--,"06/04/2026, 2:55:36 PM",900001001
PLTR,Filled,15 @ 14.184,Sell 15 Shares @ Market to Close,--,"06/04/2026, 2:54:41 PM",900001001
COHR,Filled,5 @ 42.706,Sell 5 Shares @ Market to Close,--,"06/04/2026, 2:54:16 PM",900001001
UBER,Filled,35 @ 7.195,Sell 35 Shares @ Market to Close,--,"06/04/2026, 2:53:16 PM",900001001
GDMN,Filled,35 @ 9.127,Sell 35 Shares @ Market to Close,--,"06/04/2026, 2:51:44 PM",900001001
BE,Filled,71 @ 29.134,Sell 71 Shares @ Market to Close,--,"06/04/2026, 2:47:45 PM",900001001
AMZN,Filled,44 @ 25.416,Sell 44 Shares @ Market to Close,--,"06/04/2026, 2:46:54 PM",900001001
GOOG,Filled,80 @ 36.918,Sell 80 Shares @ Market to Close,--,"06/04/2026, 2:42:09 PM",900001001
CSTM,Filled,50 @ 3.676,Sell 50 Shares @ Market to Close,--,"06/04/2026, 2:41:22 PM",900001001
AGX,Canceled,--,Sell 10 Shares @ 76.543 Limit GTC to Close,--,"06/04/2026, 2:40:15 PM",900001001
TSM,Filled,35 @ 44.637,Sell 35 Shares @ Market to Close,--,"06/04/2026, 2:38:43 PM",900001001
UNFI,Filled,225 @ 5.313,Sell 225 Shares @ Market to Close,--,"06/04/2026, 2:38:02 PM",900001001
CRDO,Filled,165 @ 22.121,Sell 165 Shares @ Market to Close,--,"06/04/2026, 2:37:21 PM",900001001
TWLO,Filled,5 @ 23.694,Sell 5 Shares @ Market to Close,--,"06/04/2026, 2:36:30 PM",900001001
MXL,Filled,145 @ 9.644,Sell 145 Shares @ Market to Close,--,"06/04/2026, 2:31:15 PM",900001001
TWLO,Filled,5 @ 23.456,Sell 5 Shares @ 23.456 Limit GTC to Close,--,"06/04/2026, 9:51:32 AM",900001001
XOM,Filled,50 @ 15.198,Buy 50 Shares @ Market to Open,--,"06/04/2026, 9:34:06 AM",900001001
EPR,Filled,175 @ 5.698,Buy 175 Shares @ Market to Open,--,"06/04/2026, 9:30:16 AM",900001001
MXL,Expired,--,Sell 35 Shares @ 10.123 Limit to Close,--,"06/03/2026, 4:06:29 PM",900001001
COHR,Filled,10 @ 41.743,Buy 10 Shares @ Market CLO to Open,--,"06/03/2026, 4:00:06 PM",900001001
TSM,Filled,10 @ 43.669,Buy 10 Shares @ Market CLO to Open,--,"06/03/2026, 4:00:06 PM",900001001
DY,Filled,5 @ 48.411,Buy 5 Shares @ Market CLO to Open,--,"06/03/2026, 4:00:06 PM",900001001
SMCI,Filled,75 @ 4.742,Buy 75 Shares @ Market CLO to Open,--,"06/03/2026, 4:00:04 PM",900001001
USAR,Filled,100 @ 2.798,Buy 100 Shares @ Market CLO to Open,--,"06/03/2026, 4:00:04 PM",900001001
SNDK,Filled,1 @ 183.15,Sell 1 Share @ Market CLO to Close,--,"06/03/2026, 4:00:04 PM",900001001
USAR,Filled,125 @ 2.798,Buy 125 Shares @ Market CLO to Open,--,"06/03/2026, 4:00:04 PM",900001001
PLTR,Filled,20 @ 14.22,Buy 20 Shares @ Market CLO to Open,--,"06/03/2026, 4:00:04 PM",900001001
APP,Filled,7 @ 57.083,Buy 7 Shares @ Market CLO to Open,--,"06/03/2026, 4:00:04 PM",900001001
NBIS,Filled,15 @ 25.168,Buy 15 Shares @ Market CLO to Open,--,"06/03/2026, 4:00:03 PM",900001001
NVDA,Filled,15 @ 21.475,Buy 15 Shares @ Market CLO to Open,--,"06/03/2026, 4:00:03 PM",900001001
CRWV,Filled,30 @ 11.093,Buy 30 Shares @ Market CLO to Open,--,"06/03/2026, 4:00:03 PM",900001001
LITE,Filled,7 @ 93.8,Buy 7 Shares @ Market CLO to Open,--,"06/03/2026, 4:00:03 PM",900001001
CRDO,Filled,20 @ 21.46,Buy 20 Shares @ Market CLO to Open,--,"06/03/2026, 4:00:03 PM",900001001
SIL,Filled,25 @ 8.749,Buy 25 Shares @ Market CLO to Open,--,"06/03/2026, 4:00:02 PM",900001001
REMX,Filled,20 @ 9.832,Buy 20 Shares @ Market CLO to Open,--,"06/03/2026, 4:00:01 PM",900001001
INCY,Filled,19 @ 9.789,Sell 19 Shares @ 9.789 Limit GTC to Close,--,"06/03/2026, 1:17:58 PM",900001001
UNH,Filled,5 @ 38.58,Sell 5 Shares @ Market to Close,--,"06/03/2026, 12:41:14 PM",900001001
SNDK,Filled,2 @ 178.84,Sell 2 Shares @ Market to Close,--,"06/03/2026, 12:36:37 PM",900001001
AMD,Filled,2 @ 53.196,Sell 2 Shares @ Market to Close,--,"06/03/2026, 12:36:11 PM",900001001
SOXX,Filled,3 @ 61.208,Sell 3 Shares @ Market to Close,--,"06/03/2026, 12:34:50 PM",900001001
STRL,Filled,2 @ 95.104,Sell 2 Shares @ Market to Close,--,"06/03/2026, 12:34:17 PM",900001001
STRL,Canceled,--,Sell 5 Shares @ 99.969 Limit to Close,--,"06/03/2026, 12:34:17 PM",900001001
TTMI,Filled,25 @ 18.598,Sell 25 Shares @ Market to Close,--,"06/03/2026, 12:32:49 PM",900001001
ASML,Filled,2 @ 172.163,Buy 2 Shares @ Market to Open,--,"06/03/2026, 12:06:42 PM",900001001
TSM,Filled,25 @ 43.9,Buy 25 Shares @ Market to Open,--,"06/03/2026, 12:06:04 PM",900001001
URA,Filled,50 @ 5.041,Buy 50 Shares @ Market to Open,--,"06/03/2026, 12:04:45 PM",900001001
EWY,Filled,10 @ 21.117,Buy 10 Shares @ Market to Open,--,"06/03/2026, 12:04:00 PM",900001001
THG,Filled,35 @ 18.516,Buy 35 Shares @ Market to Open,--,"06/03/2026, 12:03:02 PM",900001001
BLOX,Filled,250 @ 1.77,Buy 250 Shares @ Market to Open,--,"06/03/2026, 12:02:20 PM",900001001
BE,Filled,15 @ 29.087,Buy 15 Shares @ Market to Open,--,"06/03/2026, 12:01:23 PM",900001001
EZPW,Filled,75 @ 3.168,Sell 75 Shares @ Market to Close,--,"06/03/2026, 12:00:02 PM",900001001
GM,Filled,25 @ 8.325,Buy 25 Shares @ Market to Open,--,"06/03/2026, 11:59:34 AM",900001001
NVDA,Filled,50 @ 21.69,Buy 50 Shares @ Market to Open,--,"06/03/2026, 11:58:23 AM",900001001
BTG,Filled,700 @ 0.455,Buy 700 Shares @ Market to Open,--,"06/03/2026, 11:57:30 AM",900001001
PINE,Filled,225 @ 1.915,Buy 225 Shares @ Market to Open,--,"06/03/2026, 11:56:55 AM",900001001
MSFT,Filled,7 @ 42.686,Buy 7 Shares @ Market to Open,--,"06/03/2026, 11:56:21 AM",900001001
BE,Filled,7 @ 28.965,Buy 7 Shares @ Market to Open,--,"06/03/2026, 11:55:58 AM",900001001
TWLO,Filled,15 @ 21.896,Buy 15 Shares @ Market to Open,--,"06/03/2026, 11:55:01 AM",900001001
USAR,Filled,75 @ 2.832,Buy 75 Shares @ Market to Open,--,"06/03/2026, 11:49:41 AM",900001001
AVGO,Filled,3 @ 48.701,Sell 3 Shares @ Market to Close,--,"06/03/2026, 11:05:57 AM",900001001
MTZ,Filled,5 @ 37.828,Sell 5 Shares @ Market to Close,--,"06/03/2026, 11:05:25 AM",900001001
FN,Filled,5 @ 72.034,Sell 5 Shares @ Market to Close,--,"06/03/2026, 11:04:17 AM",900001001
CEG,Filled,5 @ 26.836,Buy 5 Shares @ Market to Open,--,"06/03/2026, 11:02:59 AM",900001001
ET,Filled,300 @ 1.971,Sell 300 Shares @ Market to Close,--,"06/03/2026, 11:02:15 AM",900001001
PSTL,Filled,100 @ 2.246,Buy 100 Shares @ Market to Open,--,"06/03/2026, 10:59:55 AM",900001001
VOO,Filled,5 @ 69.508,Sell 5 Shares @ Market to Close,--,"06/03/2026, 10:59:24 AM",900001001
CRM,Filled,30 @ 19.299,Buy 30 Shares @ Market to Open,--,"06/03/2026, 10:59:02 AM",900001001
ARE,Filled,25 @ 5.213,Buy 25 Shares @ Market to Open,--,"06/03/2026, 10:58:20 AM",900001001
CRWD,Filled,2 @ 75.43,Buy 2 Shares @ Market to Open,--,"06/03/2026, 10:57:46 AM",900001001
AMZN,Filled,10 @ 25.148,Buy 10 Shares @ Market to Open,--,"06/03/2026, 10:57:21 AM",900001001
ICHR,Filled,15 @ 7.394,Buy 15 Shares @ Market to Open,--,"06/03/2026, 10:56:58 AM",900001001
LITE,Filled,5 @ 98.6,Buy 5 Shares @ Market to Open,--,"06/03/2026, 10:56:34 AM",900001001
BE,Filled,10 @ 29.524,Buy 10 Shares @ Market to Open,--,"06/03/2026, 10:56:03 AM",900001001
URA,Filled,25 @ 5.163,Buy 25 Shares @ Market to Open,--,"06/03/2026, 10:55:38 AM",900001001
USAR,Filled,75 @ 2.863,Buy 75 Shares @ Market to Open,--,"06/03/2026, 10:55:09 AM",900001001
DDOG,Filled,10 @ 24.759,Buy 10 Shares @ Market to Open,--,"06/03/2026, 10:54:49 AM",900001001
CRDO,Filled,25 @ 21.601,Buy 25 Shares @ Market to Open,--,"06/03/2026, 10:54:21 AM",900001001
INCY,Filled,9 @ 9.511,Sell 9 Shares @ Market to Close,--,"06/03/2026, 10:31:15 AM",900001001
INCY,Filled,1 @ 9.506,Sell 1 Share @ Market to Close,--,"06/03/2026, 10:30:08 AM",900001001
STRL,Filled,5 @ 94.215,Sell 5 Shares @ Market to Close,--,"06/03/2026, 10:27:28 AM",900001001
MXL,Filled,50 @ 9.818,Sell 50 Shares @ Market to Close,--,"06/03/2026, 10:25:57 AM",900001001
MXL,Filled,25 @ 9.804,Sell 25 Shares @ Market to Close,--,"06/03/2026, 10:24:42 AM",900001001
SIVR,Filled,15 @ 7.005,Buy 15 Shares @ Market to Open,--,"06/03/2026, 10:23:19 AM",900001001
APP,Filled,2 @ 57.286,Buy 2 Shares @ Market to Open,--,"06/03/2026, 10:22:20 AM",900001001
EWY,Filled,15 @ 21.089,Buy 15 Shares @ Market to Open,--,"06/03/2026, 10:21:50 AM",900001001
NVDA,Filled,15 @ 21.585,Buy 15 Shares @ Market to Open,--,"06/03/2026, 10:20:17 AM",900001001
COPJ,Filled,50 @ 4.575,Buy 50 Shares @ Market to Open,--,"06/03/2026, 10:19:12 AM",900001001
USAR,Filled,125 @ 2.976,Buy 125 Shares @ Market to Open,--,"06/03/2026, 10:18:21 AM",900001001
GDMN,Filled,35 @ 9.026,Buy 35 Shares @ Market to Open,--,"06/03/2026, 10:17:17 AM",900001001
STRL,Filled,5 @ 93.456,Sell 5 Shares @ 93.456 Limit GTC to Close,--,"06/03/2026, 10:11:48 AM",900001001
CLS,Filled,7 @ 45.25,Buy 7 Shares @ Market to Open,--,"06/03/2026, 10:11:41 AM",900001001
MSFT,Filled,7 @ 43.189,Buy 7 Shares @ Market to Open,--,"06/03/2026, 10:11:09 AM",900001001
SMCI,Filled,75 @ 4.71,Buy 75 Shares @ Market to Open,--,"06/03/2026, 10:10:31 AM",900001001
TWLO,Filled,15 @ 21.85,Buy 15 Shares @ Market to Open,--,"06/03/2026, 10:10:00 AM",900001001
LITE,Filled,10 @ 97.493,Buy 10 Shares @ Market to Open,--,"06/03/2026, 10:09:42 AM",900001001
DDOG,Filled,10 @ 25.019,Buy 10 Shares @ Market to Open,--,"06/03/2026, 10:09:11 AM",900001001
CRDO,Filled,15 @ 21.068,Buy 15 Shares @ Market to Open,--,"06/03/2026, 10:08:35 AM",900001001
LITE,Filled,1 @ 96.9,Buy 1 Share @ Market to Open,--,"06/03/2026, 10:07:32 AM",900001002
GDE,Filled,10 @ 6.803,Sell 10 Shares @ Market to Close,--,"06/03/2026, 10:07:17 AM",900001002
GDE,Canceled,--,Sell 1 Share @ 6.999 Limit GTC to Close,--,"06/03/2026, 10:06:56 AM",900001002
GDE,Filled,3 @ 6.804,Sell 3 Shares @ Market to Close,--,"06/03/2026, 10:06:55 AM",900001002
AMD,Filled,5 @ 54.321,Sell 5 Shares @ 54.321 Limit GTC to Close,--,"06/03/2026, 9:40:04 AM",900001001
UBER,Filled,35 @ 7.1,Buy 35 Shares @ Market to Open,--,"06/03/2026, 9:30:32 AM",900001001
CRWV,Filled,20 @ 11.97,Buy 20 Shares @ Market to Open,--,"06/03/2026, 9:30:32 AM",900001001
AMZN,Filled,10 @ 25.44,Buy 10 Shares @ Market to Open,--,"06/03/2026, 9:30:29 AM",900001001
DDOG,Filled,15 @ 25.943,Buy 15 Shares @ Market to Open,--,"06/03/2026, 9:30:29 AM",900001001
NEXA,Filled,350 @ 1.583,Buy 350 Shares @ Market to Open,--,"06/03/2026, 9:30:19 AM",900001001
MSFT,Filled,25 @ 43.845,Buy 25 Shares @ Market to Open,--,"06/03/2026, 9:30:10 AM",900001001
SNDK,Filled,3 @ 173.6,Buy 3 Shares @ Market to Open,--,"06/03/2026, 9:30:09 AM",900001001
GOOG,Filled,15 @ 35.839,Buy 15 Shares @ Market to Open,--,"06/03/2026, 9:30:09 AM",900001001
PLTR,Filled,75 @ 14.97,Buy 75 Shares @ Market to Open,--,"06/03/2026, 9:30:09 AM",900001001
NBIS,Expired,--,Sell 10 Shares @ 27.999 Limit to Close,--,"06/02/2026, 4:06:31 PM",900001001
STRL,Expired,--,Buy 3 Shares @ 83.456 Limit to Open,--,"06/02/2026, 4:06:31 PM",900001001
AGX,Filled,3 @ 66.314,Sell 3 Shares @ Market CLO to Close,--,"06/02/2026, 4:00:05 PM",900001001
CLS,Filled,20 @ 47.24,Sell 20 Shares @ Market CLO to Close,--,"06/02/2026, 4:00:04 PM",900001001
CLS,Filled,10 @ 47.24,Sell 10 Shares @ Market CLO to Close,--,"06/02/2026, 4:00:04 PM",900001001
JLL,Filled,10 @ 29.599,Sell 10 Shares @ Market CLO to Close,--,"06/02/2026, 4:00:04 PM",900001001
CLS,Filled,8 @ 47.24,Sell 8 Shares @ Market CLO to Close,--,"06/02/2026, 4:00:04 PM",900001001
ICHR,Filled,35 @ 7.495,Sell 35 Shares @ Market CLO to Close,--,"06/02/2026, 4:00:04 PM",900001001
LITE,Filled,3 @ 102.915,Sell 3 Shares @ Market CLO to Close,--,"06/02/2026, 4:00:03 PM",900001001
LITE,Filled,5 @ 102.915,Sell 5 Shares @ Market CLO to Close,--,"06/02/2026, 4:00:03 PM",900001001
LITE,Filled,3 @ 102.915,Sell 3 Shares @ Market CLO to Close,--,"06/02/2026, 4:00:03 PM",900001001
AMD,Filled,5 @ 52.154,Sell 5 Shares @ Market CLO to Close,--,"06/02/2026, 4:00:03 PM",900001001
CEG,Filled,10 @ 27.265,Sell 10 Shares @ Market CLO to Close,--,"06/02/2026, 4:00:03 PM",900001001
ICHR,Filled,100 @ 7.495,Sell 100 Shares @ Market CLO to Close,--,"06/02/2026, 4:00:03 PM",900001001
MLPI,Filled,10 @ 5.539,Sell 10 Shares @ Market CLO to Close,--,"06/02/2026, 4:00:02 PM",900001001
TSLA,Filled,5 @ 42.374,Sell 5 Shares @ Market CLO to Close,--,"06/02/2026, 4:00:02 PM",900001001
MXL,Filled,25 @ 8.876,Sell 25 Shares @ Market CLO to Close,--,"06/02/2026, 4:00:02 PM",900001001
ETH,Filled,200 @ 1.813,Buy 200 Shares @ Market CLO to Open,--,"06/02/2026, 4:00:01 PM",900001001
USAR,Filled,80 @ 3.07,Sell 80 Shares @ Market CLO to Close,--,"06/02/2026, 4:00:01 PM",900001001
USAR,Filled,75 @ 3.07,Sell 75 Shares @ Market CLO to Close,--,"06/02/2026, 4:00:01 PM",900001001
BLOX,Filled,125 @ 1.796,Buy 125 Shares @ Market CLO to Open,--,"06/02/2026, 4:00:01 PM",900001001
URA,Filled,75 @ 5.342,Sell 75 Shares @ Market CLO to Close,--,"06/02/2026, 4:00:01 PM",900001001
SIVR,Filled,35 @ 7.144,Sell 35 Shares @ Market CLO to Close,--,"06/02/2026, 4:00:00 PM",900001001
SIVR,Filled,15 @ 7.144,Sell 15 Shares @ Market CLO to Close,--,"06/02/2026, 4:00:00 PM",900001001
PPLT,Filled,75 @ 1.753,Sell 75 Shares @ Market CLO to Close,--,"06/02/2026, 4:00:00 PM",900001001
REMX,Filled,100 @ 10.218,Sell 100 Shares @ Market CLO to Close,--,"06/02/2026, 4:00:00 PM",900001001
DRAM,Filled,20 @ 6.969,Sell 20 Shares @ 6.969 Limit GTC to Close,--,"06/02/2026, 3:36:23 PM",900001001
TIGO,Filled,50 @ 8.876,Sell 50 Shares @ 8.876 Limit GTC to Close,--,"06/02/2026, 2:13:18 PM",900001001
FN,Filled,7 @ 68.999,Sell 7 Shares @ 68.999 Limit GTC to Close,--,"06/02/2026, 12:20:43 PM",900001001
UNFI,Filled,50 @ 5.248,Sell 50 Shares @ Market to Close,--,"06/02/2026, 12:14:01 PM",900001001
EMEQ,Filled,100 @ 7.241,Sell 100 Shares @ Market to Close,--,"06/02/2026, 12:12:49 PM",900001001
SHLD,Filled,35 @ 6.483,Buy 35 Shares @ Market to Open,--,"06/02/2026, 12:12:07 PM",900001001
IREN,Filled,50 @ 6.777,Sell 50 Shares @ Market to Close,--,"06/02/2026, 12:08:15 PM",900001001
BLBD,Filled,50 @ 7.272,Sell 50 Shares @ 7.272 Limit GTC to Close,--,"06/02/2026, 11:55:45 AM",900001001
QQQ,Filled,5 @ 74.567,Sell 5 Shares @ 74.567 Limit to Close,--,"06/02/2026, 11:53:58 AM",900001001
NUKZ,Filled,50 @ 7.405,Sell 50 Shares @ Market to Close,--,"06/02/2026, 11:41:30 AM",900001001
NUKZ,Canceled,--,Sell 50 Shares @ 7.654 Limit GTC to Close,--,"06/02/2026, 11:41:30 AM",900001001
NUKZ,Filled,20 @ 7.391,Sell 20 Shares @ Market to Close,--,"06/02/2026, 11:40:51 AM",900001001
NLCP,Filled,500 @ 1.499,Buy 500 Shares @ 1.499 Limit GTC to Open,--,"06/02/2026, 11:39:36 AM",900001001
NEXA,Filled,150 @ 1.584,Buy 150 Shares @ Market to Open,--,"06/02/2026, 11:38:55 AM",900001001
W,Filled,50 @ 7.336,Sell 50 Shares @ Market to Close,--,"06/02/2026, 11:34:54 AM",900001001
COHR,Filled,5 @ 42.631,Sell 5 Shares @ Market to Close,--,"06/02/2026, 11:34:18 AM",900001001
IWM,Filled,45 @ 29.121,Sell 45 Shares @ Market to Close,--,"06/02/2026, 11:32:46 AM",900001001
USAR,Canceled,--,Sell 75 Shares @ 3.21 Limit GTC to Close,--,"06/02/2026, 11:30:27 AM",900001001
GDMN,Filled,70 @ 9.263,Sell 70 Shares @ Market to Close,--,"06/02/2026, 11:26:20 AM",900001001
STRL,Filled,5 @ 86.227,Sell 5 Shares @ Market to Close,--,"06/02/2026, 11:13:38 AM",900001001
TTMI,Filled,35 @ 17.919,Sell 35 Shares @ Market to Close,--,"06/02/2026, 11:12:30 AM",900001001
TTMI,Filled,10 @ 17.913,Sell 10 Shares @ Market to Close,--,"06/02/2026, 11:12:11 AM",900001001
TTMI,Filled,15 @ 17.919,Sell 15 Shares @ Market to Close,--,"06/02/2026, 11:11:54 AM",900001001
CSTM,Filled,330 @ 3.651,Sell 330 Shares @ Market to Close,--,"06/02/2026, 11:11:15 AM",900001001
MYRG,Filled,7 @ 46.074,Sell 7 Shares @ Market to Close,--,"06/02/2026, 11:10:14 AM",900001001
VRT,Filled,7 @ 33.996,Sell 7 Shares @ Market to Close,--,"06/02/2026, 11:09:37 AM",900001001
CLS,Filled,10 @ 46.313,Sell 10 Shares @ Market to Close,--,"06/02/2026, 11:09:16 AM",900001001
AVGO,Filled,15 @ 47.782,Sell 15 Shares @ Market to Close,--,"06/02/2026, 11:08:46 AM",900001001
BE,Filled,20 @ 29.793,Sell 20 Shares @ Market to Close,--,"06/02/2026, 11:08:25 AM",900001001
BE,Canceled,--,Sell 10 Shares @ Market CLO to Close,--,"06/02/2026, 11:07:25 AM",900001001
BE,Filled,10 @ 29.782,Sell 10 Shares @ Market to Close,--,"06/02/2026, 11:07:24 AM",900001001
BE,Canceled,--,Sell 20 Shares @ Market CLO to Close,--,"06/02/2026, 11:07:05 AM",900001001
BE,Filled,15 @ 29.735,Sell 15 Shares @ Market to Close,--,"06/02/2026, 11:06:26 AM",900001001
LITE,Filled,5 @ 99.558,Sell 5 Shares @ Market to Close,--,"06/02/2026, 11:06:05 AM",900001001
FN,Filled,10 @ 67.609,Sell 10 Shares @ Market to Close,--,"06/02/2026, 11:05:47 AM",900001001
LITE,Filled,5 @ 99.727,Sell 5 Shares @ Market to Close,--,"06/02/2026, 11:05:27 AM",900001001
LITE,Filled,7 @ 99.868,Sell 7 Shares @ Market to Close,--,"06/02/2026, 11:05:10 AM",900001001
LITE,Filled,2 @ 99.89,Sell 2 Shares @ Market to Close,--,"06/02/2026, 11:04:48 AM",900001001
LITE,Filled,2 @ 100.872,Sell 2 Shares @ Market to Close,--,"06/02/2026, 11:01:27 AM",900001001
COHR,Filled,10 @ 42.751,Sell 10 Shares @ Market to Close,--,"06/02/2026, 11:00:42 AM",900001001
ICHR,Filled,45 @ 7.594,Sell 45 Shares @ Market to Close,--,"06/02/2026, 11:00:18 AM",900001001
GDMN,Filled,60 @ 9.224,Sell 60 Shares @ Market to Close,--,"06/02/2026, 10:58:56 AM",900001001
MTZ,Filled,12 @ 37.106,Sell 12 Shares @ Market to Close,--,"06/02/2026, 10:57:07 AM",900001001
ICHR,Filled,15 @ 7.6,Sell 15 Shares @ Market to Close,--,"06/02/2026, 10:55:44 AM",900001001
IGM,Filled,45 @ 17.011,Buy 45 Shares @ Market to Open,--,"06/02/2026, 10:54:34 AM",900001001
FN,Filled,5 @ 68.081,Sell 5 Shares @ Market to Close,--,"06/02/2026, 10:53:57 AM",900001001
JLL,Filled,5 @ 28.999,Sell 5 Shares @ 28.999 Limit GTC to Close,--,"06/02/2026, 10:47:16 AM",900001001
BLBD,Filled,35 @ 7.123,Sell 35 Shares @ 7.123 Limit GTC to Close,--,"06/02/2026, 10:33:46 AM",900001001
NLCP,Canceled,--,Buy 400 Shares @ 1.481 Limit GTC to Open,--,"06/02/2026, 10:32:15 AM",900001001
NLCP,Filled,350 @ 1.519,Buy 350 Shares @ 1.519 Limit GTC to Open,--,"06/02/2026, 10:31:49 AM",900001001
CRWD,Filled,10 @ 76.409,Buy 10 Shares @ Market to Open,--,"06/02/2026, 10:15:35 AM",900001001
DDOG,Filled,50 @ 26.585,Buy 50 Shares @ Market to Open,--,"06/02/2026, 10:14:42 AM",900001001
PLTR,Filled,75 @ 15.384,Buy 75 Shares @ Market to Open,--,"06/02/2026, 10:13:23 AM",900001001
CRDO,Filled,30 @ 21.258,Buy 30 Shares @ Market to Open,--,"06/02/2026, 10:13:01 AM",900001001
NVDA,Filled,50 @ 22.926,Sell 50 Shares @ Market to Close,--,"06/02/2026, 10:11:43 AM",900001001
PSIX,Filled,50 @ 4.045,Sell 50 Shares @ Market to Close,--,"06/02/2026, 10:11:00 AM",900001001
CLS,Filled,10 @ 45.927,Sell 10 Shares @ Market to Close,--,"06/02/2026, 10:10:15 AM",900001001
AVGO,Filled,10 @ 48.162,Sell 10 Shares @ Market to Close,--,"06/02/2026, 10:09:36 AM",900001001
COHR,Filled,10 @ 41.009,Sell 10 Shares @ Market to Close,--,"06/02/2026, 10:08:58 AM",900001001
IREN,Filled,50 @ 6.85,Sell 50 Shares @ Market to Close,--,"06/02/2026, 10:08:39 AM",900001001
LITE,Filled,5 @ 97.502,Sell 5 Shares @ Market to Close,--,"06/02/2026, 10:07:34 AM",900001001
FN,Filled,5 @ 66.918,Sell 5 Shares @ Market to Close,--,"06/02/2026, 10:06:51 AM",900001001
APP,Filled,5 @ 59.625,Buy 5 Shares @ Market to Open,--,"06/02/2026, 10:05:15 AM",900001001
TWLO,Filled,10 @ 22.04,Buy 10 Shares @ Market to Open,--,"06/02/2026, 10:03:48 AM",900001001
UNFI,Filled,25 @ 5.18,Buy 25 Shares @ Market to Open,--,"06/02/2026, 10:02:51 AM",900001001
CRDO,Filled,5 @ 21.524,Buy 5 Shares @ Market to Open,--,"06/02/2026, 10:01:58 AM",900001001
PLTR,Filled,15 @ 15.295,Buy 15 Shares @ Market to Open,--,"06/02/2026, 9:55:14 AM",900001001
MSFT,Filled,5 @ 44.504,Buy 5 Shares @ Market to Open,--,"06/02/2026, 9:54:37 AM",900001001
RTX,Filled,15 @ 17.402,Buy 15 Shares @ Market to Open,--,"06/02/2026, 9:53:55 AM",900001001
CSTM,Filled,150 @ 3.567,Sell 150 Shares @ 3.567 Limit GTC to Close,--,"06/02/2026, 9:53:42 AM",900001001
CVSA,Filled,15 @ 12.345,Sell 15 Shares @ 12.345 Limit GTC to Close,--,"06/02/2026, 9:53:28 AM",900001001
EWY,Filled,10 @ 21.262,Buy 10 Shares @ Market to Open,--,"06/02/2026, 9:52:20 AM",900001001
TWLO,Filled,10 @ 22.322,Buy 10 Shares @ Market to Open,--,"06/02/2026, 9:51:24 AM",900001001
PSUS,Filled,75 @ 3.941,Buy 75 Shares @ Market to Open,--,"06/02/2026, 9:50:00 AM",900001001
NVDA,Filled,25 @ 22.999,Sell 25 Shares @ 22.999 Limit to Close,--,"06/02/2026, 9:50:00 AM",900001001
HHH,Filled,30 @ 6.267,Buy 30 Shares @ Market to Open,--,"06/02/2026, 9:49:20 AM",900001001
AUGO,Filled,25 @ 7.118,Buy 25 Shares @ Market to Open,--,"06/02/2026, 9:48:09 AM",900001001
UBER,Filled,30 @ 7.272,Buy 30 Shares @ Market to Open,--,"06/02/2026, 9:47:13 AM",900001001
NEXA,Filled,100 @ 1.615,Buy 100 Shares @ Market to Open,--,"06/02/2026, 9:46:09 AM",900001001
GM,Filled,25 @ 8.183,Buy 25 Shares @ Market to Open,--,"06/02/2026, 9:44:52 AM",900001001
EZPW,Filled,75 @ 3.05,Buy 75 Shares @ Market to Open,--,"06/02/2026, 9:44:12 AM",900001001
GOOG,Filled,7 @ 35.562,Buy 7 Shares @ Market to Open,--,"06/02/2026, 9:42:56 AM",900001001
CRDO,Filled,10 @ 21.794,Buy 10 Shares @ Market to Open,--,"06/02/2026, 9:42:13 AM",900001001
PLTR,Filled,15 @ 15.419,Buy 15 Shares @ Market to Open,--,"06/02/2026, 9:41:53 AM",900001001
BE,Filled,7 @ 29.512,Buy 7 Shares @ Market to Open,--,"06/02/2026, 9:38:17 AM",900001001
VRT,Filled,10 @ 33.999,Sell 10 Shares @ 33.999 Limit GTC to Close,--,"06/02/2026, 9:33:04 AM",900001001
NBIS,Filled,15 @ 27.499,Sell 15 Shares @ 27.499 Limit GTC to Close,--,"06/02/2026, 9:31:48 AM",900001001
CLS,Filled,10 @ 44.5,Sell 10 Shares @ Market to Close,--,"06/02/2026, 9:30:55 AM",900001001
VRT,Filled,10 @ 33.397,Sell 10 Shares @ 32.999 Limit GTC to Close,--,"06/02/2026, 9:30:42 AM",900001001
MSFT,Filled,5 @ 44.7,Buy 5 Shares @ Market to Open,--,"06/02/2026, 9:30:36 AM",900001001
LITE,Filled,4 @ 93.618,Sell 4 Shares @ 91.999 Limit GTC to Close,--,"06/02/2026, 9:30:34 AM",900001001
GOOG,Filled,7 @ 36.323,Buy 7 Shares @ Market to Open,--,"06/02/2026, 9:30:33 AM",900001001
CEG,Filled,10 @ 26.6,Buy 10 Shares @ Market to Open,--,"06/02/2026, 9:30:33 AM",900001001
CRDO,Filled,15 @ 21.936,Buy 15 Shares @ Market to Open,--,"06/02/2026, 9:30:32 AM",900001001
TSLA,Filled,5 @ 41.832,Buy 5 Shares @ Market to Open,--,"06/02/2026, 9:30:31 AM",900001001
CRWV,Filled,20 @ 13,Sell 20 Shares @ 12.999 Limit GTC to Close,--,"06/02/2026, 9:30:28 AM",900001001
SNDK,Filled,1 @ 175.006,Sell 1 Share @ Market to Close,--,"06/02/2026, 9:30:27 AM",900001001
BLBD,Filled,35 @ 6.93,Sell 35 Shares @ 6.789 Limit GTC to Close,--,"06/02/2026, 9:30:20 AM",900001001
MYRG,Filled,5 @ 45.084,Buy 5 Shares @ Market to Open,--,"06/02/2026, 9:30:20 AM",900001001
PSTL,Filled,100 @ 2.252,Buy 100 Shares @ Market to Open,--,"06/02/2026, 9:30:19 AM",900001001
MXL,Filled,25 @ 9.171,Buy 25 Shares @ Market to Open,--,"06/02/2026, 9:30:18 AM",900001001
SOXX,Filled,5 @ 58.575,Sell 5 Shares @ 57.89 Limit to Close,--,"06/02/2026, 9:30:14 AM",900001001
AMZN,Filled,10 @ 25.726,Buy 10 Shares @ Market to Open,--,"06/02/2026, 9:30:14 AM",900001001
COPJ,Filled,20 @ 4.603,Sell 20 Shares @ 4.567 Limit to Close,--,"06/02/2026, 9:30:11 AM",900001001
ICHR,Filled,30 @ 7.186,Buy 30 Shares @ Market to Open,--,"06/02/2026, 9:30:06 AM",900001001
GM,Filled,25 @ 8.289,Buy 25 Shares @ Market to Open,--,"06/02/2026, 9:30:06 AM",900001001
COPX,Filled,25 @ 9.142,Sell 25 Shares @ 9.123 Limit GTC to Close,--,"06/02/2026, 9:30:05 AM",900001001
DY,Canceled,--,Buy 5 Shares @ Market to Open,--,"06/02/2026, 8:40:15 AM",900001001
REMX,Canceled,--,Sell 20 Shares @ 11.999 Limit GTC to Close,--,"06/02/2026, 8:36:29 AM",900001001
NBIS,Canceled,--,Sell 10 Shares @ Market to Close,--,"06/02/2026, 8:28:52 AM",900001001
USAR,Canceled,--,Sell 75 Shares @ 2.999 Limit GTC to Close,--,"06/02/2026, 8:25:07 AM",900001001
NVDA,Expired,--,Sell 25 Shares @ 23.456 Limit to Close,--,"06/01/2026, 4:06:33 PM",900001001
PSUS,Filled,50 @ 3.94,Buy 50 Shares @ Market CLO to Open,--,"06/01/2026, 4:00:27 PM",900001001
TWLO,Filled,5 @ 22.754,Sell 5 Shares @ Market CLO to Close,--,"06/01/2026, 4:00:05 PM",900001001
VRT,Filled,7 @ 32.339,Buy 7 Shares @ Market CLO to Open,--,"06/01/2026, 4:00:05 PM",900001001
HHH,Filled,20 @ 6.289,Buy 20 Shares @ Market CLO to Open,--,"06/01/2026, 4:00:05 PM",900001001
PARR,Filled,50 @ 5.71,Sell 50 Shares @ Market CLO to Close,--,"06/01/2026, 4:00:05 PM",900001001
TSM,Filled,5 @ 43.563,Sell 5 Shares @ Market CLO to Close,--,"06/01/2026, 4:00:05 PM",900001001
EMEQ,Filled,40 @ 7.083,Sell 40 Shares @ Market CLO to Close,--,"06/01/2026, 4:00:04 PM",900001001
IREN,Filled,100 @ 6.533,Sell 100 Shares @ Market CLO to Close,--,"06/01/2026, 4:00:03 PM",900001001
AVGO,Filled,1 @ 45.997,Sell 1 Share @ Market CLO to Close,--,"06/01/2026, 4:00:03 PM",900001002
USAR,Filled,75 @ 2.943,Sell 75 Shares @ Market CLO to Close,--,"06/01/2026, 4:00:02 PM",900001001
NVDA,Filled,5 @ 22.436,Sell 5 Shares @ Market CLO to Close,--,"06/01/2026, 4:00:02 PM",900001001
GDMN,Filled,60 @ 9.145,Buy 60 Shares @ Market CLO to Open,--,"06/01/2026, 4:00:01 PM",900001001
NEXA,Filled,300 @ 1.609,Sell 300 Shares @ 1.609 Limit GTC to Close,--,"06/01/2026, 1:13:22 PM",900001001
GDE,Filled,10 @ 6.849,Buy 10 Shares @ Market to Open,--,"06/01/2026, 12:17:28 PM",900001002
CLS,Filled,5 @ 40.246,Sell 5 Shares @ Market to Close,--,"06/01/2026, 12:16:04 PM",900001001
NBIS,Filled,25 @ 27.228,Sell 25 Shares @ Market to Close,--,"06/01/2026, 12:15:03 PM",900001001
ALL,Filled,5 @ 20.723,Sell 5 Shares @ Market to Close,--,"06/01/2026, 11:25:17 AM",900001001
SIVR,Filled,15 @ 7.092,Buy 15 Shares @ Market to Open,--,"06/01/2026, 11:23:49 AM",900001001
USAR,Filled,50 @ 3.032,Sell 50 Shares @ Market to Close,--,"06/01/2026, 11:23:14 AM",900001001
TTMI,Filled,10 @ 16.802,Buy 10 Shares @ Market to Open,--,"06/01/2026, 11:21:17 AM",900001001
ARE,Filled,40 @ 4.922,Buy 40 Shares @ Market to Open,--,"06/01/2026, 11:15:20 AM",900001001
UAE,Canceled,--,Sell 100 Shares @ 1.999 Limit GTC to Close,--,"06/01/2026, 11:14:04 AM",900001001
UAE,Filled,100 @ 1.891,Sell 100 Shares @ Market to Close,--,"06/01/2026, 11:14:02 AM",900001001
NBIS,Filled,5 @ 27.234,Sell 5 Shares @ 27.234 Limit to Close,--,"06/01/2026, 11:13:06 AM",900001001
IREN,Filled,15 @ 6.452,Sell 15 Shares @ Market to Close,--,"06/01/2026, 11:12:28 AM",900001001
AMD,Filled,2 @ 50.907,Buy 2 Shares @ Market to Open,--,"06/01/2026, 11:09:48 AM",900001001
APP,Filled,3 @ 60.33,Buy 3 Shares @ Market to Open,--,"06/01/2026, 11:09:11 AM",900001001
AVGO,Filled,5 @ 45.572,Sell 5 Shares @ Market to Close,--,"06/01/2026, 11:06:59 AM",900001001
GOOG,Filled,7 @ 37.307,Buy 7 Shares @ Market to Open,--,"06/01/2026, 11:04:59 AM",900001001
AMZN,Filled,15 @ 26.425,Buy 15 Shares @ Market to Open,--,"06/01/2026, 11:04:38 AM",900001001
EWY,Filled,10 @ 21.188,Sell 10 Shares @ Market to Close,--,"06/01/2026, 11:02:46 AM",900001001
TSM,Filled,5 @ 43.814,Sell 5 Shares @ Market to Close,--,"06/01/2026, 10:58:17 AM",900001001
W,Filled,30 @ 7.18,Sell 30 Shares @ Market to Close,--,"06/01/2026, 10:57:43 AM",900001001
PSIX,Filled,50 @ 3.903,Buy 50 Shares @ Market to Open,--,"06/01/2026, 10:56:40 AM",900001001
CRDO,Filled,15 @ 23.335,Buy 15 Shares @ Market to Open,--,"06/01/2026, 10:55:10 AM",900001001
UNH,Filled,5 @ 38.014,Sell 5 Shares @ Market to Close,--,"06/01/2026, 10:54:35 AM",900001001
GOOG,Filled,5 @ 37.302,Buy 5 Shares @ Market to Open,--,"06/01/2026, 10:53:48 AM",900001001
PPLT,Filled,75 @ 1.741,Buy 75 Shares @ Market to Open,--,"06/01/2026, 10:52:12 AM",900001001
CVSA,Canceled,--,Sell 111 Shares @ 13.333 Limit GTC to Close,--,"06/01/2026, 10:51:40 AM",900001001
CVSA,Filled,46 @ 11.783,Sell 46 Shares @ Market to Close,--,"06/01/2026, 10:51:39 AM",900001001
PATH,Filled,450 @ 1.279,Sell 450 Shares @ 1.279 Limit GTC to Close,--,"06/01/2026, 10:48:55 AM",900001001
MLPI,Filled,50 @ 5.513,Buy 50 Shares @ Market to Open,--,"06/01/2026, 10:48:49 AM",900001001
AVGO,Filled,1 @ 45.678,Sell 1 Share @ 45.678 Limit GTC to Close,--,"06/01/2026, 10:36:41 AM",900001002
CEG,Filled,10 @ 27.001,Buy 10 Shares @ 27.001 Limit GTC to Open,--,"06/01/2026, 9:52:04 AM",900001001
USAR,Filled,150 @ 2.999,Sell 150 Shares @ 2.999 Limit GTC to Close,--,"06/01/2026, 9:47:17 AM",900001001
TSM,Filled,5 @ 43.21,Sell 5 Shares @ 43.21 Limit GTC to Close,--,"06/01/2026, 9:36:04 AM",900001001
TIGO,Filled,30 @ 8.699,Sell 30 Shares @ 8.699 Limit GTC to Close,--,"06/01/2026, 9:32:39 AM",900001001
HHH,Filled,50 @ 6.338,Buy 50 Shares @ Market to Open,--,"06/01/2026, 9:30:32 AM",900001001
CEG,Canceled,--,Buy 20 Shares @ 27.001 Limit GTC to Open,--,"06/01/2026, 6:34:25 AM",900001001
PINE,Filled,120 @ 1.927,Buy 120 Shares @ Market CLO to Open,--,"05/29/2026, 4:00:05 PM",900001001
EZPW,Filled,300 @ 3.124,Buy 300 Shares @ Market CLO to Open,--,"05/29/2026, 4:00:04 PM",900001001
SMCI,Filled,20 @ 4.609,Buy 20 Shares @ Market CLO to Open,--,"05/29/2026, 4:00:02 PM",900001001
EMEQ,Filled,50 @ 6.78,Buy 50 Shares @ Market CLO to Open,--,"05/29/2026, 4:00:02 PM",900001001
DRH,Filled,300 @ 1.099,Buy 300 Shares @ Market CLO to Open,--,"05/29/2026, 4:00:00 PM",900001001
BE,Filled,3 @ 27.826,Buy 3 Shares @ Market to Open,--,"05/29/2026, 3:33:28 PM",900001003
AMZN,Filled,7 @ 27.115,Buy 7 Shares @ Market to Open,--,"05/29/2026, 3:33:03 PM",900001003
LITE,Filled,2 @ 83.81,Buy 2 Shares @ Market to Open,--,"05/29/2026, 3:32:28 PM",900001003
LITE,Filled,2 @ 83.818,Buy 2 Shares @ 83.853 Limit to Open,--,"05/29/2026, 3:29:36 PM",900001001
VGSH,Filled,100 @ 5.834,Sell 100 Shares @ 5.834 Limit to Close,--,"05/29/2026, 3:28:32 PM",900001001
EAT,Filled,15 @ 14.375,Sell 15 Shares @ Market to Close,--,"05/29/2026, 3:25:38 PM",900001001
EAT,Filled,10 @ 14.375,Sell 10 Shares @ Market to Close,--,"05/29/2026, 3:25:17 PM",900001001
GDMN,Filled,25 @ 9.49,Sell 25 Shares @ Market to Close,--,"05/29/2026, 3:24:14 PM",900001001
REMX,Filled,20 @ 9.97,Buy 20 Shares @ Market to Open,--,"05/29/2026, 3:22:10 PM",900001001
NBIS,Filled,10 @ 22.269,Buy 10 Shares @ Market to Open,--,"05/29/2026, 3:21:35 PM",900001001
TWLO,Filled,15 @ 19.191,Sell 15 Shares @ Market to Close,--,"05/29/2026, 3:20:31 PM",900001001
BVN,Filled,30 @ 3.676,Sell 30 Shares @ Market to Close,--,"05/29/2026, 3:20:01 PM",900001001
GOOG,Filled,3 @ 37.807,Buy 3 Shares @ Market to Open,--,"05/29/2026, 2:58:25 PM",900001001
PINE,Filled,400 @ 1.938,Buy 400 Shares @ Market to Open,--,"05/29/2026, 2:57:54 PM",900001001
GDMN,Filled,50 @ 9.487,Sell 50 Shares @ Market to Close,--,"05/29/2026, 2:56:49 PM",900001001
BVN,Filled,25 @ 3.669,Sell 25 Shares @ Market to Close,--,"05/29/2026, 2:55:08 PM",900001001
VOO,Filled,5 @ 69.474,Sell 5 Shares @ Market to Close,--,"05/29/2026, 2:54:13 PM",900001001
TSM,Filled,3 @ 41.871,Buy 3 Shares @ Market to Open,--,"05/29/2026, 2:51:20 PM",900001001
CDE,Filled,50 @ 1.907,Sell 50 Shares @ Market to Close,--,"05/29/2026, 2:50:07 PM",900001001
LITE,Filled,4 @ 83.031,Buy 4 Shares @ Market to Open,--,"05/29/2026, 2:48:50 PM",900001001
ET,Filled,120 @ 1.916,Buy 120 Shares @ Market to Open,--,"05/29/2026, 2:48:09 PM",900001001
CLS,Filled,10 @ 37.911,Sell 10 Shares @ Market to Close,--,"05/29/2026, 2:44:26 PM",900001001
CLS,Canceled,--,Sell 10 Shares @ Market CLO to Close,--,"05/29/2026, 2:44:25 PM",900001001
FN,Canceled,--,Buy 3 Shares @ Market CLO to Open,--,"05/29/2026, 2:43:43 PM",900001001
TTMI,Canceled,--,Buy 35 Shares @ 17.432 Limit to Open,--,"05/29/2026, 2:43:10 PM",900001001
TTMI,Filled,35 @ 17.813,Buy 35 Shares @ Market to Open,--,"05/29/2026, 2:43:09 PM",900001001
SNDK,Canceled,--,Sell 2 Shares @ Market CLO to Close,--,"05/29/2026, 2:41:42 PM",900001001
AMD,Filled,10 @ 50.69,Buy 10 Shares @ Market to Open,--,"05/29/2026, 2:40:41 PM",900001001
AMD,Canceled,--,Buy 10 Shares @ Market CLO to Open,--,"05/29/2026, 2:40:41 PM",900001001
ICHR,Filled,145 @ 7.003,Buy 145 Shares @ 7.01 Limit to Open,--,"05/29/2026, 2:39:53 PM",900001001
VOO,Filled,10 @ 69.555,Sell 10 Shares @ Market to Close,--,"05/29/2026, 2:39:06 PM",900001001
PSUS,Filled,100 @ 4.021,Buy 100 Shares @ Market to Open,--,"05/29/2026, 2:37:43 PM",900001001
MFC,Filled,180 @ 3.819,Sell 180 Shares @ Market to Close,--,"05/29/2026, 2:37:05 PM",900001001
FN,Filled,5 @ 63.91,Buy 5 Shares @ Market to Open,--,"05/29/2026, 2:35:12 PM",900001001
BVN,Filled,75 @ 3.667,Sell 75 Shares @ Market to Close,--,"05/29/2026, 2:32:54 PM",900001001
MYRG,Filled,10 @ 46.302,Buy 10 Shares @ Market to Open,--,"05/29/2026, 2:31:03 PM",900001001
ORLA,Filled,400 @ 1.323,Sell 400 Shares @ Market to Close,--,"05/29/2026, 2:29:48 PM",900001001
PARR,Filled,50 @ 5.555,Buy 50 Shares @ 5.555 Limit GTC to Open,--,"05/29/2026, 2:14:59 PM",900001001
GOOG,Filled,10 @ 37.952,Buy 10 Shares @ Market to Open,--,"05/29/2026, 1:37:36 PM",900001001
NLCP,Filled,600 @ 1.586,Buy 600 Shares @ 1.587 Limit to Open,--,"05/29/2026, 1:35:27 PM",900001001
VGSH,Filled,100 @ 5.836,Sell 100 Shares @ 5.836 Limit to Close,--,"05/29/2026, 1:34:49 PM",900001001
NEXA,Filled,300 @ 1.507,Sell 300 Shares @ Market to Close,--,"05/29/2026, 1:33:12 PM",900001001
BE,Filled,50 @ 27.471,Buy 50 Shares @ Market to Open,--,"05/29/2026, 1:29:14 PM",900001001
TIMB,Filled,130 @ 2.187,Sell 130 Shares @ Market to Close,--,"05/29/2026, 1:28:15 PM",900001001
TIMB,Canceled,--,Sell 130 Shares @ 2.427 Limit GTC to Close,--,"05/29/2026, 1:28:15 PM",900001001
TIMB,Filled,120 @ 2.187,Sell 120 Shares @ Market to Close,--,"05/29/2026, 1:27:38 PM",900001001
TIMB,Canceled,--,Sell 120 Shares @ 2.799 Limit GTC to Close,--,"05/29/2026, 1:27:38 PM",900001001
NWG,Filled,200 @ 1.614,Sell 200 Shares @ Market to Close,--,"05/29/2026, 1:26:17 PM",900001001
DB,Filled,75 @ 3.248,Sell 75 Shares @ Market to Close,--,"05/29/2026, 1:25:33 PM",900001001
DHT,Filled,125 @ 1.632,Sell 125 Shares @ Market to Close,--,"05/29/2026, 1:25:10 PM",900001001
EPU,Filled,40 @ 8.553,Sell 40 Shares @ Market to Close,--,"05/29/2026, 1:24:30 PM",900001001
EPU,Canceled,--,Sell 25 Shares @ 8.765 Limit GTC to Close,--,"05/29/2026, 1:24:23 PM",900001001
NBIS,Filled,50 @ 22.303,Buy 50 Shares @ Market to Open,--,"05/29/2026, 1:21:27 PM",900001001
VGSH,Filled,200 @ 5.836,Sell 200 Shares @ Market to Close,--,"05/29/2026, 1:20:52 PM",900001001
AMZN,Filled,20 @ 27.101,Buy 20 Shares @ 27.101 Limit to Open,--,"05/29/2026, 1:20:18 PM",900001001
MLPI,Filled,10 @ 5.469,Buy 10 Shares @ Market to Open,--,"05/29/2026, 1:10:19 PM",900001001
VGSH,Filled,100 @ 5.837,Sell 100 Shares @ Market to Close,--,"05/29/2026, 1:06:36 PM",900001001
VGSH,Filled,100 @ 5.837,Sell 100 Shares @ Market to Close,--,"05/29/2026, 12:59:23 PM",900001001
FN,Canceled,--,Buy 5 Shares @ Market CLO to Open,--,"05/29/2026, 12:57:33 PM",900001001
DY,Filled,13 @ 50.988,Buy 13 Shares @ Market to Open,--,"05/29/2026, 12:56:06 PM",900001001
VGSH,Filled,100 @ 5.837,Sell 100 Shares @ Market to Close,--,"05/29/2026, 12:55:29 PM",900001001
EZPW,Filled,150 @ 3.119,Buy 150 Shares @ Market to Open,--,"05/29/2026, 12:54:42 PM",900001001
VTIP,Filled,100 @ 5.042,Sell 100 Shares @ Market to Close,--,"05/29/2026, 12:54:16 PM",900001001
CRDO,Filled,25 @ 22.884,Sell 25 Shares @ Market to Close,--,"05/29/2026, 12:50:08 PM",900001001
PSTL,Filled,50 @ 2.29,Buy 50 Shares @ Market to Open,--,"05/29/2026, 12:20:34 PM",900001001
FN,Filled,5 @ 63.091,Buy 5 Shares @ Market to Open,--,"05/29/2026, 12:20:04 PM",900001001
NVDA,Filled,20 @ 21.629,Sell 20 Shares @ Market to Close,--,"05/29/2026, 12:18:14 PM",900001001
DY,Filled,5 @ 51.194,Buy 5 Shares @ Market to Open,--,"05/29/2026, 12:17:30 PM",900001001
BRK.B,Filled,7 @ 47.394,Buy 7 Shares @ Market to Open,--,"05/29/2026, 12:17:01 PM",900001001
GM,Filled,100 @ 8.28,Buy 100 Shares @ Market to Open,--,"05/29/2026, 12:14:53 PM",900001001
MXL,Filled,50 @ 9.475,Buy 50 Shares @ Market to Open,--,"05/29/2026, 12:14:25 PM",900001001
LITE,Filled,2 @ 83.133,Buy 2 Shares @ Market to Open,--,"05/29/2026, 12:13:45 PM",900001001
MYRG,Filled,15 @ 46.337,Buy 15 Shares @ Market to Open,--,"05/29/2026, 12:13:18 PM",900001001
AGX,Filled,5 @ 64.609,Buy 5 Shares @ Market to Open,--,"05/29/2026, 12:12:56 PM",900001001
BE,Filled,10 @ 27.64,Buy 10 Shares @ Market to Open,--,"05/29/2026, 12:12:34 PM",900001001
UNH,Filled,5 @ 37.767,Buy 5 Shares @ Market to Open,--,"05/29/2026, 12:12:01 PM",900001001
EWY,Filled,10 @ 20.629,Buy 10 Shares @ Market to Open,--,"05/29/2026, 12:10:35 PM",900001001
COHR,Filled,10 @ 35.077,Buy 10 Shares @ Market to Open,--,"05/29/2026, 12:09:50 PM",900001001
TTMI,Filled,25 @ 18.16,Buy 25 Shares @ Market to Open,--,"05/29/2026, 12:07:46 PM",900001001
RTX,Filled,25 @ 17.959,Buy 25 Shares @ Market to Open,--,"05/29/2026, 12:07:25 PM",900001001
PATH,Filled,200 @ 1.171,Buy 200 Shares @ Market to Open,--,"05/29/2026, 12:06:45 PM",900001001
BLOX,Filled,125 @ 1.771,Buy 125 Shares @ Market to Open,--,"05/29/2026, 12:05:50 PM",900001001
LITE,Filled,5 @ 83.108,Buy 5 Shares @ Market to Open,--,"05/29/2026, 12:03:38 PM",900001001
NEXA,Filled,100 @ 1.529,Sell 100 Shares @ Market to Close,--,"05/29/2026, 12:01:07 PM",900001001
IWM,Filled,15 @ 29.033,Buy 15 Shares @ Market to Open,--,"05/29/2026, 12:00:41 PM",900001001
UNFI,Filled,60 @ 5.14,Buy 60 Shares @ Market to Open,--,"05/29/2026, 11:59:55 AM",900001001
AVGO,Filled,5 @ 43.9,Sell 5 Shares @ Market to Close,--,"05/29/2026, 11:59:18 AM",900001001
GOOG,Filled,10 @ 37.91,Buy 10 Shares @ Market to Open,--,"05/29/2026, 11:58:54 AM",900001001
PLTR,Filled,25 @ 15.691,Sell 25 Shares @ Market to Close,--,"05/29/2026, 11:58:30 AM",900001001
PSTL,Filled,150 @ 2.295,Buy 150 Shares @ Market to Open,--,"05/29/2026, 11:56:22 AM",900001001
CRDO,Filled,5 @ 22.796,Sell 5 Shares @ Market to Close,--,"05/29/2026, 11:55:20 AM",900001001
BVN,Filled,50 @ 3.67,Sell 50 Shares @ Market to Close,--,"05/29/2026, 11:45:38 AM",900001001
CLS,Filled,15 @ 37.885,Sell 15 Shares @ Market to Close,--,"05/29/2026, 11:45:04 AM",900001001
IAUM,Filled,75 @ 4.558,Sell 75 Shares @ Market to Close,--,"05/29/2026, 11:41:25 AM",900001001
CLS,Filled,7 @ 37.907,Sell 7 Shares @ Market to Close,--,"05/29/2026, 11:35:55 AM",900001001
PLTR,Filled,15 @ 15.691,Sell 15 Shares @ Market to Close,--,"05/29/2026, 11:35:28 AM",900001001
PLTR,Filled,15 @ 15.695,Sell 15 Shares @ Market to Close,--,"05/29/2026, 11:35:02 AM",900001001
PLTR,Filled,15 @ 15.686,Sell 15 Shares @ Market to Close,--,"05/29/2026, 11:34:26 AM",900001001
SSRM,Filled,75 @ 3.123,Sell 75 Shares @ 3.123 Limit GTC to Close,--,"05/29/2026, 11:11:11 AM",900001001
MSFT,Filled,5 @ 44.444,Sell 5 Shares @ 44.444 Limit GTC to Close,--,"05/29/2026, 10:59:12 AM",900001001
CRDO,Filled,20 @ 23,Sell 20 Shares @ 22.987 Limit GTC to Close,--,"05/29/2026, 9:30:39 AM",900001003
PLTR,Filled,15 @ 14.8,Sell 15 Shares @ 14.678 Limit GTC to Close,--,"05/29/2026, 9:30:38 AM",900001001
MSFT,Filled,5 @ 43.25,Sell 5 Shares @ 42.999 Limit GTC to Close,--,"05/29/2026, 9:30:18 AM",900001001
CRDO,Filled,15 @ 23,Sell 15 Shares @ 22.899 Limit GTC to Close,--,"05/29/2026, 9:30:14 AM",900001001
MFC,Rejected,--,Sell 50 Shares @ 3.876 Limit GTC to Close,--,"05/28/2026, 4:08:10 PM",900001001
KGC,Filled,125 @ 2.929,Sell 125 Shares @ Market CLO to Close,--,"05/28/2026, 4:01:21 PM",900001001
UNFI,Filled,75 @ 5.246,Sell 75 Shares @ Market CLO to Close,--,"05/28/2026, 4:00:04 PM",900001001
CLS,Filled,7 @ 35.102,Buy 7 Shares @ Market CLO to Open,--,"05/28/2026, 4:00:04 PM",900001001
PARR,Filled,40 @ 5.648,Buy 40 Shares @ Market CLO to Open,--,"05/28/2026, 4:00:04 PM",900001001
PSTL,Filled,175 @ 2.346,Buy 175 Shares @ Market CLO to Open,--,"05/28/2026, 4:00:04 PM",900001001
BAC,Filled,50 @ 5.077,Sell 50 Shares @ Market CLO to Close,--,"05/28/2026, 4:00:04 PM",900001001
DHT,Filled,20 @ 1.635,Sell 20 Shares @ Market CLO to Close,--,"05/28/2026, 4:00:04 PM",900001001
DHT,Filled,125 @ 1.635,Sell 125 Shares @ Market CLO to Close,--,"05/28/2026, 4:00:04 PM",900001001
THG,Filled,15 @ 18.739,Buy 15 Shares @ Market CLO to Open,--,"05/28/2026, 4:00:03 PM",900001001
MLPI,Filled,20 @ 5.542,Buy 20 Shares @ Market CLO to Open,--,"05/28/2026, 4:00:03 PM",900001001
EZPW,Filled,75 @ 3.215,Buy 75 Shares @ Market CLO to Open,--,"05/28/2026, 4:00:03 PM",900001001
IREN,Filled,50 @ 6.405,Buy 50 Shares @ Market CLO to Open,--,"05/28/2026, 4:00:03 PM",900001001
GDMN,Filled,35 @ 9.204,Sell 35 Shares @ Market CLO to Close,--,"05/28/2026, 4:00:03 PM",900001001
DY,Filled,5 @ 53.52,Sell 5 Shares @ Market CLO to Close,--,"05/28/2026, 4:00:03 PM",900001001
TIMB,Filled,75 @ 2.227,Sell 75 Shares @ Market CLO to Close,--,"05/28/2026, 4:00:03 PM",900001001
LITE,Filled,7 @ 86.062,Buy 7 Shares @ Market CLO to Open,--,"05/28/2026, 4:00:02 PM",900001001
MXL,Filled,50 @ 9.776,Buy 50 Shares @ Market CLO to Open,--,"05/28/2026, 4:00:02 PM",900001001
ICHR,Filled,35 @ 7.015,Buy 35 Shares @ Market CLO to Open,--,"05/28/2026, 4:00:02 PM",900001001
CEG,Filled,4 @ 28.631,Buy 4 Shares @ Market CLO to Open,--,"05/28/2026, 4:00:02 PM",900001001
EWY,Filled,10 @ 20.641,Sell 10 Shares @ Market CLO to Close,--,"05/28/2026, 4:00:02 PM",900001001
IREN,Filled,50 @ 6.405,Buy 50 Shares @ Market CLO to Open,--,"05/28/2026, 4:00:02 PM",900001001
LITE,Filled,5 @ 86.062,Buy 5 Shares @ Market CLO to Open,--,"05/28/2026, 4:00:02 PM",900001001
GDE,Filled,50 @ 6.837,Sell 50 Shares @ Market CLO to Close,--,"05/28/2026, 4:00:02 PM",900001001
USAR,Filled,100 @ 2.819,Sell 100 Shares @ Market CLO to Close,--,"05/28/2026, 4:00:02 PM",900001001
PLTR,Filled,25 @ 14.334,Sell 25 Shares @ Market CLO to Close,--,"05/28/2026, 4:00:02 PM",900001001
AMD,Filled,5 @ 51.809,Sell 5 Shares @ Market CLO to Close,--,"05/28/2026, 4:00:02 PM",900001001
NBIS,Filled,5 @ 22.634,Sell 5 Shares @ Market CLO to Close,--,"05/28/2026, 4:00:01 PM",900001001
SMCI,Filled,25 @ 4.13,Sell 25 Shares @ Market CLO to Close,--,"05/28/2026, 4:00:01 PM",900001001
STRL,Filled,5 @ 83.456,Sell 5 Shares @ 83.456 Limit to Close,--,"05/28/2026, 3:03:32 PM",900001001
ICHR,Filled,25 @ 7.036,Buy 25 Shares @ Market to Open,--,"05/28/2026, 3:03:06 PM",900001001
VGSH,Filled,200 @ 5.831,Sell 200 Shares @ Market to Close,--,"05/28/2026, 2:59:43 PM",900001001
FN,Filled,7 @ 67.374,Buy 7 Shares @ Market to Open,--,"05/28/2026, 2:58:31 PM",900001001
TTMI,Filled,25 @ 18.719,Buy 25 Shares @ Market to Open,--,"05/28/2026, 2:57:40 PM",900001001
MU,Filled,2 @ 93.563,Buy 2 Shares @ Market to Open,--,"05/28/2026, 2:56:31 PM",900001001
MXL,Filled,50 @ 9.666,Buy 50 Shares @ Market to Open,--,"05/28/2026, 2:48:43 PM",900001001
CGDV,Filled,225 @ 4.841,Sell 225 Shares @ Market to Close,--,"05/28/2026, 2:47:32 PM",900001001
URA,Filled,40 @ 5.08,Sell 40 Shares @ Market to Close,--,"05/28/2026, 2:46:56 PM",900001001
AUGO,Filled,25 @ 7.66,Sell 25 Shares @ Market to Close,--,"05/28/2026, 2:44:15 PM",900001001
BRK.B,Filled,7 @ 47.798,Buy 7 Shares @ Market to Open,--,"05/28/2026, 2:41:32 PM",900001001
COPX,Filled,40 @ 8.852,Sell 40 Shares @ Market to Close,--,"05/28/2026, 2:41:01 PM",900001001
STRL,Filled,5 @ 82.833,Sell 5 Shares @ Market to Close,--,"05/28/2026, 2:39:06 PM",900001001
IAUM,Filled,75 @ 4.484,Sell 75 Shares @ Market to Close,--,"05/28/2026, 2:38:23 PM",900001001
QQQ,Filled,3 @ 73.603,Sell 3 Shares @ Market to Close,--,"05/28/2026, 2:26:47 PM",900001001
FN,Filled,5 @ 67.415,Buy 5 Shares @ Market to Open,--,"05/28/2026, 2:24:01 PM",900001001
EAT,Filled,10 @ 13.895,Buy 10 Shares @ 13.905 Limit to Open,--,"05/28/2026, 2:20:37 PM",900001001
CSTM,Filled,100 @ 3.466,Sell 100 Shares @ Market to Close,--,"05/28/2026, 2:13:41 PM",900001001
SIL,Filled,25 @ 9.188,Sell 25 Shares @ Market to Close,--,"05/28/2026, 2:09:45 PM",900001001
ORLA,Filled,150 @ 1.263,Sell 150 Shares @ Market to Close,--,"05/28/2026, 2:09:21 PM",900001001
BE,Filled,15 @ 30.464,Sell 15 Shares @ Market to Close,--,"05/28/2026, 2:08:48 PM",900001001
BE,Filled,7 @ 30.467,Sell 7 Shares @ Market to Close,--,"05/28/2026, 2:08:21 PM",900001001
CDE,Filled,100 @ 1.864,Sell 100 Shares @ Market to Close,--,"05/28/2026, 2:07:51 PM",900001001
UAE,Filled,200 @ 1.966,Sell 200 Shares @ 1.966 Limit GTC to Close,--,"05/28/2026, 12:57:35 PM",900001001
APP,Filled,3 @ 59.876,Sell 3 Shares @ 59.876 Limit GTC to Close,--,"05/28/2026, 11:14:09 AM",900001001
SNDK,Filled,3 @ 166.999,Sell 3 Shares @ 166.999 Limit to Close,--,"05/28/2026, 10:52:19 AM",900001001
GRNY,Filled,40 @ 2.722,Buy 40 Shares @ Market to Open,--,"05/28/2026, 10:34:12 AM",900001003
UAE,Filled,150 @ 1.93,Sell 150 Shares @ 1.93 Limit to Close,--,"05/28/2026, 10:13:28 AM",900001001
NBIS,Filled,10 @ 22.147,Sell 10 Shares @ Market to Close,--,"05/28/2026, 9:59:11 AM",900001001
PSTL,Filled,75 @ 2.411,Buy 75 Shares @ Market to Open,--,"05/28/2026, 9:54:04 AM",900001001
EZPW,Filled,100 @ 3.323,Buy 100 Shares @ Market to Open,--,"05/28/2026, 9:52:18 AM",900001001
GM,Filled,50 @ 8.37,Buy 50 Shares @ Market to Open,--,"05/28/2026, 9:50:33 AM",900001001
USAR,Filled,150 @ 2.667,Sell 150 Shares @ Market to Close,--,"05/28/2026, 9:49:54 AM",900001001
VTI,Filled,15 @ 36.898,Sell 15 Shares @ Market to Close,--,"05/28/2026, 9:46:13 AM",900001001
IREN,Filled,75 @ 6.502,Buy 75 Shares @ Market to Open,--,"05/28/2026, 9:43:59 AM",900001001
NBIS,Filled,10 @ 22.375,Sell 10 Shares @ Market to Close,--,"05/28/2026, 9:41:04 AM",900001001
NBIS,Filled,15 @ 22.374,Sell 15 Shares @ Market to Close,--,"05/28/2026, 9:40:33 AM",900001001
NBIS,Filled,10 @ 22.39,Sell 10 Shares @ Market to Close,--,"05/28/2026, 9:40:09 AM",900001001
KGC,Filled,125 @ 2.799,Buy 125 Shares @ 2.799 Limit GTC to Open,--,"05/28/2026, 9:36:10 AM",900001001
PSUS,Filled,100 @ 4.066,Buy 100 Shares @ Market to Open,--,"05/28/2026, 9:31:11 AM",900001001
RTX,Filled,20 @ 17.729,Buy 20 Shares @ Market to Open,--,"05/28/2026, 9:30:28 AM",900001001
MXL,Filled,10 @ 10.33,Sell 10 Shares @ 10.123 Limit GTC to Close,--,"05/28/2026, 9:30:28 AM",900001001
NEXA,Canceled,--,Sell 300 Shares @ 1.599 Limit GTC to Close,--,"05/28/2026, 9:01:07 AM",900001001
NEXA,Canceled,--,Sell 100 Shares @ 1.699 Limit GTC to Close,--,"05/28/2026, 9:00:31 AM",900001001
MXL,Canceled,--,Buy 50 Shares @ 9.055 Limit GTC to Open,--,"05/28/2026, 8:56:25 AM",900001001
TWLO,Filled,15 @ 18.157,Buy 15 Shares @ Market CLO to Open,--,"05/27/2026, 4:00:04 PM",900001001
UNFI,Filled,25 @ 5.194,Sell 25 Shares @ Market CLO to Close,--,"05/27/2026, 4:00:04 PM",900001001
BE,Filled,7 @ 29.38,Buy 7 Shares @ Market CLO to Open,--,"05/27/2026, 4:00:04 PM",900001003
MXL,Filled,25 @ 10.11,Sell 25 Shares @ Market CLO to Close,--,"05/27/2026, 4:00:02 PM",900001001
EZPW,Filled,75 @ 3.341,Buy 75 Shares @ Market CLO to Open,--,"05/27/2026, 4:00:02 PM",900001001
CEG,Filled,7 @ 28.962,Buy 7 Shares @ Market to Open,--,"05/27/2026, 3:33:56 PM",900001001
VTIP,Filled,200 @ 5.034,Buy 200 Shares @ Market to Open,--,"05/27/2026, 3:31:11 PM",900001001
VTIP,Canceled,--,Buy 200 Shares @ Market CLO to Open,--,"05/27/2026, 3:31:09 PM",900001001
TIGO,Canceled,--,Sell 10 Shares @ Market CLO to Close,--,"05/27/2026, 3:29:55 PM",900001001
TIGO,Filled,10 @ 8.503,Sell 10 Shares @ Market to Close,--,"05/27/2026, 3:29:52 PM",900001001
MYRG,Filled,5 @ 47.273,Sell 5 Shares @ Market to Close,--,"05/27/2026, 3:29:18 PM",900001001
MYRG,Canceled,--,Sell 5 Shares @ Market CLO to Close,--,"05/27/2026, 3:29:17 PM",900001001
IREN,Filled,50 @ 6.713,Sell 50 Shares @ Market to Close,--,"05/27/2026, 3:28:19 PM",900001001
PATH,Filled,250 @ 1.099,Buy 250 Shares @ 1.099 Limit GTC to Open,--,"05/27/2026, 1:52:35 PM",900001001
TWLO,Filled,15 @ 18.345,Buy 15 Shares @ 18.345 Limit GTC to Open,--,"05/27/2026, 1:14:40 PM",900001001
SNDK,Filled,4 @ 155.39,Buy 4 Shares @ Market to Open,--,"05/27/2026, 10:40:10 AM",900001001
CEG,Filled,20 @ 29.058,Buy 20 Shares @ Market to Open,--,"05/27/2026, 10:39:04 AM",900001001
UNH,Filled,10 @ 38.209,Sell 10 Shares @ Market to Close,--,"05/27/2026, 10:35:52 AM",900001001
URA,Filled,40 @ 4.973,Buy 40 Shares @ Market to Open,--,"05/27/2026, 10:35:23 AM",900001001
CSTM,Filled,150 @ 3.298,Buy 150 Shares @ Market to Open,--,"05/27/2026, 10:34:24 AM",900001001
TIGO,Filled,125 @ 8.575,Sell 125 Shares @ 8.575 Limit GTC to Close,--,"05/27/2026, 10:33:22 AM",900001001
SIVR,Filled,35 @ 7.119,Buy 35 Shares @ Market to Open,--,"05/27/2026, 10:31:45 AM",900001001
MKOR,Filled,50 @ 6.494,Buy 50 Shares @ Market to Open,--,"05/27/2026, 10:25:33 AM",900001001
EIS,Filled,15 @ 13.772,Sell 15 Shares @ Market to Close,--,"05/27/2026, 10:24:34 AM",900001001
TSM,Filled,5 @ 42.071,Sell 5 Shares @ Market to Close,--,"05/27/2026, 10:24:07 AM",900001001
QQQ,Filled,5 @ 72.806,Buy 5 Shares @ Market to Open,--,"05/27/2026, 10:23:24 AM",900001001
SOXX,Filled,5 @ 55.811,Buy 5 Shares @ Market to Open,--,"05/27/2026, 10:22:31 AM",900001001
GDE,Filled,50 @ 6.761,Buy 50 Shares @ Market to Open,--,"05/27/2026, 10:21:44 AM",900001001
AVGO,Filled,5 @ 42.071,Buy 5 Shares @ Market to Open,--,"05/27/2026, 10:21:07 AM",900001001
SYF,Filled,15 @ 7.305,Sell 15 Shares @ Market to Close,--,"05/27/2026, 10:20:24 AM",900001001
MLPI,Filled,50 @ 5.592,Buy 50 Shares @ Market to Open,--,"05/27/2026, 10:19:55 AM",900001001
CSTM,Filled,125 @ 3.307,Buy 125 Shares @ Market to Open,--,"05/27/2026, 10:19:10 AM",900001001
TTMI,Filled,20 @ 18.434,Buy 20 Shares @ Market to Open,--,"05/27/2026, 10:17:48 AM",900001001
VRT,Filled,10 @ 31.931,Buy 10 Shares @ Market to Open,--,"05/27/2026, 10:16:54 AM",900001001
REMX,Filled,25 @ 9.744,Buy 25 Shares @ Market to Open,--,"05/27/2026, 10:16:10 AM",900001001
STRL,Filled,5 @ 78.243,Buy 5 Shares @ Market to Open,--,"05/27/2026, 10:13:53 AM",900001001
SLV,Filled,30 @ 6.764,Buy 30 Shares @ Market to Open,--,"05/27/2026, 10:10:13 AM",900001001
USAR,Filled,175 @ 2.686,Buy 175 Shares @ Market to Open,--,"05/27/2026, 10:09:50 AM",900001001
BE,Filled,15 @ 29.52,Buy 15 Shares @ Market to Open,--,"05/27/2026, 10:08:54 AM",900001001
MXL,Filled,25 @ 9.851,Sell 25 Shares @ Market to Close,--,"05/27/2026, 10:08:08 AM",900001001
LITE,Filled,5 @ 89.439,Buy 5 Shares @ Market to Open,--,"05/27/2026, 10:06:28 AM",900001001
SSRM,Filled,75 @ 3.03,Buy 75 Shares @ Market to Open,--,"05/27/2026, 10:05:59 AM",900001001
NEXA,Filled,300 @ 1.406,Buy 300 Shares @ Market to Open,--,"05/27/2026, 10:05:04 AM",900001001
IAUM,Filled,75 @ 4.418,Buy 75 Shares @ Market to Open,--,"05/27/2026, 10:04:13 AM",900001001
GDMN,Filled,35 @ 9.07,Buy 35 Shares @ Market to Open,--,"05/27/2026, 10:02:53 AM",900001001
TIGO,Filled,50 @ 8.51,Sell 50 Shares @ Market to Close,--,"05/27/2026, 10:02:21 AM",900001001
CRDO,Filled,25 @ 21.841,Buy 25 Shares @ Market to Open,--,"05/27/2026, 10:01:49 AM",900001001
ET,Filled,100 @ 1.936,Buy 100 Shares @ Market to Open,--,"05/27/2026, 10:01:16 AM",900001001
GOOG,Filled,15 @ 38.67,Buy 15 Shares @ Market to Open,--,"05/27/2026, 10:00:48 AM",900001001
CLS,Filled,15 @ 36.241,Buy 15 Shares @ Market to Open,--,"05/27/2026, 9:59:45 AM",900001001
MSFT,Filled,10 @ 41.182,Buy 10 Shares @ Market to Open,--,"05/27/2026, 9:59:10 AM",900001001
NVDA,Filled,20 @ 21.138,Buy 20 Shares @ Market to Open,--,"05/27/2026, 9:58:01 AM",900001001
PLTR,Filled,25 @ 13.25,Buy 25 Shares @ Market to Open,--,"05/27/2026, 9:57:01 AM",900001001
IREN,Filled,25 @ 6.26,Sell 25 Shares @ Market to Close,--,"05/27/2026, 9:53:52 AM",900001001
DY,Filled,10 @ 54.981,Sell 10 Shares @ Market to Close,--,"05/27/2026, 9:53:21 AM",900001001
DY,Filled,7 @ 54.723,Sell 7 Shares @ Market to Close,--,"05/27/2026, 9:53:03 AM",900001001
DY,Filled,1 @ 54.24,Sell 1 Share @ Market to Close,--,"05/27/2026, 9:52:35 AM",900001001
TIGO,Filled,50 @ 8.503,Sell 50 Shares @ Market to Close,--,"05/27/2026, 9:49:30 AM",900001001
DY,Filled,19 @ 54.321,Sell 19 Shares @ Market to Close,--,"05/27/2026, 9:48:37 AM",900001001
EAT,Filled,15 @ 14.321,Sell 15 Shares @ 14.321 Limit GTC to Close,--,"05/27/2026, 9:32:48 AM",900001001
CNSWF,Filled,25 @ 193.789,Buy 25 Shares @ 193.789 Limit GTC to Open,--,"05/27/2026, 9:31:26 AM",900001001
APP,Filled,5 @ 52.456,Sell 5 Shares @ 52.456 Limit GTC to Close,--,"05/27/2026, 9:30:44 AM",900001003
UAE,Filled,100 @ 1.92,Sell 100 Shares @ 1.899 Limit GTC to Close,--,"05/27/2026, 9:30:43 AM",900001001
UAE,Filled,75 @ 1.92,Sell 75 Shares @ Market to Close,--,"05/27/2026, 9:30:43 AM",900001001
MLPI,Filled,50 @ 5.63,Buy 50 Shares @ Market to Open,--,"05/27/2026, 9:30:08 AM",900001001
SYF,Filled,30 @ 7.19,Sell 30 Shares @ Market CLO to Close,--,"05/26/2026, 4:00:05 PM",900001001
CDE,Filled,125 @ 1.837,Sell 125 Shares @ Market CLO to Close,--,"05/26/2026, 4:00:05 PM",900001001
DRAM,Filled,40 @ 6.051,Sell 40 Shares @ Market CLO to Close,--,"05/26/2026, 4:00:03 PM",900001001
AMZN,Filled,15 @ 26.529,Buy 15 Shares @ Market CLO to Open,--,"05/26/2026, 4:00:03 PM",900001001
CRDO,Filled,50 @ 22.164,Buy 50 Shares @ Market CLO to Open,--,"05/26/2026, 4:00:03 PM",900001001
CRDO,Filled,2 @ 22.164,Sell 2 Shares @ Market CLO to Close,--,"05/26/2026, 4:00:03 PM",900001003
IREN,Filled,75 @ 5.978,Sell 75 Shares @ Market CLO to Close,--,"05/26/2026, 4:00:02 PM",900001001
EZPW,Filled,100 @ 3.462,Sell 100 Shares @ Market CLO to Close,--,"05/26/2026, 4:00:02 PM",900001001
SMCI,Filled,50 @ 3.71,Sell 50 Shares @ Market CLO to Close,--,"05/26/2026, 4:00:01 PM",900001001
EWY,Filled,25 @ 20.065,Sell 25 Shares @ Market CLO to Close,--,"05/26/2026, 4:00:01 PM",900001001
TSLA,Filled,3 @ 43.359,Sell 3 Shares @ Market CLO to Close,--,"05/26/2026, 4:00:01 PM",900001001
GDE,Filled,20 @ 6.818,Sell 20 Shares @ Market CLO to Close,--,"05/26/2026, 4:00:01 PM",900001003
IAUM,Filled,75 @ 4.492,Buy 75 Shares @ Market CLO to Open,--,"05/26/2026, 4:00:00 PM",900001001
PPLT,Filled,40 @ 1.774,Sell 40 Shares @ Market CLO to Close,--,"05/26/2026, 4:00:00 PM",900001003
GRNJ,Filled,75 @ 3.125,Sell 75 Shares @ Market to Close,--,"05/26/2026, 3:00:17 PM",900001003
CGDV,Filled,50 @ 4.813,Sell 50 Shares @ Market to Close,--,"05/26/2026, 2:55:49 PM",900001003
SMCI,Filled,40 @ 3.765,Sell 40 Shares @ 3.765 Limit GTC to Close,--,"05/26/2026, 1:01:05 PM",900001001
CRDO,Filled,15 @ 21.453,Buy 15 Shares @ Market to Open,--,"05/26/2026, 12:05:30 PM",900001001
DRAM,Filled,15 @ 5.99,Sell 15 Shares @ Market to Close,--,"05/26/2026, 12:03:21 PM",900001001
UNH,Filled,5 @ 37.861,Buy 5 Shares @ Market to Open,--,"05/26/2026, 12:02:03 PM",900001001
BRK.B,Filled,10 @ 48.376,Buy 10 Shares @ Market to Open,--,"05/26/2026, 11:58:40 AM",900001001
CCL,Filled,30 @ 2.676,Sell 30 Shares @ Market to Close,--,"05/26/2026, 11:42:49 AM",900001001
CCL,Filled,25 @ 2.676,Sell 25 Shares @ Market to Close,--,"05/26/2026, 11:42:29 AM",900001001
CCL,Filled,10 @ 2.675,Sell 10 Shares @ Market to Close,--,"05/26/2026, 11:42:07 AM",900001001
SNDK,Filled,1 @ 158.442,Sell 1 Share @ Market to Close,--,"05/26/2026, 11:41:32 AM",900001001
NBIS,Filled,15 @ 21.153,Buy 15 Shares @ Market to Open,--,"05/26/2026, 11:41:09 AM",900001001
QQQ,Filled,10 @ 72.768,Sell 10 Shares @ 72.768 Limit to Close,--,"05/26/2026, 11:41:03 AM",900001001
LITE,Filled,5 @ 91.031,Buy 5 Shares @ Market to Open,--,"05/26/2026, 11:40:05 AM",900001001
CSTM,Filled,150 @ 3.456,Sell 150 Shares @ Market to Close,--,"05/26/2026, 11:38:10 AM",900001001
ET,Filled,150 @ 1.97,Buy 150 Shares @ Market to Open,--,"05/26/2026, 11:37:07 AM",900001001
NVDA,Filled,75 @ 21.46,Buy 75 Shares @ Market to Open,--,"05/26/2026, 11:36:10 AM",900001001
TIGO,Filled,125 @ 8.074,Buy 125 Shares @ Market to Open,--,"05/26/2026, 11:35:45 AM",900001001
SOXX,Filled,5 @ 56.425,Sell 5 Shares @ Market to Close,--,"05/26/2026, 11:34:47 AM",900001001
TSM,Filled,3 @ 41.269,Sell 3 Shares @ Market to Close,--,"05/26/2026, 11:34:14 AM",900001001
SYF,Filled,15 @ 7.254,Sell 15 Shares @ Market to Close,--,"05/26/2026, 11:33:50 AM",900001001
IWM,Filled,20 @ 28.897,Sell 20 Shares @ Market to Close,--,"05/26/2026, 11:33:25 AM",900001001
AVGO,Filled,15 @ 42.463,Sell 15 Shares @ Market to Close,--,"05/26/2026, 11:32:45 AM",900001001
GDMN,Filled,67 @ 9.274,Sell 67 Shares @ Market to Close,--,"05/26/2026, 11:31:56 AM",900001001
NBIS,Filled,10 @ 21.199,Buy 10 Shares @ Market to Open,--,"05/26/2026, 11:30:35 AM",900001001
TSM,Filled,5 @ 41.335,Sell 5 Shares @ Market to Close,--,"05/26/2026, 11:28:56 AM",900001001
VGSH,Filled,1000 @ 5.825,Buy 1000 Shares @ Market to Open,--,"05/26/2026, 11:26:41 AM",900001001
MLPI,Filled,50 @ 5.706,Buy 50 Shares @ Market to Open,--,"05/26/2026, 11:25:37 AM",900001001
MXL,Filled,25 @ 9.345,Buy 25 Shares @ Market to Open,--,"05/26/2026, 11:24:40 AM",900001001
GDMN,Filled,25 @ 9.294,Sell 25 Shares @ Market to Close,--,"05/26/2026, 11:23:13 AM",900001001
MTZ,Filled,10 @ 39.054,Sell 10 Shares @ Market to Close,--,"05/26/2026, 11:22:50 AM",900001001
MTZ,Filled,5 @ 39.054,Sell 5 Shares @ Market to Close,--,"05/26/2026, 11:22:30 AM",900001001
MTZ,Filled,5 @ 39.065,Sell 5 Shares @ Market to Close,--,"05/26/2026, 11:21:34 AM",900001001
SMCI,Filled,65 @ 3.639,Sell 65 Shares @ Market to Close,--,"05/26/2026, 11:20:29 AM",900001001
SMCI,Filled,50 @ 3.638,Sell 50 Shares @ Market to Close,--,"05/26/2026, 11:20:09 AM",900001001
SMCI,Filled,20 @ 3.644,Sell 20 Shares @ Market to Close,--,"05/26/2026, 11:19:49 AM",900001001
TSLA,Filled,5 @ 43.373,Sell 5 Shares @ Market to Close,--,"05/26/2026, 11:19:23 AM",900001001
SSRM,Filled,75 @ 3.057,Sell 75 Shares @ Market to Close,--,"05/26/2026, 11:18:50 AM",900001001
CSTM,Filled,75 @ 3.46,Sell 75 Shares @ Market to Close,--,"05/26/2026, 11:16:39 AM",900001001
GOOG,Filled,10 @ 38.402,Sell 10 Shares @ Market to Close,--,"05/26/2026, 11:16:06 AM",900001001
NUKZ,Filled,30 @ 7.301,Sell 30 Shares @ Market to Close,--,"05/26/2026, 11:15:35 AM",900001001
CSTM,Filled,50 @ 3.463,Sell 50 Shares @ Market to Close,--,"05/26/2026, 11:14:03 AM",900001001
CSTM,Filled,100 @ 3.461,Sell 100 Shares @ Market to Close,--,"05/26/2026, 11:13:29 AM",900001001
STRL,Filled,5 @ 77.7,Sell 5 Shares @ Market to Close,--,"05/26/2026, 11:12:45 AM",900001001
CEG,Filled,5 @ 30.615,Sell 5 Shares @ Market to Close,--,"05/26/2026, 11:12:21 AM",900001001
CSTM,Filled,35 @ 3.471,Sell 35 Shares @ Market to Close,--,"05/26/2026, 11:11:04 AM",900001001
MKOR,Filled,70 @ 6.595,Sell 70 Shares @ Market to Close,--,"05/26/2026, 11:10:33 AM",900001001
EWY,Filled,25 @ 19.799,Sell 25 Shares @ Market to Close,--,"05/26/2026, 11:09:46 AM",900001001
MU,Filled,3 @ 87.654,Sell 3 Shares @ 87.654 Limit GTC to Close,--,"05/26/2026, 10:26:38 AM",900001001
MU,Filled,2 @ 85.896,Sell 2 Shares @ Market to Close,--,"05/26/2026, 10:16:21 AM",900001001
CGAU,Filled,250 @ 1.721,Sell 250 Shares @ Market to Close,--,"05/26/2026, 10:15:48 AM",900001001
DB,Filled,40 @ 3.355,Sell 40 Shares @ Market to Close,--,"05/26/2026, 10:15:21 AM",900001001
GRBK,Filled,60 @ 6.727,Sell 60 Shares @ Market to Close,--,"05/26/2026, 10:14:43 AM",900001001
GRBK,Canceled,--,Sell 60 Shares @ 6.789 Limit GTC to Close,--,"05/26/2026, 10:14:43 AM",900001001
ECH,Filled,55 @ 4.137,Sell 55 Shares @ Market to Close,--,"05/26/2026, 10:13:45 AM",900001001
ECH,Canceled,--,Sell 55 Shares @ 4.599 Limit GTC to Close,--,"05/26/2026, 10:13:45 AM",900001001
NBIS,Filled,10 @ 21.413,Buy 10 Shares @ Market to Open,--,"05/26/2026, 10:12:53 AM",900001001
BRK.B,Filled,5 @ 48.449,Buy 5 Shares @ Market to Open,--,"05/26/2026, 10:12:25 AM",900001001
UNH,Filled,5 @ 37.799,Buy 5 Shares @ Market to Open,--,"05/26/2026, 10:11:55 AM",900001001
LITE,Filled,3 @ 91.527,Buy 3 Shares @ Market to Open,--,"05/26/2026, 10:11:33 AM",900001001
MXL,Filled,25 @ 9.158,Buy 25 Shares @ Market to Open,--,"05/26/2026, 10:11:09 AM",900001001
MSFT,Filled,5 @ 41.774,Buy 5 Shares @ Market to Open,--,"05/26/2026, 10:10:46 AM",900001001
ETH,Filled,100 @ 2.02,Sell 100 Shares @ Market to Close,--,"05/26/2026, 10:10:10 AM",900001001
ETH,Filled,150 @ 2.02,Sell 150 Shares @ Market to Close,--,"05/26/2026, 10:09:53 AM",900001001
LTM,Filled,20 @ 5.2,Sell 20 Shares @ Market to Close,--,"05/26/2026, 10:09:12 AM",900001001
VRT,Filled,20 @ 33.926,Sell 20 Shares @ Market to Close,--,"05/26/2026, 10:08:25 AM",900001001
DHT,Filled,60 @ 1.728,Sell 60 Shares @ Market to Close,--,"05/26/2026, 10:08:01 AM",900001001
USAR,Filled,100 @ 2.614,Sell 100 Shares @ Market to Close,--,"05/26/2026, 10:07:34 AM",900001001
BLBD,Filled,36 @ 6.822,Sell 36 Shares @ Market to Close,--,"05/26/2026, 10:07:05 AM",900001001
BLOX,Filled,300 @ 1.732,Sell 300 Shares @ Market to Close,--,"05/26/2026, 10:06:33 AM",900001001
IREN,Filled,25 @ 5.917,Sell 25 Shares @ Market to Close,--,"05/26/2026, 10:06:11 AM",900001001
QQQ,Filled,5 @ 72.804,Sell 5 Shares @ Market to Close,--,"05/26/2026, 10:05:36 AM",900001001
DRH,Filled,300 @ 1.086,Sell 300 Shares @ Market to Close,--,"05/26/2026, 10:05:11 AM",900001001
EMEQ,Filled,75 @ 6.65,Sell 75 Shares @ Market to Close,--,"05/26/2026, 10:04:47 AM",900001001
CRDO,Filled,15 @ 22.438,Sell 15 Shares @ Market to Close,--,"05/26/2026, 10:00:41 AM",900001001
CRDO,Filled,40 @ 22.344,Sell 40 Shares @ Market to Close,--,"05/26/2026, 10:00:17 AM",900001001
CRDO,Filled,25 @ 22.251,Sell 25 Shares @ Market to Close,--,"05/26/2026, 9:59:52 AM",900001001
CRDO,Filled,25 @ 22.235,Sell 25 Shares @ Market to Close,--,"05/26/2026, 9:59:30 AM",900001001
STRL,Filled,5 @ 77.569,Sell 5 Shares @ Market to Close,--,"05/26/2026, 9:58:52 AM",900001001
W,Filled,30 @ 7.065,Sell 30 Shares @ Market to Close,--,"05/26/2026, 9:58:33 AM",900001001
SNDK,Filled,5 @ 158.13,Sell 5 Shares @ Market to Close,--,"05/26/2026, 9:58:09 AM",900001001
SNDK,Filled,2 @ 158.087,Sell 2 Shares @ Market to Close,--,"05/26/2026, 9:57:55 AM",900001001
MKOR,Filled,75 @ 6.615,Sell 75 Shares @ Market to Close,--,"05/26/2026, 9:57:40 AM",900001001
EWY,Filled,15 @ 19.832,Sell 15 Shares @ Market to Close,--,"05/26/2026, 9:57:23 AM",900001001
PSIX,Filled,100 @ 4.275,Sell 100 Shares @ Market to Close,--,"05/26/2026, 9:57:09 AM",900001001
PSIX,Filled,50 @ 4.295,Sell 50 Shares @ Market to Close,--,"05/26/2026, 9:56:56 AM",900001001
DRAM,Filled,200 @ 5.891,Sell 200 Shares @ Market to Close,--,"05/26/2026, 9:56:41 AM",900001001
MU,Filled,3 @ 85.784,Sell 3 Shares @ Market to Close,--,"05/26/2026, 9:56:28 AM",900001001
MU,Filled,3 @ 85.802,Sell 3 Shares @ Market to Close,--,"05/26/2026, 9:55:57 AM",900001001
APP,Filled,4 @ 52.569,Sell 4 Shares @ Market to Close,--,"05/26/2026, 9:55:33 AM",900001001
APP,Filled,7 @ 52.511,Sell 7 Shares @ Market to Close,--,"05/26/2026, 9:55:21 AM",900001001
APP,Filled,7 @ 52.548,Sell 7 Shares @ Market to Close,--,"05/26/2026, 9:55:09 AM",900001001
ICHR,Filled,20 @ 6.928,Sell 20 Shares @ Market to Close,--,"05/26/2026, 9:52:06 AM",900001001
CLS,Filled,15 @ 37.165,Sell 15 Shares @ Market to Close,--,"05/26/2026, 9:49:12 AM",900001001
TSLA,Filled,5 @ 42.977,Sell 5 Shares @ Market to Close,--,"05/26/2026, 9:48:21 AM",900001001
GDE,Filled,100 @ 6.855,Sell 100 Shares @ Market to Close,--,"05/26/2026, 9:47:25 AM",900001001
INCY,Filled,25 @ 9.766,Sell 25 Shares @ Market to Close,--,"05/26/2026, 9:46:53 AM",900001001
CVSA,Filled,15 @ 12.484,Sell 15 Shares @ Market to Close,--,"05/26/2026, 9:46:27 AM",900001001
TIMB,Filled,300 @ 2.244,Sell 300 Shares @ Market to Close,--,"05/26/2026, 9:45:15 AM",900001001
ALL,Filled,15 @ 21.759,Sell 15 Shares @ Market to Close,--,"05/26/2026, 9:44:14 AM",900001001
ET,Filled,100 @ 1.986,Buy 100 Shares @ Market to Open,--,"05/26/2026, 9:43:19 AM",900001001
COHR,Filled,5 @ 37.519,Buy 5 Shares @ Market to Open,--,"05/26/2026, 9:42:05 AM",900001001
EWO,Filled,100 @ 4.118,Sell 100 Shares @ Market to Close,--,"05/26/2026, 9:41:10 AM",900001001
COHR,Filled,5 @ 37.55,Buy 5 Shares @ Market to Open,--,"05/26/2026, 9:39:58 AM",900001001
MLPI,Filled,35 @ 5.747,Buy 35 Shares @ Market to Open,--,"05/26/2026, 9:39:24 AM",900001001
PLTR,Filled,15 @ 13.407,Buy 15 Shares @ Market to Open,--,"05/26/2026, 9:38:51 AM",900001001
MXL,Filled,15 @ 9.944,Buy 15 Shares @ Market to Open,--,"05/26/2026, 9:38:16 AM",900001001
USAR,Filled,100 @ 2.636,Sell 100 Shares @ 2.636 Limit GTC to Close,--,"05/26/2026, 9:36:16 AM",900001001
IREN,Filled,50 @ 5.999,Sell 50 Shares @ 5.999 Limit GTC to Close,--,"05/26/2026, 9:30:59 AM",900001001
NBIS,Filled,10 @ 21.144,Buy 10 Shares @ Market to Open,--,"05/22/2026, 3:30:40 PM",900001001
CRDO,Filled,10 @ 20.456,Sell 10 Shares @ 20.456 Limit to Close,--,"05/22/2026, 11:08:15 AM",900001001
BLOX,Canceled,--,Buy 150 Shares @ Market CLO to Open,--,"05/22/2026, 10:47:17 AM",900001001
BLOX,Filled,150 @ 1.68,Buy 150 Shares @ Market to Open,--,"05/22/2026, 10:47:15 AM",900001001
UNFI,Filled,45 @ 4.922,Buy 45 Shares @ Market to Open,--,"05/22/2026, 10:41:26 AM",900001001
PARR,Filled,35 @ 5.759,Buy 35 Shares @ Market to Open,--,"05/22/2026, 10:40:16 AM",900001001
DHT,Filled,60 @ 1.72,Buy 60 Shares @ Market to Open,--,"05/22/2026, 10:39:04 AM",900001001
SIL,Filled,25 @ 8.718,Buy 25 Shares @ Market to Open,--,"05/22/2026, 10:38:23 AM",900001001
IWM,Filled,10 @ 28.499,Sell 10 Shares @ 28.499 Limit GTC to Close,--,"05/22/2026, 10:37:43 AM",900001001
UNH,Filled,5 @ 38.819,Sell 5 Shares @ Market to Close,--,"05/22/2026, 10:36:05 AM",900001001
AMD,Filled,5 @ 46.88,Sell 5 Shares @ Market to Close,--,"05/22/2026, 10:35:23 AM",900001001
NBIS,Filled,10 @ 21.782,Buy 10 Shares @ Market to Open,--,"05/22/2026, 10:34:04 AM",900001001
PLTR,Filled,15 @ 13.472,Buy 15 Shares @ Market to Open,--,"05/22/2026, 10:32:06 AM",900001001
MXL,Filled,25 @ 9.659,Buy 25 Shares @ Market to Open,--,"05/22/2026, 10:31:23 AM",900001001
PSTL,Filled,100 @ 2.382,Buy 100 Shares @ Market to Open,--,"05/22/2026, 10:30:53 AM",900001001
VTI,Filled,15 @ 36.658,Sell 15 Shares @ Market to Close,--,"05/22/2026, 10:29:35 AM",900001001
AMD,Filled,5 @ 46.403,Sell 5 Shares @ 46.399 Limit to Close,--,"05/22/2026, 10:26:37 AM",900001001
GM,Filled,10 @ 7.91,Sell 10 Shares @ 7.91 Limit GTC to Close,--,"05/22/2026, 10:25:39 AM",900001001
MXL,Filled,45 @ 9.598,Buy 45 Shares @ Market to Open,--,"05/22/2026, 10:24:43 AM",900001001
VRT,Filled,3 @ 32.972,Sell 3 Shares @ Market to Close,--,"05/22/2026, 10:23:41 AM",900001001
QQQ,Filled,5 @ 71.656,Sell 5 Shares @ Market to Close,--,"05/22/2026, 10:23:12 AM",900001001
QQQ,Canceled,--,Sell 5 Shares @ 76.543 Limit GTC to Close,--,"05/22/2026, 10:23:12 AM",900001001
USAR,Filled,100 @ 2.608,Sell 100 Shares @ 2.602 Limit GTC to Close,--,"05/22/2026, 10:16:27 AM",900001001
DRAM,Filled,40 @ 5.302,Buy 40 Shares @ 5.302 Limit to Open,--,"05/22/2026, 10:14:47 AM",900001001
DHT,Filled,125 @ 1.732,Buy 125 Shares @ Market to Open,--,"05/22/2026, 10:12:41 AM",900001001
TSLA,Filled,7 @ 42.344,Sell 7 Shares @ Market to Close,--,"05/22/2026, 10:11:51 AM",900001001
GDMN,Filled,25 @ 9.028,Buy 25 Shares @ Market to Open,--,"05/22/2026, 10:11:20 AM",900001001
NVDA,Filled,20 @ 21.678,Buy 20 Shares @ Market to Open,--,"05/22/2026, 10:09:58 AM",900001001
GOOG,Filled,10 @ 38.097,Buy 10 Shares @ Market to Open,--,"05/22/2026, 10:09:15 AM",900001001
BE,Filled,10 @ 31.188,Sell 10 Shares @ Market to Close,--,"05/22/2026, 10:08:51 AM",900001001
IWM,Filled,8 @ 28.483,Sell 8 Shares @ Market to Close,--,"05/22/2026, 10:08:29 AM",900001001
CRDO,Filled,20 @ 20.499,Sell 20 Shares @ 20.499 Limit GTC to Close,--,"05/22/2026, 10:08:26 AM",900001001
PLTR,Filled,2 @ 13.676,Sell 2 Shares @ Market to Close,--,"05/22/2026, 10:04:03 AM",900001002
BE,Filled,2 @ 31.2,Sell 2 Shares @ Market to Close,--,"05/22/2026, 10:03:13 AM",900001002
TTMI,Filled,10 @ 18.989,Sell 10 Shares @ 18.989 Limit GTC to Close,--,"05/22/2026, 9:33:14 AM",900001001
ICHR,Filled,15 @ 6.532,Buy 15 Shares @ Market CLO to Open,--,"05/21/2026, 4:00:02 PM",900001001
SMCI,Filled,40 @ 3.346,Buy 40 Shares @ Market CLO to Open,--,"05/21/2026, 4:00:00 PM",900001001
MXL,Filled,35 @ 9.529,Buy 35 Shares @ Market to Open,--,"05/21/2026, 10:27:37 AM",900001001
NVDA,Filled,15 @ 21.862,Buy 15 Shares @ Market to Open,--,"05/21/2026, 10:25:38 AM",900001001
UNFI,Filled,40 @ 4.912,Buy 40 Shares @ Market to Open,--,"05/21/2026, 10:25:15 AM",900001001
AMD,Filled,10 @ 43.405,Buy 10 Shares @ Market to Open,--,"05/21/2026, 10:24:53 AM",900001001
SSRM,Filled,75 @ 2.986,Buy 75 Shares @ Market to Open,--,"05/21/2026, 10:24:27 AM",900001001
BE,Filled,7 @ 30.544,Sell 7 Shares @ Market to Close,--,"05/21/2026, 10:22:06 AM",900001001
LITE,Filled,2 @ 92.686,Sell 2 Shares @ Market to Close,--,"05/21/2026, 10:21:45 AM",900001001
BE,Filled,7 @ 30.665,Sell 7 Shares @ Market to Close,--,"05/21/2026, 10:21:17 AM",900001001
LITE,Filled,3 @ 93.085,Sell 3 Shares @ Market to Close,--,"05/21/2026, 10:20:50 AM",900001001
USAR,Filled,125 @ 2.411,Sell 125 Shares @ Market to Close,--,"05/21/2026, 10:20:31 AM",900001001
USAR,Filled,50 @ 2.415,Sell 50 Shares @ Market to Close,--,"05/21/2026, 10:20:07 AM",900001001
USAR,Filled,75 @ 2.423,Sell 75 Shares @ Market to Close,--,"05/21/2026, 10:19:45 AM",900001001
TTMI,Filled,15 @ 17.599,Sell 15 Shares @ 17.599 Limit GTC to Close,--,"05/21/2026, 9:54:33 AM",900001001
NVDA,Filled,20 @ 22.216,Buy 20 Shares @ Market to Open,--,"05/21/2026, 9:30:29 AM",900001001
NEXA,Filled,100 @ 1.363,Buy 100 Shares @ Market to Open,--,"05/21/2026, 9:30:11 AM",900001001
LITE,Filled,3 @ 87.2,Buy 3 Shares @ Market to Open,--,"05/21/2026, 9:30:11 AM",900001001
AGX,Expired,--,Buy 5 Shares @ 61.999 Limit EXT to Open,--,"05/20/2026, 8:00:21 PM",900001001
BE,Filled,2 @ 28.231,Sell 2 Shares @ Market CLO to Close,--,"05/20/2026, 4:00:03 PM",900001002
LITE,Filled,2 @ 86.807,Buy 2 Shares @ Market CLO to Open,--,"05/20/2026, 4:00:02 PM",900001002
LITE,Filled,1 @ 86.807,Buy 1 Share @ Market CLO to Open,--,"05/20/2026, 4:00:02 PM",900001003
GDMN,Filled,40 @ 9.26,Sell 40 Shares @ Market CLO to Close,--,"05/20/2026, 4:00:01 PM",900001001
SSRM,Filled,75 @ 3.074,Sell 75 Shares @ Market CLO to Close,--,"05/20/2026, 4:00:01 PM",900001001
PLTR,Filled,15 @ 13.715,Sell 15 Shares @ Market CLO to Close,--,"05/20/2026, 4:00:01 PM",900001001
VRT,Filled,3 @ 31.521,Buy 3 Shares @ Market to Open,--,"05/20/2026, 3:53:01 PM",900001001
FN,Filled,10 @ 65.739,Buy 10 Shares @ Market to Open,--,"05/20/2026, 3:51:22 PM",900001001
BRK.B,Filled,10 @ 48.101,Sell 10 Shares @ Market to Close,--,"05/20/2026, 3:50:24 PM",900001001
GM,Filled,30 @ 7.581,Sell 30 Shares @ Market to Close,--,"05/20/2026, 3:48:36 PM",900001001
GM,Filled,10 @ 7.581,Sell 10 Shares @ Market to Close,--,"05/20/2026, 3:47:51 PM",900001001
LITE,Canceled,--,Buy 1 Share @ Market CLO to Open,--,"05/20/2026, 3:43:38 PM",900001002
PINE,Filled,125 @ 1.905,Buy 125 Shares @ 1.905 Limit GTC to Open,--,"05/20/2026, 12:33:25 PM",900001001
MSFT,Filled,5 @ 41.578,Buy 5 Shares @ Market to Open,--,"05/20/2026, 10:54:47 AM",900001001
CLS,Filled,5 @ 35.258,Sell 5 Shares @ Market to Close,--,"05/20/2026, 10:53:13 AM",900001001
CRDO,Filled,4 @ 17.928,Sell 4 Shares @ Market to Close,--,"05/20/2026, 10:37:11 AM",900001003
MXL,Filled,25 @ 9.432,Buy 25 Shares @ 9.432 Limit GTC to Open,--,"05/20/2026, 10:34:35 AM",900001001
MLPI,Filled,50 @ 5.747,Buy 50 Shares @ Market to Open,--,"05/20/2026, 10:33:52 AM",900001001
APP,Filled,7 @ 46.649,Buy 7 Shares @ Market to Open,--,"05/20/2026, 10:33:10 AM",900001001
ALL,Filled,5 @ 22.26,Buy 5 Shares @ Market to Open,--,"05/20/2026, 10:31:56 AM",900001001
UNFI,Filled,40 @ 5.02,Buy 40 Shares @ Market to Open,--,"05/20/2026, 10:31:24 AM",900001001
GOOG,Filled,10 @ 38.206,Buy 10 Shares @ Market to Open,--,"05/20/2026, 10:30:08 AM",900001001
EZPW,Filled,100 @ 3.255,Sell 100 Shares @ Market to Close,--,"05/20/2026, 10:17:02 AM",900001001
TIGO,Filled,40 @ 8.317,Sell 40 Shares @ Market to Close,--,"05/20/2026, 10:16:23 AM",900001001
CEG,Filled,15 @ 27.648,Sell 15 Shares @ Market to Close,--,"05/20/2026, 10:15:36 AM",900001001
AMD,Filled,5 @ 43.991,Sell 5 Shares @ Market to Close,--,"05/20/2026, 10:15:20 AM",900001001
CRDO,Filled,10 @ 18.201,Sell 10 Shares @ Market to Close,--,"05/20/2026, 10:14:46 AM",900001001
CRDO,Filled,6 @ 18.101,Sell 6 Shares @ Market to Close,--,"05/20/2026, 10:14:33 AM",900001001
CRDO,Filled,10 @ 18.116,Sell 10 Shares @ Market to Close,--,"05/20/2026, 10:14:16 AM",900001001
UNFI,Filled,40 @ 5,Buy 40 Shares @ Market to Open,--,"05/20/2026, 10:05:24 AM",900001001
USAR,Filled,50 @ 2.057,Buy 50 Shares @ Market to Open,--,"05/20/2026, 10:03:18 AM",900001001
TTMI,Filled,15 @ 16.83,Sell 15 Shares @ Market to Close,--,"05/20/2026, 10:02:46 AM",900001001
MSFT,Filled,5 @ 41.293,Buy 5 Shares @ Market to Open,--,"05/20/2026, 10:02:13 AM",900001001
CSTM,Filled,35 @ 3.148,Buy 35 Shares @ Market to Open,--,"05/20/2026, 10:00:56 AM",900001001
NWG,Filled,125 @ 1.534,Sell 125 Shares @ Market to Close,--,"05/20/2026, 9:57:34 AM",900001001
EIS,Filled,10 @ 13.023,Sell 10 Shares @ Market to Close,--,"05/20/2026, 9:55:47 AM",900001001
LITE,Filled,2 @ 89.163,Buy 2 Shares @ Market to Open,--,"05/20/2026, 9:54:22 AM",900001001
MXL,Filled,25 @ 9.595,Buy 25 Shares @ Market to Open,--,"05/20/2026, 9:51:24 AM",900001001
EPOL,Filled,50 @ 3.925,Sell 50 Shares @ Market to Close,--,"05/20/2026, 9:50:02 AM",900001001
W,Filled,45 @ 5.769,Sell 45 Shares @ Market to Close,--,"05/20/2026, 9:48:57 AM",900001001
NLCP,Filled,250 @ 1.439,Buy 250 Shares @ 1.442 Limit to Open,--,"05/20/2026, 9:42:25 AM",900001001
DHT,Filled,125 @ 1.782,Buy 125 Shares @ Market to Open,--,"05/20/2026, 9:40:57 AM",900001001
MU,Filled,3 @ 71.965,Sell 3 Shares @ Market to Close,--,"05/20/2026, 9:40:13 AM",900001001
AMD,Filled,10 @ 42.975,Sell 10 Shares @ Market to Close,--,"05/20/2026, 9:37:32 AM",900001001
DHT,Filled,20 @ 1.785,Buy 20 Shares @ Market to Open,--,"05/20/2026, 9:30:20 AM",900001001
NVDA,Filled,15 @ 22.061,Buy 15 Shares @ Market CLO to Open,--,"05/19/2026, 4:00:01 PM",900001001
GDMN,Filled,40 @ 8.897,Buy 40 Shares @ Market CLO to Open,--,"05/19/2026, 4:00:00 PM",900001001
UNH,Filled,7 @ 39.141,Sell 7 Shares @ Market to Close,--,"05/19/2026, 3:24:52 PM",900001001
APP,Filled,4 @ 47.631,Buy 4 Shares @ Market to Open,--,"05/19/2026, 3:23:02 PM",900001001
ICHR,Filled,20 @ 6.413,Buy 20 Shares @ Market to Open,--,"05/19/2026, 3:22:33 PM",900001001
USAR,Filled,75 @ 2.027,Buy 75 Shares @ Market to Open,--,"05/19/2026, 3:21:14 PM",900001001
GOOG,Filled,10 @ 38.652,Buy 10 Shares @ Market to Open,--,"05/19/2026, 3:20:35 PM",900001001
MSFT,Filled,5 @ 41.862,Buy 5 Shares @ Market to Open,--,"05/19/2026, 3:20:08 PM",900001001
CLS,Filled,5 @ 33.89,Buy 5 Shares @ Market to Open,--,"05/19/2026, 3:19:42 PM",900001001
STRL,Filled,5 @ 73.857,Buy 5 Shares @ Market to Open,--,"05/19/2026, 3:15:14 PM",900001001
TTMI,Filled,10 @ 16.08,Sell 10 Shares @ Market to Close,--,"05/19/2026, 3:11:30 PM",900001001
ET,Filled,200 @ 2.045,Sell 200 Shares @ Market to Close,--,"05/19/2026, 3:10:52 PM",900001001
MRK,Filled,15 @ 11.422,Sell 15 Shares @ Market to Close,--,"05/19/2026, 3:10:22 PM",900001001
MRK,Filled,50 @ 11.423,Sell 50 Shares @ Market to Close,--,"05/19/2026, 3:10:07 PM",900001001
PARR,Filled,50 @ 6.173,Sell 50 Shares @ Market to Close,--,"05/19/2026, 3:08:03 PM",900001001
MXL,Filled,10 @ 9.403,Sell 10 Shares @ Market to Close,--,"05/19/2026, 3:07:39 PM",900001001
PSTL,Filled,120 @ 2.324,Sell 120 Shares @ Market to Close,--,"05/19/2026, 3:06:46 PM",900001001
CRDO,Filled,10 @ 17.217,Buy 10 Shares @ Market CLO to Open,--,"05/15/2026, 4:00:04 PM",900001001
CRWV,Filled,20 @ 10.73,Buy 20 Shares @ Market CLO to Open,--,"05/15/2026, 4:00:04 PM",900001001
DRAM,Filled,15 @ 5.079,Buy 15 Shares @ Market to Open,--,"05/15/2026, 11:00:44 AM",900001001
NVDA,Filled,75 @ 22.66,Buy 75 Shares @ Market to Open,--,"05/15/2026, 10:57:54 AM",900001001
SNDK,Filled,2 @ 139.598,Sell 2 Shares @ Market to Close,--,"05/15/2026, 10:57:14 AM",900001001
BRK.B,Filled,5 @ 48.51,Sell 5 Shares @ Market to Close,--,"05/15/2026, 10:55:59 AM",900001001
UBER,Filled,30 @ 7.485,Sell 30 Shares @ Market to Close,--,"05/15/2026, 10:55:27 AM",900001001
APP,Filled,5 @ 49.62,Sell 5 Shares @ Market to Close,--,"05/15/2026, 10:55:03 AM",900001001
APP,Filled,10 @ 49.595,Sell 10 Shares @ Market to Close,--,"05/15/2026, 10:54:42 AM",900001001
APP,Filled,5 @ 49.522,Sell 5 Shares @ Market to Close,--,"05/15/2026, 10:54:22 AM",900001001
APP,Filled,7 @ 49.369,Sell 7 Shares @ Market to Close,--,"05/15/2026, 10:54:00 AM",900001001
CRDO,Filled,6 @ 17.399,Buy 6 Shares @ 17.399 Limit GTC to Open,--,"05/15/2026, 10:50:13 AM",900001001
BE,Filled,7 @ 28.323,Buy 7 Shares @ Market to Open,--,"05/15/2026, 10:43:14 AM",900001001
COPX,Filled,40 @ 8.43,Buy 40 Shares @ Market to Open,--,"05/15/2026, 10:42:18 AM",900001001
BLOX,Filled,125 @ 1.697,Buy 125 Shares @ Market to Open,--,"05/15/2026, 10:41:52 AM",900001001
SIVR,Filled,15 @ 7.297,Buy 15 Shares @ Market to Open,--,"05/15/2026, 10:41:21 AM",900001001
MKOR,Filled,75 @ 6.008,Buy 75 Shares @ Market to Open,--,"05/15/2026, 10:40:52 AM",900001001
AMD,Filled,5 @ 43.43,Buy 5 Shares @ Market to Open,--,"05/15/2026, 10:40:18 AM",900001001
EMEQ,Filled,100 @ 6.234,Buy 100 Shares @ Market to Open,--,"05/15/2026, 10:39:59 AM",900001001
EWY,Filled,25 @ 17.988,Buy 25 Shares @ 18.007 Limit to Open,--,"05/15/2026, 10:39:16 AM",900001001
BRK.B,Filled,5 @ 48.663,Sell 5 Shares @ Market to Close,--,"05/15/2026, 10:37:29 AM",900001001
LRN,Filled,25 @ 8.925,Sell 25 Shares @ Market to Close,--,"05/15/2026, 10:37:13 AM",900001001
ALL,Filled,10 @ 21.916,Sell 10 Shares @ Market to Close,--,"05/15/2026, 10:36:53 AM",900001001
BE,Filled,15 @ 28.526,Buy 15 Shares @ Market to Open,--,"05/15/2026, 10:36:38 AM",900001001
NEXA,Filled,300 @ 1.479,Buy 300 Shares @ Market to Open,--,"05/15/2026, 10:36:14 AM",900001001
PSIX,Filled,50 @ 3.879,Buy 50 Shares @ Market to Open,--,"05/15/2026, 10:35:48 AM",900001001
APP,Filled,3 @ 49.202,Sell 3 Shares @ Market to Close,--,"05/15/2026, 10:35:23 AM",900001001
APP,Filled,5 @ 49.266,Sell 5 Shares @ Market to Close,--,"05/15/2026, 10:35:00 AM",900001001
APP,Filled,7 @ 49.266,Sell 7 Shares @ Market to Close,--,"05/15/2026, 10:34:36 AM",900001001
APP,Filled,10 @ 49.289,Sell 10 Shares @ 49.237 Limit to Close,--,"05/15/2026, 10:34:13 AM",900001001
USAR,Filled,200 @ 2.484,Sell 200 Shares @ Market to Close,--,"05/15/2026, 10:33:51 AM",900001001
BRK.B,Filled,7 @ 48.646,Sell 7 Shares @ Market to Close,--,"05/15/2026, 10:33:18 AM",900001001
GDMN,Filled,117 @ 9.428,Buy 117 Shares @ Market to Open,--,"05/15/2026, 10:32:53 AM",900001001
TIGO,Filled,50 @ 8.207,Sell 50 Shares @ Market to Close,--,"05/15/2026, 10:32:21 AM",900001001
THG,Filled,25 @ 19.55,Sell 25 Shares @ Market to Close,--,"05/15/2026, 10:31:33 AM",900001001
MSFT,Filled,25 @ 41.882,Sell 25 Shares @ Market to Close,--,"05/15/2026, 10:30:16 AM",900001001
MSFT,Canceled,--,Sell 25 Shares @ 43.21 Limit GTC to Close,--,"05/15/2026, 10:30:16 AM",900001001
NVDA,Filled,15 @ 22.678,Buy 15 Shares @ 22.678 Limit GTC to Open,--,"05/15/2026, 9:33:48 AM",900001001
APP,Filled,5 @ 48.765,Sell 5 Shares @ 48.765 Limit GTC to Close,--,"05/15/2026, 9:31:55 AM",900001001
UNH,Filled,7 @ 39.477,Buy 7 Shares @ 39.654 Limit GTC to Open,--,"05/15/2026, 9:30:34 AM",900001001
CSTM,Filled,100 @ 3.227,Buy 100 Shares @ 3.229 Limit GTC to Open,--,"05/15/2026, 9:30:16 AM",900001001
SNDK,Filled,2 @ 132.129,Buy 2 Shares @ 134.5 Limit GTC to Open,--,"05/15/2026, 9:30:11 AM",900001001
MXL,Filled,20 @ 8.286,Buy 20 Shares @ Market to Open,--,"05/15/2026, 9:30:11 AM",900001001
MLPI,Filled,50 @ 5.791,Buy 50 Shares @ Market to Open,--,"05/15/2026, 9:30:05 AM",900001001
CSTM,Filled,125 @ 3.35,Buy 125 Shares @ Market CLO to Open,--,"05/14/2026, 4:00:04 PM",900001001
REMX,Filled,25 @ 9.985,Buy 25 Shares @ Market CLO to Open,--,"05/14/2026, 4:00:01 PM",900001001
CRDO,Filled,20 @ 18.38,Buy 20 Shares @ Market to Open,--,"05/14/2026, 1:29:25 PM",900001001
TIGO,Filled,30 @ 8.111,Buy 30 Shares @ Market to Open,--,"05/14/2026, 1:29:01 PM",900001001
SYF,Filled,30 @ 7.102,Buy 30 Shares @ Market to Open,--,"05/14/2026, 1:26:08 PM",900001001
VRT,Filled,10 @ 37.113,Buy 10 Shares @ Market to Open,--,"05/14/2026, 1:24:58 PM",900001001
SIVR,Filled,25 @ 8.055,Buy 25 Shares @ Market to Open,--,"05/14/2026, 1:24:22 PM",900001001
USAR,Filled,100 @ 2.458,Buy 100 Shares @ Market to Open,--,"05/14/2026, 1:23:10 PM",900001001
CRDO,Filled,10 @ 18.407,Buy 10 Shares @ Market to Open,--,"05/14/2026, 1:22:38 PM",900001001
EMEQ,Filled,35 @ 6.521,Buy 35 Shares @ Market to Open,--,"05/14/2026, 1:20:31 PM",900001001
STRL,Filled,5 @ 87.561,Sell 5 Shares @ Market to Close,--,"05/14/2026, 1:18:38 PM",900001001
AVGO,Filled,10 @ 43.129,Sell 10 Shares @ Market to Close,--,"05/14/2026, 1:17:19 PM",900001001
TSM,Filled,5 @ 41.604,Sell 5 Shares @ Market to Close,--,"05/14/2026, 1:16:44 PM",900001001
QQQ,Filled,10 @ 71.876,Sell 10 Shares @ Market to Close,--,"05/14/2026, 1:16:02 PM",900001001
MU,Filled,5 @ 78.765,Buy 5 Shares @ 78.765 Limit to Open,--,"05/14/2026, 1:15:32 PM",900001001
CGDV,Filled,50 @ 4.834,Sell 50 Shares @ Market to Close,--,"05/14/2026, 1:14:37 PM",900001001
BLOX,Filled,200 @ 1.81,Sell 200 Shares @ Market to Close,--,"05/14/2026, 1:12:11 PM",900001001
BLOX,Filled,75 @ 1.809,Sell 75 Shares @ Market to Close,--,"05/14/2026, 1:11:44 PM",900001001
ET,Filled,200 @ 2.032,Sell 200 Shares @ Market to Close,--,"05/14/2026, 1:10:25 PM",900001001
STRL,Filled,3 @ 87.812,Sell 3 Shares @ Market to Close,--,"05/14/2026, 1:09:32 PM",900001001
TSM,Filled,10 @ 41.729,Sell 10 Shares @ Market to Close,--,"05/14/2026, 1:09:04 PM",900001001
PSIX,Filled,100 @ 4.199,Buy 100 Shares @ 4.199 Limit GTC to Open,--,"05/14/2026, 1:08:57 PM",900001001
TSM,Filled,7 @ 41.726,Sell 7 Shares @ Market to Close,--,"05/14/2026, 1:08:33 PM",900001001
APP,Filled,3 @ 47.711,Sell 3 Shares @ Market to Close,--,"05/14/2026, 1:07:29 PM",900001001
APP,Filled,7 @ 47.7,Sell 7 Shares @ Market to Close,--,"05/14/2026, 1:07:08 PM",900001001
APP,Filled,5 @ 47.713,Sell 5 Shares @ Market to Close,--,"05/14/2026, 1:06:44 PM",900001001
LITE,Filled,3 @ 100,Buy 3 Shares @ Market to Open,--,"05/14/2026, 10:41:59 AM",900001001
PPLT,Filled,10 @ 18.759,Buy 10 Shares @ Market to Open,--,"05/14/2026, 10:40:50 AM",900001001
UNH,Filled,5 @ 39.746,Buy 5 Shares @ Market to Open,--,"05/14/2026, 10:40:28 AM",900001001
GOOG,Filled,5 @ 39.405,Buy 5 Shares @ Market to Open,--,"05/14/2026, 10:39:13 AM",900001001
EZPW,Filled,50 @ 3.255,Buy 50 Shares @ Market to Open,--,"05/14/2026, 10:38:51 AM",900001001
PSIX,Filled,50 @ 4.413,Buy 50 Shares @ Market to Open,--,"05/14/2026, 10:38:10 AM",900001001
NEXA,Filled,300 @ 1.513,Sell 300 Shares @ Market to Close,--,"05/14/2026, 10:37:36 AM",900001001
AGX,Filled,5 @ 73.762,Sell 5 Shares @ Market to Close,--,"05/14/2026, 10:37:07 AM",900001001
STRL,Filled,2 @ 87.596,Sell 2 Shares @ Market to Close,--,"05/14/2026, 10:36:35 AM",900001001
SMCI,Filled,30 @ 3.316,Sell 30 Shares @ Market to Close,--,"05/14/2026, 10:36:01 AM",900001001
AVGO,Filled,5 @ 43.48,Sell 5 Shares @ Market to Close,--,"05/14/2026, 10:35:36 AM",900001001
IREN,Filled,25 @ 5.893,Sell 25 Shares @ Market to Close,--,"05/14/2026, 10:34:59 AM",900001001
SNDK,Filled,2 @ 140.35,Buy 2 Shares @ Market to Open,--,"05/14/2026, 10:33:41 AM",900001001
SLV,Filled,40 @ 7.664,Buy 40 Shares @ Market to Open,--,"05/14/2026, 10:33:15 AM",900001001
CRDO,Filled,10 @ 18.153,Buy 10 Shares @ Market to Open,--,"05/14/2026, 10:32:52 AM",900001001
CSTM,Filled,100 @ 3.317,Buy 100 Shares @ Market to Open,--,"05/14/2026, 10:32:29 AM",900001001
USAR,Filled,100 @ 2.395,Buy 100 Shares @ Market to Open,--,"05/14/2026, 10:32:07 AM",900001001
REMX,Filled,20 @ 10.044,Buy 20 Shares @ Market to Open,--,"05/14/2026, 10:30:35 AM",900001001
SKYW,Filled,180 @ 8.493,Sell 180 Shares @ Market to Close,--,"05/14/2026, 10:28:58 AM",900001001
CRDO,Filled,15 @ 18.652,Buy 15 Shares @ Market to Open,--,"05/14/2026, 9:30:24 AM",900001001
AUGO,Filled,25 @ 7.926,Buy 25 Shares @ Market to Open,--,"05/14/2026, 9:30:24 AM",900001001
BE,Canceled,--,Buy 15 Shares @ 23.699 Limit GTC to Open,--,"05/14/2026, 8:05:31 AM",900001001
MSFT,Filled,5 @ 40.471,Buy 5 Shares @ Market to Open,--,"05/13/2026, 1:18:39 PM",900001001
CRDO,Filled,15 @ 19.05,Buy 15 Shares @ Market to Open,--,"05/13/2026, 1:18:25 PM",900001001
NUKZ,Filled,20 @ 7.2,Buy 20 Shares @ Market to Open,--,"05/13/2026, 1:17:58 PM",900001001
MFC,Filled,30 @ 3.984,Buy 30 Shares @ Market to Open,--,"05/13/2026, 1:14:57 PM",900001001
GOOG,Filled,4 @ 39.782,Sell 4 Shares @ Market to Close,--,"05/13/2026, 1:13:28 PM",900001001
APP,Filled,3 @ 46.425,Buy 3 Shares @ Market to Open,--,"05/13/2026, 1:13:08 PM",900001001
AMZN,Filled,15 @ 27.008,Sell 15 Shares @ Market to Close,--,"05/13/2026, 1:12:40 PM",900001001
NEXA,Filled,300 @ 1.468,Sell 300 Shares @ Market to Close,--,"05/13/2026, 1:11:44 PM",900001001
EIS,Filled,15 @ 13.311,Buy 15 Shares @ Market to Open,--,"05/13/2026, 11:53:23 AM",900001001
SSRM,Filled,75 @ 3.513,Buy 75 Shares @ Market to Open,--,"05/13/2026, 11:53:00 AM",900001001
UNFI,Filled,50 @ 5.137,Buy 50 Shares @ Market to Open,--,"05/13/2026, 11:52:30 AM",900001001
NWG,Filled,70 @ 1.525,Sell 70 Shares @ Market to Close,--,"05/13/2026, 11:51:52 AM",900001001
THG,Filled,15 @ 18.802,Buy 15 Shares @ Market to Open,--,"05/13/2026, 11:49:51 AM",900001001
ET,Filled,100 @ 1.985,Buy 100 Shares @ Market to Open,--,"05/13/2026, 11:49:28 AM",900001001
BLOX,Filled,125 @ 1.748,Buy 125 Shares @ Market to Open,--,"05/13/2026, 11:48:52 AM",900001001
STRL,Filled,5 @ 84.352,Buy 5 Shares @ Market to Open,--,"05/13/2026, 11:48:25 AM",900001001
MTZ,Filled,5 @ 41.867,Buy 5 Shares @ Market to Open,--,"05/13/2026, 11:46:49 AM",900001001
AMD,Filled,5 @ 44.639,Buy 5 Shares @ Market to Open,--,"05/13/2026, 11:46:16 AM",900001001
COHR,Filled,5 @ 39.947,Sell 5 Shares @ Market to Close,--,"05/13/2026, 11:45:46 AM",900001001
SOXX,Filled,5 @ 52.637,Buy 5 Shares @ Market to Open,--,"05/13/2026, 11:44:43 AM",900001001
EAT,Filled,15 @ 13.025,Buy 15 Shares @ Market to Open,--,"05/13/2026, 11:43:51 AM",900001001
SNDK,Filled,1 @ 143.246,Buy 1 Share @ Market to Open,--,"05/13/2026, 11:43:00 AM",900001001
GOOG,Filled,7 @ 39.389,Sell 7 Shares @ Market to Close,--,"05/13/2026, 11:41:55 AM",900001001
TSLA,Filled,10 @ 45.305,Sell 10 Shares @ Market to Close,--,"05/13/2026, 11:41:32 AM",900001001
JLL,Filled,5 @ 30.992,Buy 5 Shares @ Market to Open,--,"05/13/2026, 11:39:50 AM",900001001
CRDO,Filled,15 @ 18.7,Buy 15 Shares @ Market to Open,--,"05/13/2026, 11:39:16 AM",900001001
BE,Filled,7 @ 29.37,Buy 7 Shares @ Market to Open,--,"05/13/2026, 11:38:56 AM",900001001
NEXA,Filled,400 @ 1.457,Sell 400 Shares @ Market to Close,--,"05/13/2026, 11:37:26 AM",900001001
CLS,Filled,10 @ 36.803,Buy 10 Shares @ Market to Open,--,"05/13/2026, 11:36:56 AM",900001001
EZPW,Filled,75 @ 3.302,Buy 75 Shares @ Market to Open,--,"05/13/2026, 11:36:19 AM",900001001
SMCI,Filled,50 @ 3.212,Buy 50 Shares @ Market to Open,--,"05/13/2026, 11:35:54 AM",900001001
IREN,Filled,50 @ 5.434,Buy 50 Shares @ Market to Open,--,"05/13/2026, 11:35:29 AM",900001001
PARR,Filled,50 @ 5.951,Buy 50 Shares @ Market to Open,--,"05/13/2026, 11:34:56 AM",900001001
CEG,Filled,15 @ 27.546,Buy 15 Shares @ Market to Open,--,"05/13/2026, 11:34:33 AM",900001001
APP,Filled,7 @ 45.586,Buy 7 Shares @ Market to Open,--,"05/13/2026, 11:33:53 AM",900001001
ARQT,Canceled,--,Sell 150 Shares @ 2.399 Limit GTC to Close,--,"05/13/2026, 9:55:42 AM",900001001
ARQT,Filled,150 @ 2.112,Sell 150 Shares @ Market to Close,--,"05/13/2026, 9:55:40 AM",900001001
FN,Filled,5 @ 65.095,Sell 5 Shares @ Market to Close,--,"05/13/2026, 9:54:17 AM",900001001
EWY,Filled,20 @ 18.595,Sell 20 Shares @ Market to Close,--,"05/13/2026, 9:53:51 AM",900001001
EMEQ,Filled,60 @ 6.442,Sell 60 Shares @ Market to Close,--,"05/13/2026, 9:53:22 AM",900001001
LITE,Filled,4 @ 101.212,Sell 4 Shares @ Market to Close,--,"05/13/2026, 9:52:16 AM",900001001
DY,Filled,5 @ 43.333,Sell 5 Shares @ Market to Close,--,"05/13/2026, 9:51:56 AM",900001001
CSTM,Filled,250 @ 3.363,Sell 250 Shares @ Market to Close,--,"05/13/2026, 9:51:36 AM",900001001
TTMI,Filled,10 @ 16.557,Sell 10 Shares @ Market to Close,--,"05/13/2026, 9:50:08 AM",900001001
COHR,Filled,7 @ 38.063,Sell 7 Shares @ Market to Close,--,"05/13/2026, 9:49:28 AM",900001001
DRAM,Filled,25 @ 5.301,Sell 25 Shares @ Market to Close,--,"05/13/2026, 9:49:01 AM",900001001
MU,Filled,5 @ 78.547,Sell 5 Shares @ Market to Close,--,"05/13/2026, 9:48:41 AM",900001001
PSTL,Canceled,--,Buy 150 Shares @ 2.273 Limit GTC to Open,--,"05/13/2026, 9:45:11 AM",900001001
BAC,Filled,50 @ 5.036,Buy 50 Shares @ Market to Open,--,"05/13/2026, 9:30:33 AM",900001001
DRAM,Filled,20 @ 5.467,Buy 20 Shares @ Market to Open,--,"05/13/2026, 9:30:16 AM",900001001
EWY,Filled,20 @ 18.751,Buy 20 Shares @ Market to Open,--,"05/13/2026, 9:30:10 AM",900001001
CRWV,Filled,20 @ 11.291,Buy 20 Shares @ Market to Open,--,"05/13/2026, 9:30:09 AM",900001001
CCL,Canceled,--,Buy 150 Shares @ 2.456 Limit GTC to Open,--,"05/13/2026, 8:42:07 AM",900001001
DRAM,Canceled,--,Buy 40 Shares @ Market to Open,--,"05/13/2026, 8:41:32 AM",900001001
BLBD,Canceled,--,Sell 36 Shares @ 7.89 Limit GTC to Close,--,"05/13/2026, 8:33:49 AM",900001001
BRK.B,Filled,5 @ 48.496,Sell 5 Shares @ Market CLO to Close,--,"05/12/2026, 4:01:46 PM",900001001
BE,Filled,11 @ 28.069,Buy 11 Shares @ Market CLO to Open,--,"05/12/2026, 4:00:06 PM",900001003
MU,Filled,3 @ 76.658,Buy 3 Shares @ Market CLO to Open,--,"05/12/2026, 4:00:04 PM",900001001
ET,Canceled,--,Sell 100 Shares @ Market CLO to Close,--,"05/12/2026, 1:42:42 PM",900001001
BE,Filled,7 @ 27.607,Buy 7 Shares @ Market to Open,--,"05/12/2026, 1:41:54 PM",900001001
PSIX,Filled,25 @ 3.761,Sell 25 Shares @ Market to Close,--,"05/12/2026, 1:41:15 PM",900001001
THG,Filled,7 @ 19.082,Sell 7 Shares @ Market to Close,--,"05/12/2026, 1:40:26 PM",900001001
THG,Canceled,--,Sell 7 Shares @ Market CLO to Close,--,"05/12/2026, 1:39:21 PM",900001001
AMD,Filled,10 @ 43.63,Buy 10 Shares @ Market to Open,--,"05/12/2026, 1:38:31 PM",900001001
AMD,Canceled,--,Buy 10 Shares @ Market CLO to Open,--,"05/12/2026, 1:38:08 PM",900001001
AMZN,Filled,10 @ 26.376,Buy 10 Shares @ Market to Open,--,"05/12/2026, 1:37:31 PM",900001001
AMZN,Canceled,--,Buy 10 Shares @ Market CLO to Open,--,"05/12/2026, 1:37:03 PM",900001001
EZPW,Filled,75 @ 3.398,Buy 75 Shares @ Market to Open,--,"05/12/2026, 1:36:43 PM",900001001
EZPW,Canceled,--,Buy 75 Shares @ Market CLO to Open,--,"05/12/2026, 1:36:10 PM",900001001
COHR,Filled,15 @ 36.35,Buy 15 Shares @ Market to Open,--,"05/12/2026, 1:35:47 PM",900001001
COHR,Canceled,--,Buy 10 Shares @ Market CLO to Open,--,"05/12/2026, 1:35:23 PM",900001001
GOOG,Canceled,--,Buy 7 Shares @ Market CLO to Open,--,"05/12/2026, 1:34:45 PM",900001001
DRAM,Filled,25 @ 4.994,Buy 25 Shares @ Market to Open,--,"05/12/2026, 1:34:03 PM",900001001
DRAM,Canceled,--,Buy 25 Shares @ Market CLO to Open,--,"05/12/2026, 1:33:40 PM",900001001
CRDO,Filled,5 @ 18.964,Buy 5 Shares @ Market to Open,--,"05/12/2026, 1:32:55 PM",900001001
CRDO,Canceled,--,Buy 6 Shares @ Market CLO to Open,--,"05/12/2026, 1:32:03 PM",900001001
PSIX,Filled,75 @ 3.672,Sell 75 Shares @ Market to Close,--,"05/12/2026, 12:47:04 PM",900001003
VTI,Filled,5 @ 36.019,Buy 5 Shares @ Market to Open,--,"05/12/2026, 12:38:04 PM",900001001
VRT,Filled,10 @ 35.526,Buy 10 Shares @ Market to Open,--,"05/12/2026, 12:36:23 PM",900001001
TTMI,Filled,10 @ 15.086,Buy 10 Shares @ Market to Open,--,"05/12/2026, 12:33:08 PM",900001001
STRL,Filled,10 @ 81.918,Buy 10 Shares @ Market to Open,--,"05/12/2026, 12:31:38 PM",900001001
EWY,Filled,25 @ 18.101,Buy 25 Shares @ 18.101 Limit GTC to Open,--,"05/12/2026, 9:59:23 AM",900001001
DY,Filled,5 @ 41.778,Buy 5 Shares @ Market to Open,--,"05/12/2026, 9:40:35 AM",900001001
EMEQ,Filled,40 @ 6.377,Buy 40 Shares @ Market to Open,--,"05/12/2026, 9:40:06 AM",900001001
EWY,Filled,20 @ 18.369,Buy 20 Shares @ Market to Open,--,"05/12/2026, 9:39:46 AM",900001001
UAE,Filled,75 @ 1.911,Buy 75 Shares @ Market to Open,--,"05/12/2026, 9:30:36 AM",900001001
IREN,Filled,25 @ 5.544,Buy 25 Shares @ Market to Open,--,"05/12/2026, 9:30:35 AM",900001001
JLL,Filled,10 @ 32.25,Buy 10 Shares @ Market to Open,--,"05/12/2026, 9:30:29 AM",900001001
MU,Filled,3 @ 77.5,Buy 3 Shares @ Market to Open,--,"05/12/2026, 9:30:29 AM",900001001
GOOG,Filled,5 @ 38.514,Buy 5 Shares @ Market to Open,--,"05/12/2026, 9:30:23 AM",900001001
DRH,Filled,125 @ 1.062,Buy 125 Shares @ Market to Open,--,"05/12/2026, 9:30:23 AM",900001001
STRL,Filled,5 @ 84.643,Sell 5 Shares @ Market to Close,--,"05/12/2026, 9:30:19 AM",900001001
IREN,Filled,75 @ 5.544,Buy 75 Shares @ Market to Open,--,"05/12/2026, 9:30:19 AM",900001001
CRDO,Filled,10 @ 20.429,Buy 10 Shares @ Market to Open,--,"05/12/2026, 9:30:18 AM",900001001
ICHR,Filled,20 @ 7.358,Buy 20 Shares @ Market to Open,--,"05/12/2026, 9:30:18 AM",900001001
SYF,Filled,15 @ 7.019,Buy 15 Shares @ Market to Open,--,"05/12/2026, 9:30:18 AM",900001001
SMCI,Filled,65 @ 3.316,Buy 65 Shares @ Market to Open,--,"05/12/2026, 9:30:18 AM",900001001
MYRG,Filled,5 @ 45.479,Sell 5 Shares @ Market to Close,--,"05/12/2026, 9:30:06 AM",900001001
SLV,Filled,75 @ 7.65,Buy 75 Shares @ Market to Open,--,"05/12/2026, 9:30:05 AM",900001001
DRAM,Filled,200 @ 5.205,Buy 200 Shares @ Market to Open,--,"05/12/2026, 9:30:05 AM",900001001
PSTL,Filled,50 @ 2.335,Buy 50 Shares @ Market CLO to Open,--,"05/11/2026, 4:00:08 PM",900001001
GM,Filled,30 @ 7.529,Buy 30 Shares @ Market CLO to Open,--,"05/11/2026, 4:00:07 PM",900001001
DRH,Filled,300 @ 1.06,Buy 300 Shares @ Market CLO to Open,--,"05/11/2026, 4:00:05 PM",900001001
BLOX,Filled,150 @ 1.785,Sell 150 Shares @ Market CLO to Close,--,"05/11/2026, 4:00:02 PM",900001001
GOOG,Filled,10 @ 38.936,Buy 10 Shares @ Market to Open,--,"05/11/2026, 1:23:48 PM",900001001
TTMI,Filled,30 @ 16.456,Sell 30 Shares @ 16.456 Limit GTC to Close,--,"05/11/2026, 12:59:29 PM",900001001
ORLA,Filled,150 @ 1.484,Buy 150 Shares @ Market to Open,--,"05/11/2026, 12:58:10 PM",900001001
BLBD,Filled,50 @ 6.984,Buy 50 Shares @ Market to Open,--,"05/11/2026, 12:55:21 PM",900001001
VRT,Filled,5 @ 36.786,Sell 5 Shares @ Market to Close,--,"05/11/2026, 12:53:41 PM",900001001
PPLT,Filled,15 @ 19.134,Sell 15 Shares @ Market to Close,--,"05/11/2026, 12:53:15 PM",900001001
TTMI,Filled,25 @ 16.369,Sell 25 Shares @ Market to Close,--,"05/11/2026, 12:52:53 PM",900001001
CRDO,Filled,20 @ 20.587,Sell 20 Shares @ Market to Close,--,"05/11/2026, 12:51:35 PM",900001001
BE,Filled,20 @ 29.345,Sell 20 Shares @ Market to Close,--,"05/11/2026, 12:49:37 PM",900001001
QQQ,Filled,5 @ 71.316,Sell 5 Shares @ Market to Close,--,"05/11/2026, 12:48:42 PM",900001001
SMCI,Filled,100 @ 3.498,Buy 100 Shares @ Market to Open,--,"05/11/2026, 12:47:33 PM",900001001
IREN,Filled,100 @ 5.937,Buy 100 Shares @ Market to Open,--,"05/11/2026, 12:46:39 PM",900001001
NEXA,Filled,400 @ 1.34,Buy 400 Shares @ Market to Open,--,"05/11/2026, 12:45:34 PM",900001001
CRDO,Filled,10 @ 20.571,Sell 10 Shares @ Market to Close,--,"05/11/2026, 12:44:31 PM",900001001
COHR,Filled,7 @ 37.64,Sell 7 Shares @ Market to Close,--,"05/11/2026, 12:44:02 PM",900001001
BE,Filled,15 @ 29.086,Sell 15 Shares @ Market to Close,--,"05/11/2026, 12:43:25 PM",900001001
BRK.B,Filled,10 @ 47.849,Sell 10 Shares @ Market to Close,--,"05/11/2026, 12:42:27 PM",900001001
CRDO,Filled,25 @ 20.703,Sell 25 Shares @ Market to Close,--,"05/11/2026, 12:41:13 PM",900001001
LITE,Filled,5 @ 105.228,Sell 5 Shares @ Market to Close,--,"05/11/2026, 12:40:43 PM",900001001
LITE,Filled,7 @ 105.26,Sell 7 Shares @ Market to Close,--,"05/11/2026, 12:39:28 PM",900001001
COPJ,Filled,50 @ 4.472,Sell 50 Shares @ Market to Close,--,"05/11/2026, 10:33:11 AM",900001001
SNDK,Filled,3 @ 152.636,Buy 3 Shares @ Market to Open,--,"05/11/2026, 10:32:03 AM",900001001
FN,Filled,5 @ 64.401,Sell 5 Shares @ Market to Close,--,"05/11/2026, 10:31:18 AM",900001001
TTMI,Filled,20 @ 15.79,Sell 20 Shares @ Market to Close,--,"05/11/2026, 10:30:09 AM",900001001
TSLA,Filled,5 @ 41.806,Buy 5 Shares @ Market to Open,--,"05/11/2026, 10:29:11 AM",900001001
APP,Filled,7 @ 45.204,Buy 7 Shares @ Market to Open,--,"05/11/2026, 10:14:48 AM",900001001
SOXX,Filled,5 @ 52.82,Buy 5 Shares @ Market to Open,--,"05/11/2026, 10:13:14 AM",900001001
AVGO,Filled,3 @ 42.949,Buy 3 Shares @ Market to Open,--,"05/11/2026, 10:10:15 AM",900001001
CRDO,Filled,10 @ 19.728,Sell 10 Shares @ Market to Close,--,"05/11/2026, 10:09:42 AM",900001001
GOOG,Filled,3 @ 39.269,Buy 3 Shares @ Market to Open,--,"05/11/2026, 10:08:48 AM",900001001
MKOR,Filled,120 @ 6.479,Buy 120 Shares @ Market to Open,--,"05/11/2026, 10:08:01 AM",900001001
PARR,Filled,20 @ 6.468,Buy 20 Shares @ Market to Open,--,"05/11/2026, 10:03:53 AM",900001001
SYF,Filled,15 @ 7.228,Buy 15 Shares @ Market to Open,--,"05/11/2026, 10:02:59 AM",900001001
UNH,Filled,3 @ 37.674,Buy 3 Shares @ Market to Open,--,"05/11/2026, 10:02:22 AM",900001001
APP,Filled,3 @ 45.361,Buy 3 Shares @ Market to Open,--,"05/11/2026, 10:01:46 AM",900001001
TSM,Filled,5 @ 39.97,Buy 5 Shares @ Market to Open,--,"05/11/2026, 10:01:11 AM",900001001
GDE,Filled,50 @ 7.045,Sell 50 Shares @ Market to Close,--,"05/11/2026, 10:00:50 AM",900001001
QQQ,Filled,3 @ 71.043,Buy 3 Shares @ Market to Open,--,"05/11/2026, 9:59:57 AM",900001001
BE,Filled,10 @ 28.25,Sell 10 Shares @ Market to Close,--,"05/11/2026, 9:59:23 AM",900001001
VTI,Filled,5 @ 36.357,Sell 5 Shares @ Market to Close,--,"05/11/2026, 9:58:56 AM",900001001
EPOL,Filled,100 @ 3.965,Sell 100 Shares @ Market to Close,--,"05/11/2026, 9:57:26 AM",900001001
EPU,Filled,25 @ 8.472,Sell 25 Shares @ Market to Close,--,"05/11/2026, 9:56:46 AM",900001001
EIS,Filled,7 @ 13.582,Buy 7 Shares @ Market to Open,--,"05/11/2026, 9:55:21 AM",900001001
PLTR,Filled,15 @ 13.397,Buy 15 Shares @ Market to Open,--,"05/11/2026, 9:54:11 AM",900001001
AMZN,Filled,10 @ 27.289,Buy 10 Shares @ Market to Open,--,"05/11/2026, 9:49:55 AM",900001001
SNDK,Filled,2 @ 154.247,Buy 2 Shares @ Market to Open,--,"05/11/2026, 9:49:06 AM",900001001
TSLA,Filled,5 @ 42.232,Buy 5 Shares @ Market to Open,--,"05/11/2026, 9:48:10 AM",900001001
ICHR,Filled,30 @ 7.42,Buy 30 Shares @ Market to Open,--,"05/11/2026, 9:47:46 AM",900001001
IREN,Filled,50 @ 5.662,Buy 50 Shares @ Market to Open,--,"05/11/2026, 9:47:22 AM",900001001
TSM,Filled,5 @ 40.09,Buy 5 Shares @ Market to Open,--,"05/11/2026, 9:45:50 AM",900001001
CEG,Filled,5 @ 29.421,Buy 5 Shares @ Market to Open,--,"05/11/2026, 9:45:29 AM",900001001
USAR,Filled,100 @ 2.545,Buy 100 Shares @ Market to Open,--,"05/11/2026, 9:45:00 AM",900001001
BTG,Filled,500 @ 0.554,Sell 500 Shares @ Market to Close,--,"05/11/2026, 9:43:59 AM",900001001
CRDO,Filled,20 @ 19.375,Sell 20 Shares @ Market to Close,--,"05/11/2026, 9:43:06 AM",900001001
REMX,Filled,20 @ 10.881,Sell 20 Shares @ Market to Close,--,"05/11/2026, 9:42:34 AM",900001001
MU,Filled,2 @ 78.25,Sell 2 Shares @ Market to Close,--,"05/11/2026, 9:41:35 AM",900001001
VRT,Filled,10 @ 34.926,Sell 10 Shares @ Market to Close,--,"05/11/2026, 9:40:16 AM",900001001
STRL,Filled,3 @ 86.73,Sell 3 Shares @ Market to Close,--,"05/11/2026, 9:39:34 AM",900001001
COHR,Filled,5 @ 35.233,Sell 5 Shares @ Market to Close,--,"05/11/2026, 9:39:08 AM",900001001
CDE,Filled,125 @ 1.958,Sell 125 Shares @ Market to Close,--,"05/11/2026, 9:38:21 AM",900001001
B,Filled,50 @ 4.618,Sell 50 Shares @ Market to Close,--,"05/11/2026, 9:37:52 AM",900001001
SSRM,Filled,75 @ 3.56,Sell 75 Shares @ Market to Close,--,"05/11/2026, 9:36:10 AM",900001001
NEXA,Filled,300 @ 1.461,Sell 300 Shares @ Market to Close,--,"05/11/2026, 9:35:30 AM",900001001
BE,Filled,20 @ 27.535,Sell 20 Shares @ Market to Close,--,"05/11/2026, 9:34:45 AM",900001001
LITE,Filled,5 @ 99.655,Sell 5 Shares @ Market to Close,--,"05/11/2026, 9:33:41 AM",900001001
BRK.B,Filled,5 @ 47.672,Sell 5 Shares @ 47.654 Limit GTC to Close,--,"05/11/2026, 9:31:08 AM",900001001
BRK.B,Filled,10 @ 47.672,Sell 10 Shares @ 47.654 Limit GTC to Close,--,"05/11/2026, 9:31:08 AM",900001001
APP,Filled,10 @ 45.607,Buy 10 Shares @ Market to Open,--,"05/11/2026, 9:31:02 AM",900001001
PARR,Filled,75 @ 6.51,Sell 75 Shares @ Market to Close,--,"05/11/2026, 9:30:54 AM",900001001
LRN,Filled,45 @ 8.721,Sell 45 Shares @ Market to Close,--,"05/11/2026, 9:30:45 AM",900001001
EWO,Filled,40 @ 3.999,Sell 40 Shares @ 3.999 Limit GTC to Close,--,"05/11/2026, 9:30:45 AM",900001001
APP,Filled,5 @ 45.607,Buy 5 Shares @ Market to Open,--,"05/11/2026, 9:30:31 AM",900001003
BRK.B,Filled,5 @ 47.648,Sell 5 Shares @ Market to Close,--,"05/11/2026, 9:30:28 AM",900001001
IREN,Filled,50 @ 5.5,Buy 50 Shares @ Market to Open,--,"05/11/2026, 9:30:28 AM",900001001
EMEQ,Filled,75 @ 6.589,Sell 75 Shares @ 6.567 Limit GTC to Close,--,"05/11/2026, 9:30:28 AM",900001001
TIGO,Filled,50 @ 8.101,Buy 50 Shares @ Market to Open,--,"05/11/2026, 9:30:19 AM",900001001
CLS,Filled,10 @ 37.471,Buy 10 Shares @ Market to Open,--,"05/11/2026, 9:30:18 AM",900001001
ICHR,Filled,50 @ 7.53,Buy 50 Shares @ Market to Open,--,"05/11/2026, 9:30:18 AM",900001001
TSM,Filled,7 @ 40.765,Buy 7 Shares @ Market to Open,--,"05/11/2026, 9:30:17 AM",900001001
VOOV,Filled,15 @ 21.686,Sell 15 Shares @ Market to Close,--,"05/11/2026, 9:30:08 AM",900001001
LRN,Canceled,--,Sell 45 Shares @ 9.789 Limit GTC to Close,--,"05/11/2026, 6:37:17 AM",900001001
LITE,Expired,--,Sell 5 Shares @ 92.999 Limit to Close,--,"05/08/2026, 4:06:29 PM",900001001
PARR,Filled,50 @ 6.437,Sell 50 Shares @ Market CLO to Close,--,"05/08/2026, 4:00:05 PM",900001001
CSTM,Filled,65 @ 3.388,Buy 65 Shares @ Market CLO to Open,--,"05/08/2026, 4:00:05 PM",900001001
CLS,Filled,10 @ 37.555,Buy 10 Shares @ Market CLO to Open,--,"05/08/2026, 4:00:04 PM",900001001
AVGO,Filled,5 @ 43,Sell 5 Shares @ Market CLO to Close,--,"05/08/2026, 4:00:03 PM",900001001
CRWV,Filled,40 @ 11.415,Buy 40 Shares @ Market CLO to Open,--,"05/08/2026, 4:00:03 PM",900001001
AMD,Filled,7 @ 45.519,Sell 7 Shares @ Market CLO to Close,--,"05/08/2026, 4:00:02 PM",900001001
GDMN,Filled,25 @ 10.391,Buy 25 Shares @ Market CLO to Open,--,"05/08/2026, 4:00:02 PM",900001001
REMX,Filled,20 @ 10.638,Buy 20 Shares @ Market CLO to Open,--,"05/08/2026, 4:00:01 PM",900001001
EWY,Filled,2 @ 19.02,Sell 2 Shares @ Market CLO to Close,--,"05/08/2026, 4:00:01 PM",900001001
MU,Filled,5 @ 74.681,Sell 5 Shares @ Market CLO to Close,--,"05/08/2026, 4:00:01 PM",900001001
SSRM,Filled,75 @ 3.42,Sell 75 Shares @ Market CLO to Close,--,"05/08/2026, 4:00:01 PM",900001001
CGDV,Filled,50 @ 4.725,Sell 50 Shares @ Market CLO to Close,--,"05/08/2026, 4:00:01 PM",900001001
EIS,Filled,15 @ 13.688,Sell 15 Shares @ Market CLO to Close,--,"05/08/2026, 4:00:01 PM",900001001
GOOG,Filled,7 @ 39.799,Sell 7 Shares @ 39.799 Limit to Close,--,"05/08/2026, 3:50:03 PM",900001001
IREN,Filled,15 @ 6.163,Buy 15 Shares @ Market to Open,--,"05/08/2026, 2:57:08 PM",900001001
CLS,Filled,10 @ 38.133,Buy 10 Shares @ Market to Open,--,"05/08/2026, 2:49:34 PM",900001001
ET,Filled,100 @ 1.955,Buy 100 Shares @ Market to Open,--,"05/08/2026, 2:48:59 PM",900001001
CRDO,Filled,15 @ 18.827,Buy 15 Shares @ Market to Open,--,"05/08/2026, 2:48:33 PM",900001001
LRCX,Filled,3 @ 29.474,Sell 3 Shares @ Market to Close,--,"05/08/2026, 2:46:19 PM",900001001
GM,Filled,25 @ 7.859,Buy 25 Shares @ Market to Open,--,"05/08/2026, 2:44:23 PM",900001001
MRK,Filled,15 @ 11.18,Buy 15 Shares @ Market to Open,--,"05/08/2026, 2:43:41 PM",900001001
CEG,Filled,7 @ 30.686,Buy 7 Shares @ 30.695 Limit to Open,--,"05/08/2026, 2:42:04 PM",900001001
SYF,Filled,30 @ 7.317,Buy 30 Shares @ Market to Open,--,"05/08/2026, 2:41:40 PM",900001001
TSM,Filled,10 @ 40.872,Buy 10 Shares @ Market to Open,--,"05/08/2026, 2:40:50 PM",900001001
UBER,Filled,30 @ 7.517,Buy 30 Shares @ Market to Open,--,"05/08/2026, 2:40:18 PM",900001001
EAT,Filled,15 @ 13.976,Buy 15 Shares @ Market to Open,--,"05/08/2026, 2:39:45 PM",900001001
APP,Filled,5 @ 47.041,Buy 5 Shares @ Market to Open,--,"05/08/2026, 2:39:15 PM",900001001
SNDK,Filled,3 @ 151.376,Sell 3 Shares @ Market to Close,--,"05/08/2026, 2:38:49 PM",900001001
MU,Filled,5 @ 73.3,Sell 5 Shares @ Market to Close,--,"05/08/2026, 2:36:22 PM",900001001
PLTR,Filled,20 @ 13.683,Sell 20 Shares @ Market to Close,--,"05/08/2026, 2:34:54 PM",900001003
BTG,Filled,200 @ 0.522,Sell 200 Shares @ Market to Close,--,"05/08/2026, 1:04:45 PM",900001001
CVSA,Filled,20 @ 12.928,Sell 20 Shares @ Market to Close,--,"05/08/2026, 1:03:04 PM",900001001
MU,Filled,5 @ 73.403,Sell 5 Shares @ Market to Close,--,"05/08/2026, 1:02:29 PM",900001001
SNDK,Filled,5 @ 149.611,Sell 5 Shares @ Market to Close,--,"05/08/2026, 1:02:08 PM",900001001
ANGX,Filled,500 @ 0.32,Sell 500 Shares @ Market to Close,--,"05/08/2026, 12:59:56 PM",900001001
BLBD,Filled,50 @ 7.248,Buy 50 Shares @ Market to Open,--,"05/08/2026, 12:29:38 PM",900001001
CX,Filled,475 @ 1.316,Sell 475 Shares @ Market to Close,--,"05/08/2026, 12:26:40 PM",900001001
BRK.B,Filled,10 @ 47.721,Sell 10 Shares @ Market to Close,--,"05/08/2026, 12:17:22 PM",900001001
NUKZ,Filled,50 @ 7.292,Buy 50 Shares @ Market to Open,--,"05/08/2026, 11:34:24 AM",900001001
PINE,Filled,225 @ 1.95,Buy 225 Shares @ Market to Open,--,"05/08/2026, 11:33:25 AM",900001001
VOO,Filled,10 @ 67.733,Sell 10 Shares @ Market to Close,--,"05/08/2026, 11:28:04 AM",900001001
APP,Filled,7 @ 46.46,Buy 7 Shares @ Market to Open,--,"05/08/2026, 11:26:49 AM",900001001
CX,Filled,175 @ 1.306,Buy 175 Shares @ Market to Open,--,"05/08/2026, 11:24:38 AM",900001001
LITE,Filled,7 @ 90.561,Sell 7 Shares @ Market to Close,--,"05/08/2026, 10:56:58 AM",900001001
PLTR,Filled,15 @ 13.609,Buy 15 Shares @ Market to Open,--,"05/08/2026, 10:56:34 AM",900001001
CRDO,Filled,25 @ 18.56,Buy 25 Shares @ Market to Open,--,"05/08/2026, 10:51:30 AM",900001001
TTMI,Filled,10 @ 15.379,Sell 10 Shares @ Market to Close,--,"05/08/2026, 10:51:07 AM",900001001
IWM,Filled,10 @ 28.325,Sell 10 Shares @ Market to Close,--,"05/08/2026, 10:50:34 AM",900001001
O,Filled,25 @ 6.246,Sell 25 Shares @ Market to Close,--,"05/08/2026, 10:47:32 AM",900001001
VTI,Filled,20 @ 36.279,Sell 20 Shares @ 36.279 Limit GTC to Close,--,"05/08/2026, 10:47:04 AM",900001001
TSM,Filled,5 @ 41.389,Buy 5 Shares @ Market to Open,--,"05/08/2026, 10:46:46 AM",900001001
GREK,Filled,15 @ 7.167,Sell 15 Shares @ Market to Close,--,"05/08/2026, 10:46:01 AM",900001001
TIMB,Filled,100 @ 2.418,Sell 100 Shares @ 2.418 Limit to Close,--,"05/08/2026, 10:45:19 AM",900001001
THG,Filled,20 @ 18.65,Buy 20 Shares @ Market to Open,--,"05/08/2026, 10:43:55 AM",900001001
EWY,Filled,15 @ 18.63,Sell 15 Shares @ Market to Close,--,"05/08/2026, 10:39:49 AM",900001001
COHR,Filled,5 @ 32.705,Sell 5 Shares @ Market to Close,--,"05/08/2026, 10:37:25 AM",900001001
NWG,Filled,150 @ 1.581,Sell 150 Shares @ Market to Close,--,"05/08/2026, 10:36:10 AM",900001001
COPX,Filled,50 @ 8.508,Sell 50 Shares @ Market to Close,--,"05/08/2026, 10:35:39 AM",900001001
ORLA,Filled,100 @ 1.472,Sell 100 Shares @ 1.472 Limit to Close,--,"05/08/2026, 10:35:21 AM",900001001
ANGX,Filled,400 @ 0.314,Buy 400 Shares @ 0.315 Limit to Open,--,"05/08/2026, 10:31:44 AM",900001001
GDE,Filled,20 @ 7.033,Sell 20 Shares @ Market to Close,--,"05/08/2026, 10:29:21 AM",900001001
BE,Filled,10 @ 25.367,Buy 10 Shares @ Market to Open,--,"05/08/2026, 10:26:51 AM",900001001
THG,Filled,25 @ 18.538,Buy 25 Shares @ Market to Open,--,"05/08/2026, 10:22:42 AM",900001001
WLDN,Filled,50 @ 8.431,Sell 50 Shares @ Market to Close,--,"05/08/2026, 10:19:04 AM",900001001
ICHR,Filled,35 @ 7.467,Buy 35 Shares @ Market to Open,--,"05/08/2026, 9:30:20 AM",900001001
NVDA,Filled,5 @ 21.324,Buy 5 Shares @ Market to Open,--,"05/08/2026, 9:30:19 AM",900001001
THG,Filled,7 @ 18.716,Buy 7 Shares @ Market to Open,--,"05/08/2026, 9:30:12 AM",900001001
ICHR,Filled,3 @ 7.467,Buy 3 Shares @ Market to Open,--,"05/08/2026, 9:30:12 AM",900001001
CRDO,Filled,4 @ 19.32,Buy 4 Shares @ Market to Open,--,"05/08/2026, 9:30:11 AM",900001003
USAR,Canceled,--,Buy 100 Shares @ 2.401 Limit GTC to Open,--,"05/08/2026, 8:47:12 AM",900001001
BLOX,Canceled,--,Buy 200 Shares @ 1.555 Limit GTC to Open,--,"05/08/2026, 8:46:52 AM",900001001
NEXA,Filled,300 @ 1.393,Buy 300 Shares @ Market CLO to Open,--,"05/07/2026, 4:00:05 PM",900001001
STRL,Filled,5 @ 81.141,Buy 5 Shares @ Market CLO to Open,--,"05/07/2026, 4:00:02 PM",900001001
USAR,Filled,75 @ 2.63,Buy 75 Shares @ Market to Open,--,"05/07/2026, 1:34:09 PM",900001001
CLS,Filled,8 @ 38.368,Buy 8 Shares @ Market to Open,--,"05/07/2026, 1:33:40 PM",900001001
PLTR,Filled,25 @ 13.669,Sell 25 Shares @ Market to Close,--,"05/07/2026, 1:31:17 PM",900001001
APP,Filled,5 @ 49.717,Sell 5 Shares @ Market to Close,--,"05/07/2026, 1:30:13 PM",900001001
APP,Filled,5 @ 49.68,Sell 5 Shares @ Market to Close,--,"05/07/2026, 1:29:36 PM",900001001
BLBD,Filled,20 @ 7.422,Sell 20 Shares @ Market to Close,--,"05/07/2026, 1:28:56 PM",900001001
BTG,Filled,250 @ 0.501,Sell 250 Shares @ Market to Close,--,"05/07/2026, 1:28:29 PM",900001001
BTG,Filled,300 @ 0.502,Sell 300 Shares @ Market to Close,--,"05/07/2026, 1:27:54 PM",900001001
NEXA,Filled,200 @ 1.48,Buy 200 Shares @ Market to Open,--,"05/07/2026, 10:27:21 AM",900001001
BE,Filled,7 @ 28.024,Buy 7 Shares @ Market to Open,--,"05/07/2026, 10:26:46 AM",900001001
USAR,Filled,80 @ 2.761,Buy 80 Shares @ Market to Open,--,"05/07/2026, 10:26:28 AM",900001001
PSTL,Filled,50 @ 2.299,Buy 50 Shares @ Market to Open,--,"05/07/2026, 10:25:47 AM",900001001
DY,Filled,10 @ 44.468,Buy 10 Shares @ Market to Open,--,"05/07/2026, 10:24:46 AM",900001001
COHR,Filled,5 @ 32.534,Buy 5 Shares @ Market to Open,--,"05/07/2026, 10:23:50 AM",900001001
GFI,Filled,100 @ 4.679,Sell 100 Shares @ Market to Close,--,"05/07/2026, 10:22:57 AM",900001001
INCY,Filled,25 @ 9.745,Buy 25 Shares @ Market to Open,--,"05/07/2026, 10:22:28 AM",900001001
VTI,Filled,30 @ 36.204,Sell 30 Shares @ Market to Close,--,"05/07/2026, 10:21:27 AM",900001001
IAUM,Filled,15 @ 4.737,Sell 15 Shares @ Market to Close,--,"05/07/2026, 10:20:38 AM",900001001
HHH,Filled,25 @ 6.433,Sell 25 Shares @ Market to Close,--,"05/07/2026, 10:20:11 AM",900001001
EZPW,Filled,50 @ 3.219,Buy 50 Shares @ Market to Open,--,"05/07/2026, 10:17:26 AM",900001001
CEG,Filled,5 @ 31.994,Buy 5 Shares @ Market to Open,--,"05/07/2026, 10:16:46 AM",900001001
WLDN,Filled,20 @ 7.459,Sell 20 Shares @ Market to Close,--,"05/07/2026, 10:15:12 AM",900001001
MFC,Filled,50 @ 3.963,Buy 50 Shares @ Market to Open,--,"05/07/2026, 10:13:34 AM",900001001
PPC,Filled,105 @ 3.064,Sell 105 Shares @ Market to Close,--,"05/07/2026, 10:13:01 AM",900001001
MYRG,Filled,5 @ 43.513,Buy 5 Shares @ Market to Open,--,"05/07/2026, 10:12:33 AM",900001001
CSTM,Filled,65 @ 3.292,Buy 65 Shares @ Market to Open,--,"05/07/2026, 10:11:47 AM",900001001
TIGO,Filled,10 @ 8.275,Buy 10 Shares @ Market to Open,--,"05/07/2026, 9:45:43 AM",900001001
BLOX,Filled,100 @ 1.748,Buy 100 Shares @ Market to Open,--,"05/07/2026, 9:44:57 AM",900001001
MU,Filled,5 @ 64.671,Buy 5 Shares @ Market to Open,--,"05/07/2026, 9:44:23 AM",900001001
CLS,Filled,10 @ 39.317,Buy 10 Shares @ Market to Open,--,"05/07/2026, 9:43:55 AM",900001001
UNFI,Filled,75 @ 5.055,Buy 75 Shares @ Market to Open,--,"05/07/2026, 9:43:19 AM",900001001
MYRG,Filled,7 @ 44.5,Buy 7 Shares @ Market to Open,--,"05/07/2026, 9:41:17 AM",900001001
AGX,Filled,3 @ 71.433,Buy 3 Shares @ Market to Open,--,"05/07/2026, 9:40:09 AM",900001001
VRT,Filled,10 @ 34.673,Buy 10 Shares @ Market to Open,--,"05/07/2026, 9:39:33 AM",900001001
SNDK,Filled,3 @ 137.6,Buy 3 Shares @ Market to Open,--,"05/07/2026, 9:39:04 AM",900001001
CRDO,Filled,25 @ 19.086,Buy 25 Shares @ Market to Open,--,"05/07/2026, 9:38:27 AM",900001001
TTMI,Filled,15 @ 15.807,Buy 15 Shares @ Market to Open,--,"05/07/2026, 9:37:57 AM",900001001
NEXA,Filled,400 @ 1.618,Buy 400 Shares @ Market to Open,--,"05/07/2026, 9:37:32 AM",900001001
STRL,Filled,5 @ 84.002,Buy 5 Shares @ Market to Open,--,"05/07/2026, 9:37:10 AM",900001001
APP,Filled,5 @ 44.75,Buy 5 Shares @ Market to Open,--,"05/07/2026, 9:36:21 AM",900001001
LITE,Filled,5 @ 90.875,Buy 5 Shares @ Market to Open,--,"05/07/2026, 9:35:49 AM",900001001
SLV,Filled,45 @ 7.33,Sell 45 Shares @ 7.123 Limit GTC to Close,--,"05/07/2026, 9:30:23 AM",900001001
CGAU,Filled,100 @ 1.801,Sell 100 Shares @ Market CLO to Close,--,"05/06/2026, 4:00:05 PM",900001001
COHR,Filled,5 @ 34.467,Sell 5 Shares @ Market CLO to Close,--,"05/06/2026, 4:00:05 PM",900001001
PSTL,Filled,150 @ 2.32,Sell 150 Shares @ Market CLO to Close,--,"05/06/2026, 4:00:05 PM",900001001
ET,Filled,125 @ 1.987,Buy 125 Shares @ Market CLO to Open,--,"05/06/2026, 4:00:05 PM",900001001
GOOG,Filled,15 @ 39.514,Sell 15 Shares @ Market CLO to Close,--,"05/06/2026, 4:00:03 PM",900001001
STRL,Filled,2 @ 88.622,Sell 2 Shares @ Market CLO to Close,--,"05/06/2026, 4:00:02 PM",900001001
GDE,Filled,50 @ 6.963,Sell 50 Shares @ Market CLO to Close,--,"05/06/2026, 4:00:01 PM",900001001
QQQ,Filled,5 @ 69.577,Sell 5 Shares @ Market CLO to Close,--,"05/06/2026, 4:00:01 PM",900001001
BLOX,Filled,200 @ 1.799,Sell 200 Shares @ Market CLO to Close,--,"05/06/2026, 4:00:01 PM",900001001
IWM,Filled,20 @ 28.68,Sell 20 Shares @ Market CLO to Close,--,"05/06/2026, 4:00:00 PM",900001001
EWO,Filled,45 @ 4.024,Sell 45 Shares @ Market CLO to Close,--,"05/06/2026, 4:00:00 PM",900001001
EIS,Filled,10 @ 13.655,Sell 10 Shares @ Market CLO to Close,--,"05/06/2026, 4:00:00 PM",900001001
AVGO,Filled,5 @ 42.504,Buy 5 Shares @ Market to Open,--,"05/06/2026, 3:55:05 PM",900001001
APP,Filled,5 @ 46.982,Buy 5 Shares @ Market to Open,--,"05/06/2026, 3:54:40 PM",900001001
NEM,Filled,30 @ 11.499,Buy 30 Shares @ Market to Open,--,"05/06/2026, 3:49:00 PM",900001001
MYRG,Filled,15 @ 44.795,Buy 15 Shares @ Market to Open,--,"05/06/2026, 3:47:01 PM",900001001
DY,Filled,5 @ 45.896,Buy 5 Shares @ Market to Open,--,"05/06/2026, 3:46:22 PM",900001001
AVGO,Filled,10 @ 42.274,Buy 10 Shares @ Market to Open,--,"05/06/2026, 3:45:39 PM",900001001
CLS,Filled,10 @ 41.264,Buy 10 Shares @ Market to Open,--,"05/06/2026, 3:44:54 PM",900001001
LITE,Filled,5 @ 94.539,Buy 5 Shares @ Market to Open,--,"05/06/2026, 3:44:16 PM",900001001
APP,Filled,10 @ 47,Buy 10 Shares @ Market to Open,--,"05/06/2026, 3:43:34 PM",900001001
PARR,Filled,75 @ 6.273,Buy 75 Shares @ Market to Open,--,"05/06/2026, 3:41:28 PM",900001001
IAUM,Filled,50 @ 4.681,Sell 50 Shares @ Market to Close,--,"05/06/2026, 3:40:35 PM",900001001
BE,Filled,10 @ 28.67,Buy 10 Shares @ Market to Open,--,"05/06/2026, 3:39:48 PM",900001001
LITE,Filled,5 @ 94.64,Buy 5 Shares @ Market to Open,--,"05/06/2026, 3:39:10 PM",900001001
CDE,Filled,200 @ 1.879,Sell 200 Shares @ Market to Close,--,"05/06/2026, 3:36:16 PM",900001001
SSRM,Filled,75 @ 3.245,Sell 75 Shares @ Market to Close,--,"05/06/2026, 3:35:47 PM",900001001
PPLT,Filled,6 @ 18.66,Sell 6 Shares @ Market to Close,--,"05/06/2026, 3:33:47 PM",900001003
VTI,Filled,20 @ 36.099,Sell 20 Shares @ 36.099 Limit to Close,--,"05/06/2026, 1:48:18 PM",900001001
GFI,Filled,50 @ 4.602,Sell 50 Shares @ Market to Close,--,"05/06/2026, 1:42:03 PM",900001001
SMCI,Filled,50 @ 3.268,Sell 50 Shares @ Market to Close,--,"05/06/2026, 1:41:27 PM",900001001
CGAU,Filled,125 @ 1.795,Sell 125 Shares @ Market to Close,--,"05/06/2026, 1:40:18 PM",900001001
DY,Filled,10 @ 45.267,Buy 10 Shares @ Market to Open,--,"05/06/2026, 1:38:56 PM",900001001
AVGO,Filled,15 @ 42.178,Buy 15 Shares @ Market to Open,--,"05/06/2026, 1:37:27 PM",900001001
BE,Filled,10 @ 28.795,Buy 10 Shares @ Market to Open,--,"05/06/2026, 1:35:07 PM",900001001
PARR,Filled,50 @ 6.253,Buy 50 Shares @ Market to Open,--,"05/06/2026, 1:32:39 PM",900001001
USAR,Filled,100 @ 2.814,Sell 100 Shares @ Market to Close,--,"05/06/2026, 1:32:05 PM",900001001
USAR,Filled,150 @ 2.817,Sell 150 Shares @ Market to Close,--,"05/06/2026, 1:31:34 PM",900001001
USAR,Filled,100 @ 2.814,Sell 100 Shares @ Market to Close,--,"05/06/2026, 1:31:06 PM",900001001
COHR,Filled,5 @ 33.99,Sell 5 Shares @ Market to Close,--,"05/06/2026, 1:00:39 PM",900001001
NUKZ,Filled,25 @ 7.501,Sell 25 Shares @ Market to Close,--,"05/06/2026, 12:59:37 PM",900001001
EMEQ,Filled,25 @ 6.309,Sell 25 Shares @ Market to Close,--,"05/06/2026, 12:58:16 PM",900001001
CX,Filled,200 @ 1.353,Sell 200 Shares @ Market to Close,--,"05/06/2026, 12:56:51 PM",900001001
PSIX,Filled,50 @ 7.38,Sell 50 Shares @ Market to Close,--,"05/06/2026, 12:55:08 PM",900001001
PSIX,Filled,15 @ 7.38,Sell 15 Shares @ Market to Close,--,"05/06/2026, 12:54:41 PM",900001001
AUGO,Filled,25 @ 8.828,Sell 25 Shares @ Market to Close,--,"05/06/2026, 12:53:33 PM",900001001
LTM,Filled,50 @ 5.105,Sell 50 Shares @ Market to Close,--,"05/06/2026, 12:52:46 PM",900001001
SMCI,Filled,75 @ 3.213,Sell 75 Shares @ Market to Close,--,"05/06/2026, 12:51:45 PM",900001001
AMD,Filled,5 @ 41.191,Sell 5 Shares @ Market to Close,--,"05/06/2026, 12:51:18 PM",900001001
AMD,Filled,5 @ 41.499,Sell 5 Shares @ 41.499 Limit GTC to Close,--,"05/06/2026, 11:18:39 AM",900001001
SNDK,Filled,5 @ 140.191,Buy 5 Shares @ Market to Open,--,"05/06/2026, 10:55:51 AM",900001001
CRDO,Filled,25 @ 18.785,Buy 25 Shares @ Market to Open,--,"05/06/2026, 10:55:11 AM",900001001
LITE,Filled,5 @ 92.444,Buy 5 Shares @ Market to Open,--,"05/06/2026, 10:54:30 AM",900001001
GDE,Filled,30 @ 6.946,Sell 30 Shares @ Market to Close,--,"05/06/2026, 10:51:21 AM",900001003
GDE,Filled,5 @ 6.946,Sell 5 Shares @ Market to Close,--,"05/06/2026, 10:50:55 AM",900001003
LITE,Filled,4 @ 92.313,Buy 4 Shares @ Market to Open,--,"05/06/2026, 10:46:41 AM",900001001
LRCX,Filled,2 @ 29.292,Sell 2 Shares @ Market to Close,--,"05/06/2026, 10:34:24 AM",900001001
DY,Filled,7 @ 44.6,Buy 7 Shares @ Market to Open,--,"05/06/2026, 10:33:46 AM",900001001
APP,Filled,5 @ 46.148,Buy 5 Shares @ Market to Open,--,"05/06/2026, 10:33:17 AM",900001001
MTZ,Filled,7 @ 42.781,Buy 7 Shares @ Market to Open,--,"05/06/2026, 10:31:30 AM",900001001
ET,Filled,125 @ 2.01,Buy 125 Shares @ Market to Open,--,"05/06/2026, 10:30:51 AM",900001001
CRDO,Filled,40 @ 18.723,Buy 40 Shares @ Market to Open,--,"05/06/2026, 10:29:18 AM",900001001
BE,Filled,15 @ 28.4,Buy 15 Shares @ Market to Open,--,"05/06/2026, 10:27:31 AM",900001001
CLS,Filled,20 @ 40.021,Buy 20 Shares @ Market to Open,--,"05/06/2026, 10:26:38 AM",900001001
NEM,Filled,15 @ 11.477,Sell 15 Shares @ Market to Close,--,"05/06/2026, 10:25:43 AM",900001001
ORLA,Filled,200 @ 1.474,Sell 200 Shares @ Market to Close,--,"05/06/2026, 10:23:04 AM",900001001
SSRM,Filled,100 @ 3.348,Sell 100 Shares @ Market to Close,--,"05/06/2026, 10:22:21 AM",900001001
TSM,Filled,10 @ 40.85,Sell 10 Shares @ Market to Close,--,"05/06/2026, 10:20:28 AM",900001001
COPX,Filled,40 @ 8.39,Sell 40 Shares @ Market to Close,--,"05/06/2026, 10:18:46 AM",900001001
SMCI,Filled,75 @ 3.285,Sell 75 Shares @ Market to Close,--,"05/06/2026, 10:15:51 AM",900001001
UBER,Filled,30 @ 7.853,Sell 30 Shares @ Market to Close,--,"05/06/2026, 10:14:59 AM",900001001
COPX,Filled,50 @ 8.248,Sell 50 Shares @ 8.088 Limit GTC to Close,--,"05/06/2026, 9:30:19 AM",900001001
CRDO,Filled,25 @ 19.357,Sell 25 Shares @ Market CLO to Close,--,"05/05/2026, 4:00:03 PM",900001001
STRL,Filled,5 @ 80.6,Sell 5 Shares @ Market CLO to Close,--,"05/05/2026, 4:00:02 PM",900001001
VOO,Filled,5 @ 66.53,Sell 5 Shares @ Market CLO to Close,--,"05/05/2026, 4:00:01 PM",900001001
PLTR,Filled,20 @ 13.591,Buy 20 Shares @ Market CLO to Open,--,"05/05/2026, 4:00:01 PM",900001003
SNDK,Filled,2 @ 141.199,Sell 2 Shares @ 141.199 Limit to Close,--,"05/05/2026, 2:49:44 PM",900001001
TSM,Filled,5 @ 39.714,Buy 5 Shares @ Market to Open,--,"05/05/2026, 2:32:41 PM",900001001
CEG,Filled,7 @ 32.187,Buy 7 Shares @ Market to Open,--,"05/05/2026, 2:32:11 PM",900001001
CSTM,Filled,100 @ 3.294,Sell 100 Shares @ 3.294 Limit to Close,--,"05/05/2026, 2:31:39 PM",900001001
CGDV,Filled,50 @ 4.67,Sell 50 Shares @ Market to Close,--,"05/05/2026, 2:30:20 PM",900001001
SNDK,Filled,3 @ 141.105,Sell 3 Shares @ Market to Close,--,"05/05/2026, 2:28:04 PM",900001001
EMEQ,Filled,30 @ 6.062,Sell 30 Shares @ Market to Close,--,"05/05/2026, 2:27:02 PM",900001001
DY,Filled,5 @ 45.854,Sell 5 Shares @ Market to Close,--,"05/05/2026, 2:26:20 PM",900001001
MU,Filled,5 @ 63.993,Sell 5 Shares @ 63.993 Limit GTC to Close,--,"05/05/2026, 2:25:50 PM",900001001
CX,Filled,150 @ 1.284,Sell 150 Shares @ Market to Close,--,"05/05/2026, 2:24:56 PM",900001001
TSLA,Filled,5 @ 39.277,Buy 5 Shares @ Market to Open,--,"05/05/2026, 2:06:13 PM",900001001
STRL,Filled,3 @ 78.058,Sell 3 Shares @ Market to Close,--,"05/05/2026, 2:04:57 PM",900001001
SSRM,Filled,75 @ 2.82,Buy 75 Shares @ Market to Open,--,"05/05/2026, 2:01:15 PM",900001001
CSTM,Filled,50 @ 3.296,Sell 50 Shares @ 3.296 Limit to Close,--,"05/05/2026, 11:55:03 AM",900001001
SSRM,Filled,75 @ 2.836,Buy 75 Shares @ Market to Open,--,"05/05/2026, 11:48:48 AM",900001001
CDE,Filled,125 @ 1.734,Buy 125 Shares @ Market to Open,--,"05/05/2026, 11:48:24 AM",900001001
IWM,Filled,15 @ 28.199,Sell 15 Shares @ 28.199 Limit to Close,--,"05/05/2026, 11:45:03 AM",900001001
PLTR,Filled,15 @ 13.704,Buy 15 Shares @ Market to Open,--,"05/05/2026, 11:44:01 AM",900001001
PLTR,Filled,2 @ 13.725,Buy 2 Shares @ Market to Open,--,"05/05/2026, 11:42:14 AM",900001002
EWY,Filled,2 @ 17.206,Buy 2 Shares @ Market to Open,--,"05/05/2026, 10:18:04 AM",900001001
PSIX,Filled,15 @ 6.836,Buy 15 Shares @ Market to Open,--,"05/05/2026, 10:16:37 AM",900001001
TSM,Filled,3 @ 39.712,Buy 3 Shares @ Market to Open,--,"05/05/2026, 10:16:08 AM",900001001
MSFT,Filled,5 @ 41.051,Buy 5 Shares @ Market to Open,--,"05/05/2026, 10:15:36 AM",900001001
PARR,Filled,45 @ 6.789,Buy 45 Shares @ Market to Open,--,"05/05/2026, 10:15:19 AM",900001001
BTG,Filled,300 @ 0.426,Buy 300 Shares @ Market to Open,--,"05/05/2026, 10:14:49 AM",900001001
B,Filled,200 @ 3.874,Sell 200 Shares @ Market to Close,--,"05/05/2026, 10:14:17 AM",900001001
SMCI,Filled,75 @ 2.788,Buy 75 Shares @ Market to Open,--,"05/05/2026, 10:11:57 AM",900001001
EWO,Filled,30 @ 3.866,Sell 30 Shares @ Market to Close,--,"05/05/2026, 10:11:27 AM",900001001
MU,Filled,5 @ 63.494,Sell 5 Shares @ Market to Close,--,"05/05/2026, 10:10:30 AM",900001001
FN,Filled,5 @ 70.18,Buy 5 Shares @ Market to Open,--,"05/05/2026, 10:09:46 AM",900001001
IWM,Filled,15 @ 28.15,Sell 15 Shares @ Market to Close,--,"05/05/2026, 10:08:41 AM",900001001
PARR,Filled,45 @ 6.76,Buy 45 Shares @ Market to Open,--,"05/05/2026, 10:07:44 AM",900001001
LRCX,Filled,10 @ 27.321,Sell 10 Shares @ Market to Close,--,"05/05/2026, 10:06:53 AM",900001001
ECH,Filled,25 @ 4.097,Sell 25 Shares @ Market to Close,--,"05/05/2026, 10:06:06 AM",900001001
TSM,Filled,5 @ 40.049,Buy 5 Shares @ Market to Open,--,"05/05/2026, 10:05:08 AM",900001001
BRK.B,Filled,10 @ 46.818,Buy 10 Shares @ Market to Open,--,"05/05/2026, 10:04:13 AM",900001001
GDE,Filled,100 @ 6.723,Sell 100 Shares @ Market to Close,--,"05/05/2026, 10:03:49 AM",900001001
BE,Filled,10 @ 28.888,Buy 10 Shares @ 28.888 Limit GTC to Open,--,"05/05/2026, 10:00:00 AM",900001001
UNH,Filled,3 @ 36.887,Buy 3 Shares @ Market to Open,--,"05/05/2026, 9:57:43 AM",900001001
USAR,Filled,150 @ 2.506,Buy 150 Shares @ Market to Open,--,"05/05/2026, 9:55:06 AM",900001001
COPX,Filled,50 @ 7.867,Sell 50 Shares @ Market to Close,--,"05/05/2026, 9:54:30 AM",900001001
PLTR,Filled,25 @ 13.839,Buy 25 Shares @ Market to Open,--,"05/05/2026, 9:53:03 AM",900001001
BRK.B,Filled,10 @ 46.719,Buy 10 Shares @ Market to Open,--,"05/05/2026, 9:52:24 AM",900001001
VTI,Filled,30 @ 35.625,Sell 30 Shares @ Market to Close,--,"05/05/2026, 9:51:44 AM",900001001
PLTR,Filled,15 @ 13.93,Buy 15 Shares @ Market to Open,--,"05/05/2026, 9:45:01 AM",900001001
VOO,Filled,5 @ 66.374,Sell 5 Shares @ Market to Close,--,"05/05/2026, 9:44:19 AM",900001001
MSFT,Filled,3 @ 41.1,Buy 3 Shares @ Market to Open,--,"05/05/2026, 9:43:35 AM",900001001
TSM,Filled,10 @ 39.912,Buy 10 Shares @ Market to Open,--,"05/05/2026, 9:42:27 AM",900001001
APP,Filled,7 @ 47.131,Buy 7 Shares @ Market to Open,--,"05/05/2026, 9:41:46 AM",900001001
FN,Filled,5 @ 67.897,Buy 5 Shares @ Market to Open,--,"05/05/2026, 9:40:40 AM",900001001
PLTR,Filled,25 @ 14.077,Buy 25 Shares @ Market to Open,--,"05/05/2026, 9:40:16 AM",900001001
MU,Filled,8 @ 62.432,Sell 8 Shares @ Market to Close,--,"05/05/2026, 9:39:26 AM",900001001
STRL,Filled,5 @ 75.53,Sell 5 Shares @ Market to Close,--,"05/05/2026, 9:38:57 AM",900001001
STRL,Filled,9 @ 75.622,Sell 9 Shares @ Market to Close,--,"05/05/2026, 9:37:28 AM",900001001
GM,Filled,10 @ 7.567,Buy 10 Shares @ 7.567 Limit GTC to Open,--,"05/04/2026, 12:36:26 PM",900001001
GDE,Filled,50 @ 6.707,Buy 50 Shares @ Market to Open,--,"05/04/2026, 11:09:43 AM",900001001
MFC,Filled,50 @ 3.905,Buy 50 Shares @ Market to Open,--,"05/04/2026, 11:09:16 AM",900001001
BE,Filled,10 @ 28.307,Buy 10 Shares @ Market to Open,--,"05/04/2026, 11:08:20 AM",900001001
SHLD,Filled,100 @ 6.871,Sell 100 Shares @ Market to Close,--,"05/04/2026, 11:07:45 AM",900001001
CLS,Filled,10 @ 41.363,Buy 10 Shares @ Market to Open,--,"05/04/2026, 11:06:56 AM",900001001
CSTM,Filled,100 @ 3.129,Buy 100 Shares @ Market to Open,--,"05/04/2026, 11:06:08 AM",900001001
GOOG,Filled,5 @ 37.966,Buy 5 Shares @ Market to Open,--,"05/04/2026, 11:05:36 AM",900001001
VTI,Filled,15 @ 35.556,Sell 15 Shares @ Market to Close,--,"05/04/2026, 11:05:10 AM",900001001
PARR,Filled,15 @ 6.602,Buy 15 Shares @ Market to Open,--,"05/04/2026, 11:04:44 AM",900001001
UNFI,Filled,50 @ 5.146,Buy 50 Shares @ Market to Open,--,"05/04/2026, 11:03:27 AM",900001001
SNDK,Filled,5 @ 124.967,Sell 5 Shares @ Market to Close,--,"05/04/2026, 11:02:09 AM",900001001
CRDO,Filled,20 @ 18.206,Buy 20 Shares @ Market to Open,--,"05/04/2026, 11:01:25 AM",900001001
VOOV,Filled,20 @ 21.561,Sell 20 Shares @ Market to Close,--,"05/04/2026, 11:01:00 AM",900001001
EMEQ,Filled,30 @ 5.853,Sell 30 Shares @ Market to Close,--,"05/04/2026, 10:57:28 AM",900001001
AVGO,Filled,2 @ 41.63,Buy 2 Shares @ Market to Open,--,"05/04/2026, 10:34:00 AM",900001002
SNDK,Filled,1 @ 123.969,Sell 1 Share @ Market to Close,--,"05/04/2026, 10:33:10 AM",900001002
AVGO,Filled,15 @ 41.668,Buy 15 Shares @ Market to Open,--,"05/04/2026, 10:31:39 AM",900001001
MSFT,Filled,10 @ 41.97,Sell 10 Shares @ Market to Close,--,"05/04/2026, 10:31:02 AM",900001001
NEM,Filled,10 @ 10.96,Sell 10 Shares @ Market to Close,--,"05/04/2026, 10:30:15 AM",900001001
BLBD,Filled,35 @ 6.207,Buy 35 Shares @ Market to Open,--,"05/04/2026, 10:28:20 AM",900001001
CEG,Filled,10 @ 32.135,Sell 10 Shares @ Market to Close,--,"05/04/2026, 10:27:10 AM",900001001
TTMI,Filled,15 @ 15.59,Buy 15 Shares @ Market to Open,--,"05/04/2026, 10:06:09 AM",900001001
VOO,Filled,10 @ 66.224,Buy 10 Shares @ Market to Open,--,"05/04/2026, 10:05:22 AM",900001001
SMCI,Filled,150 @ 2.804,Sell 150 Shares @ Market to Close,--,"05/04/2026, 10:04:51 AM",900001001
CSTM,Filled,150 @ 3.132,Buy 150 Shares @ Market to Open,--,"05/04/2026, 10:03:44 AM",900001001
AMD,Filled,7 @ 35.1,Buy 7 Shares @ Market to Open,--,"05/04/2026, 10:03:17 AM",900001001
LRCX,Filled,5 @ 26.231,Sell 5 Shares @ Market to Close,--,"05/04/2026, 10:02:36 AM",900001001
PSIX,Filled,50 @ 7.029,Buy 50 Shares @ Market to Open,--,"05/04/2026, 10:01:49 AM",900001001
TSM,Filled,5 @ 40.354,Sell 5 Shares @ Market to Close,--,"05/04/2026, 10:00:44 AM",900001001
TIGO,Filled,50 @ 8.343,Buy 50 Shares @ Market to Open,--,"05/04/2026, 9:59:06 AM",900001001
MU,Filled,10 @ 58.667,Sell 10 Shares @ Market to Close,--,"05/04/2026, 9:58:26 AM",900001001
MTZ,Filled,10 @ 41.658,Buy 10 Shares @ Market to Open,--,"05/04/2026, 9:47:25 AM",900001001
VRT,Filled,20 @ 33.162,Buy 20 Shares @ Market to Open,--,"05/04/2026, 9:46:48 AM",900001001
ET,Filled,200 @ 2.004,Buy 200 Shares @ Market to Open,--,"05/04/2026, 9:46:10 AM",900001001
MU,Filled,2 @ 58.109,Sell 2 Shares @ Market to Close,--,"05/04/2026, 9:45:43 AM",900001001
IWM,Filled,15 @ 27.796,Buy 15 Shares @ Market to Open,--,"05/04/2026, 9:45:18 AM",900001001
BRK.B,Filled,10 @ 47.147,Buy 10 Shares @ Market to Open,--,"05/04/2026, 9:44:50 AM",900001001
USAR,Filled,200 @ 2.578,Buy 200 Shares @ Market to Open,--,"05/04/2026, 9:43:27 AM",900001001
REMX,Filled,50 @ 10.343,Buy 50 Shares @ Market to Open,--,"05/04/2026, 9:43:06 AM",900001001
MU,Filled,20 @ 57.727,Sell 20 Shares @ Market to Close,--,"05/04/2026, 9:40:50 AM",900001001
TSLA,Filled,35 @ 39.159,Sell 35 Shares @ Market to Close,--,"05/04/2026, 9:40:12 AM",900001001
SHLD,Filled,20 @ 6.84,Sell 20 Shares @ Market to Close,--,"05/04/2026, 9:38:33 AM",900001003
LITE,Filled,2 @ 97.372,Sell 2 Shares @ Market to Close,--,"05/04/2026, 9:37:27 AM",900001003
PLTR,Expired,--,Sell 25 Shares @ 14.567 Limit to Close,--,"05/01/2026, 4:06:27 PM",900001001
MU,Expired,--,Sell 10 Shares @ 54.999 Limit to Close,--,"05/01/2026, 4:00:12 PM",900001001
BVN,Filled,50 @ 3.193,Buy 50 Shares @ Market to Open,--,"05/01/2026, 10:23:46 AM",900001001
VOOV,Filled,15 @ 21.731,Sell 15 Shares @ Market to Close,--,"05/01/2026, 10:21:38 AM",900001001
MSFT,Filled,5 @ 41.219,Buy 5 Shares @ Market to Open,--,"05/01/2026, 10:20:07 AM",900001001
AVGO,Filled,5 @ 42.043,Buy 5 Shares @ Market to Open,--,"05/01/2026, 10:11:46 AM",900001001
VRT,Filled,5 @ 32.879,Buy 5 Shares @ Market to Open,--,"05/01/2026, 10:10:43 AM",900001001
AMD,Filled,10 @ 35.394,Buy 10 Shares @ Market to Open,--,"05/01/2026, 10:09:42 AM",900001001
W,Filled,50 @ 6.489,Sell 50 Shares @ Market to Close,--,"05/01/2026, 10:08:01 AM",900001001
ET,Filled,125 @ 1.982,Buy 125 Shares @ Market to Open,--,"05/01/2026, 10:06:40 AM",900001001
GOOG,Filled,10 @ 38.093,Buy 10 Shares @ Market to Open,--,"05/01/2026, 10:05:53 AM",900001001
PSTL,Filled,50 @ 2.198,Buy 50 Shares @ Market to Open,--,"05/01/2026, 10:02:44 AM",900001001
URA,Filled,20 @ 5.56,Buy 20 Shares @ Market to Open,--,"05/01/2026, 10:01:56 AM",900001001
UNH,Filled,5 @ 36.851,Buy 5 Shares @ Market to Open,--,"05/01/2026, 10:01:35 AM",900001001
REMX,Filled,20 @ 10.484,Buy 20 Shares @ Market to Open,--,"05/01/2026, 10:00:56 AM",900001001
COPX,Filled,50 @ 7.999,Sell 50 Shares @ 7.999 Limit GTC to Close,--,"05/01/2026, 10:00:40 AM",900001001
AUGO,Filled,15 @ 8.344,Buy 15 Shares @ Market to Open,--,"05/01/2026, 9:58:00 AM",900001001
NWG,Filled,150 @ 1.533,Buy 150 Shares @ Market to Open,--,"05/01/2026, 9:54:51 AM",900001001
SIVR,Filled,20 @ 7.234,Sell 20 Shares @ 7.234 Limit GTC to Close,--,"05/01/2026, 9:54:33 AM",900001001
USAR,Filled,100 @ 2.483,Buy 100 Shares @ Market to Open,--,"05/01/2026, 9:40:49 AM",900001001
DY,Filled,5 @ 41.41,Sell 5 Shares @ Market CLO to Close,--,"04/30/2026, 4:00:03 PM",900001001
URA,Filled,40 @ 5.642,Sell 40 Shares @ Market CLO to Close,--,"04/30/2026, 4:00:01 PM",900001001
CSTM,Filled,250 @ 3.123,Buy 250 Shares @ 3.123 Limit GTC to Open,--,"04/30/2026, 1:37:03 PM",900001001
UBER,Filled,30 @ 7.405,Buy 30 Shares @ Market to Open,--,"04/30/2026, 12:46:32 PM",900001001
SILJ,Filled,10 @ 2.895,Sell 10 Shares @ Market to Close,--,"04/30/2026, 12:41:11 PM",900001002
BE,Filled,4 @ 27.388,Buy 4 Shares @ 27.393 Limit to Open,--,"04/30/2026, 12:40:38 PM",900001002
SILJ,Filled,7 @ 2.899,Sell 7 Shares @ Market to Close,--,"04/30/2026, 12:39:56 PM",900001002
BRK.B,Filled,5 @ 47.446,Buy 5 Shares @ Market to Open,--,"04/30/2026, 12:37:43 PM",900001001
MU,Filled,8 @ 51.236,Buy 8 Shares @ Market to Open,--,"04/30/2026, 12:37:25 PM",900001001
USAR,Filled,250 @ 2.5,Sell 250 Shares @ Market to Close,--,"04/30/2026, 12:36:53 PM",900001001
PPLT,Filled,10 @ 17.869,Sell 10 Shares @ 17.869 Limit GTC to Close,--,"04/30/2026, 12:35:12 PM",900001001
MU,Filled,10 @ 51.116,Buy 10 Shares @ Market to Open,--,"04/30/2026, 12:30:15 PM",900001001
USAR,Filled,200 @ 2.49,Sell 200 Shares @ Market to Close,--,"04/30/2026, 12:29:57 PM",900001001
GRNJ,Filled,75 @ 2.825,Buy 75 Shares @ Market to Open,--,"04/28/2026, 12:22:40 PM",900001003
MSFT,Filled,5 @ 42.798,Sell 5 Shares @ Market to Close,--,"04/28/2026, 12:21:37 PM",900001003
CRDO,Filled,2 @ 17.749,Buy 2 Shares @ Market to Open,--,"04/27/2026, 12:26:43 PM",900001003
GDE,Filled,50 @ 6.82,Sell 50 Shares @ Market to Close,--,"04/24/2026, 3:31:27 PM",900001003
PPLT,Filled,4 @ 18.266,Sell 4 Shares @ Market to Close,--,"04/24/2026, 3:30:36 PM",900001003
VOOV,Filled,10 @ 21.3,Sell 10 Shares @ 21.299 Limit GTC to Close,--,"04/23/2026, 9:32:15 AM",900001003
SILJ,Filled,10 @ 3.082,Buy 10 Shares @ Market to Open,--,"04/21/2026, 1:19:19 PM",900001002
CRDO,Filled,10 @ 17.145,Sell 10 Shares @ Market to Close,--,"04/20/2026, 3:42:52 PM",900001003
GRNY,Filled,15 @ 2.621,Sell 15 Shares @ Market to Close,--,"04/20/2026, 3:41:08 PM",900001003
GRNY,Filled,10 @ 2.622,Sell 10 Shares @ Market to Close,--,"04/20/2026, 3:40:51 PM",900001003
CRDO,Filled,10 @ 17.14,Sell 10 Shares @ Market to Close,--,"04/20/2026, 3:38:53 PM",900001003
VOOV,Filled,5 @ 21.326,Sell 5 Shares @ Market to Close,--,"04/17/2026, 11:27:12 AM",900001003
SILJ,Filled,25 @ 3.355,Sell 25 Shares @ Market to Close,--,"04/17/2026, 11:25:16 AM",900001002
PPLT,Filled,10 @ 18.888,Buy 10 Shares @ 18.888 Limit GTC to Open,--,"04/16/2026, 10:40:51 AM",900001003
MSFT,Filled,5 @ 41.341,Buy 5 Shares @ Market to Open,--,"04/16/2026, 9:59:51 AM",900001003
AMZN,Filled,10 @ 24.543,Buy 10 Shares @ Market to Open,--,"04/16/2026, 9:56:54 AM",900001003
TSLA,Filled,20 @ 38.299,Buy 20 Shares @ 38.299 Limit GTC to Open,--,"04/16/2026, 9:55:48 AM",900001003
SPMO,Filled,60 @ 12.598,Buy 60 Shares @ Market to Open,--,"04/16/2026, 9:54:17 AM",900001003
LITE,Filled,7 @ 87.11,Sell 7 Shares @ Market to Close,--,"04/16/2026, 9:53:08 AM",900001003
GRNJ,Filled,300 @ 2.815,Buy 300 Shares @ Market to Open,--,"04/16/2026, 9:52:23 AM",900001003
GRNY,Filled,300 @ 2.577,Buy 300 Shares @ Market to Open,--,"04/16/2026, 9:51:59 AM",900001003
GDE,Filled,60 @ 6.854,Sell 60 Shares @ Market to Close,--,"04/16/2026, 9:50:23 AM",900001003
VOOV,Filled,10 @ 21.102,Sell 10 Shares @ Market to Close,--,"04/16/2026, 9:49:38 AM",900001003
GDE,Filled,60 @ 6.856,Sell 60 Shares @ Market to Close,--,"04/16/2026, 9:47:32 AM",900001003
GDE,Filled,30 @ 6.857,Sell 30 Shares @ Market to Close,--,"04/16/2026, 9:45:22 AM",900001003
GDE,Filled,50 @ 6.86,Sell 50 Shares @ Market to Close,--,"04/16/2026, 9:44:54 AM",900001003
GDMN,Filled,5 @ 10.983,Sell 5 Shares @ Market to Close,--,"04/16/2026, 9:43:37 AM",900001003
GDMN,Filled,5 @ 10.98,Sell 5 Shares @ Market to Close,--,"04/16/2026, 9:43:17 AM",900001003
GDMN,Filled,5 @ 10.98,Sell 5 Shares @ 10.98 Limit to Close,--,"04/16/2026, 9:42:55 AM",900001003
GDMN,Filled,5 @ 10.974,Sell 5 Shares @ 10.974 Limit to Close,--,"04/16/2026, 9:42:37 AM",900001003
GDMN,Filled,10 @ 11.004,Sell 10 Shares @ 10.993 Limit to Close,--,"04/16/2026, 9:40:34 AM",900001003
SYF,Filled,50 @ 7.678,Sell 50 Shares @ 7.678 Limit GTC to Close,--,"04/15/2026, 9:39:33 AM",900001003
SNDK,Filled,1 @ 93.161,Buy 1 Share @ Market to Open,--,"04/15/2026, 9:30:19 AM",900001002
GDMN,Filled,4 @ 11.234,Sell 4 Shares @ 11.234 Limit GTC to Close,--,"04/14/2026, 3:10:21 PM",900001002
GDMN,Filled,7 @ 11.197,Sell 7 Shares @ Market to Close,--,"04/14/2026, 1:50:17 PM",900001002
MU,Filled,2 @ 45.5,Sell 2 Shares @ 45.492 Limit GTC to Close,--,"04/14/2026, 1:48:48 PM",900001002
VOOV,Filled,10 @ 20.997,Sell 10 Shares @ Market to Close,--,"04/14/2026, 1:45:54 PM",900001003
PPLT,Filled,6 @ 19.078,Sell 6 Shares @ Market to Close,--,"04/14/2026, 1:44:46 PM",900001003
PSIX,Filled,25 @ 8.358,Sell 25 Shares @ 8.358 Limit GTC to Close,--,"04/14/2026, 11:50:42 AM",900001003
LITE,Filled,2 @ 85.64,Buy 2 Shares @ 85.64 Limit to Open,--,"04/14/2026, 11:47:33 AM",900001002
CRDO,Filled,8 @ 15.705,Sell 8 Shares @ Market to Close,--,"04/14/2026, 11:00:24 AM",900001003
CRDO,Filled,4 @ 15.702,Sell 4 Shares @ Market to Close,--,"04/14/2026, 10:59:53 AM",900001003
CRDO,Filled,3 @ 15.659,Sell 3 Shares @ Market to Close,--,"04/14/2026, 10:59:23 AM",900001003
CRDO,Filled,1 @ 15.648,Sell 1 Share @ Market to Close,--,"04/14/2026, 10:58:54 AM",900001003
LITE,Filled,2 @ 84.093,Buy 2 Shares @ Market to Open,--,"04/14/2026, 10:06:59 AM",900001003
CRDO,Filled,16 @ 15.224,Sell 16 Shares @ Market to Close,--,"04/14/2026, 10:05:35 AM",900001003
LITE,Filled,2 @ 86.999,Buy 2 Shares @ 86.999 Limit to Open,--,"04/14/2026, 9:32:58 AM",900001003
GDE,Filled,35 @ 6.575,Buy 35 Shares @ Market to Open,--,"04/13/2026, 11:28:57 AM",900001003
LITE,Filled,5 @ 87.46,Buy 5 Shares @ Market to Open,--,"04/13/2026, 11:26:50 AM",900001003
GDMN,Filled,10 @ 10.711,Buy 10 Shares @ Market to Open,--,"04/13/2026, 11:26:04 AM",900001003
SLV,Filled,50 @ 6.695,Buy 50 Shares @ Market to Open,--,"04/13/2026, 11:25:42 AM",900001003
CRDO,Filled,15 @ 13.25,Sell 15 Shares @ Market to Close,--,"04/13/2026, 10:24:11 AM",900001003
CRDO,Filled,8 @ 13.275,Sell 8 Shares @ Market to Close,--,"04/13/2026, 10:23:47 AM",900001003
GDE,Filled,30 @ 6.643,Buy 30 Shares @ Market to Open,--,"04/10/2026, 1:51:33 PM",900001003
SHLD,Filled,20 @ 7.287,Buy 20 Shares @ Market to Open,--,"04/10/2026, 1:50:41 PM",900001003
PPLT,Filled,10 @ 18.701,Buy 10 Shares @ Market to Open,--,"04/10/2026, 1:50:22 PM",900001003
CLS,Filled,20 @ 35.009,Sell 20 Shares @ Market to Close,--,"04/10/2026, 1:48:57 PM",900001003
CRDO,Filled,30 @ 12.069,Sell 30 Shares @ Market to Close,--,"04/10/2026, 1:47:42 PM",900001003
LITE,Filled,4 @ 88.85,Buy 4 Shares @ Market to Open,--,"04/09/2026, 3:25:19 PM",900001003
VOOV,Filled,15 @ 20.982,Buy 15 Shares @ Market to Open,--,"04/09/2026, 1:11:50 PM",900001003
MU,Filled,10 @ 40.809,Buy 10 Shares @ Market to Open,--,"04/09/2026, 1:09:53 PM",900001003
CRDO,Filled,50 @ 10.719,Buy 50 Shares @ Market to Open,--,"04/09/2026, 1:09:06 PM",900001003
LITE,Filled,7 @ 88.751,Buy 7 Shares @ Market to Open,--,"04/09/2026, 1:08:30 PM",900001003
CGDV,Filled,25 @ 4.437,Sell 25 Shares @ Market to Close,--,"04/09/2026, 10:38:49 AM",900001003
GDMN,Filled,10 @ 10.749,Sell 10 Shares @ Market to Close,--,"04/09/2026, 10:38:24 AM",900001003
GDMN,Filled,5 @ 10.728,Sell 5 Shares @ Market to Close,--,"04/09/2026, 10:38:01 AM",900001003
AMZN,Filled,10 @ 22.487,Sell 10 Shares @ Market to Close,--,"04/09/2026, 10:36:21 AM",900001003
GRNJ,Filled,200 @ 2.642,Sell 200 Shares @ Market to Close,--,"04/08/2026, 10:52:06 AM",900001003
PSIX,Filled,30 @ 6.717,Sell 30 Shares @ Market to Close,--,"04/08/2026, 10:51:40 AM",900001003
SLV,Filled,40 @ 6.82,Sell 40 Shares @ Market to Close,--,"04/08/2026, 10:50:51 AM",900001003
SYF,Filled,100 @ 7.19,Sell 100 Shares @ Market to Close,--,"04/08/2026, 10:50:19 AM",900001003
AMZN,Filled,20 @ 22.111,Sell 20 Shares @ Market to Close,--,"04/08/2026, 10:49:15 AM",900001003
GDE,Filled,20 @ 6.618,Buy 20 Shares @ Market to Open,--,"04/08/2026, 9:58:15 AM",900001003
LITE,Canceled,--,Buy 2 Shares @ 74.402 Limit GTC to Open,--,"04/08/2026, 9:57:25 AM",900001003
GDE,Filled,1 @ 6.618,Buy 1 Share @ Market to Open,--,"04/08/2026, 9:56:52 AM",900001002
CLS,Filled,5 @ 29.491,Sell 5 Shares @ 29.491 Limit to Close,--,"04/02/2026, 3:59:44 PM",900001003
GRNJ,Filled,40 @ 2.525,Buy 40 Shares @ Market to Open,--,"04/02/2026, 12:12:42 PM",900001003
PPLT,Filled,6 @ 17.921,Sell 6 Shares @ Market to Close,--,"04/02/2026, 12:11:45 PM",900001003
GDMN,Filled,15 @ 10.257,Buy 15 Shares @ 10.257 Limit to Open,--,"04/02/2026, 12:11:17 PM",900001003
GRNY,Filled,25 @ 2.394,Sell 25 Shares @ Market to Close,--,"04/02/2026, 12:10:03 PM",900001003
VOOV,Filled,5 @ 20.368,Sell 5 Shares @ Market to Close,--,"04/02/2026, 12:09:00 PM",900001003
CRDO,Filled,3 @ 10.131,Sell 3 Shares @ Market to Close,--,"04/02/2026, 12:07:35 PM",900001003
GDMN,Canceled,--,Buy 20 Shares @ 9.123 Limit GTC to Open,--,"04/02/2026, 6:30:17 AM",900001002
SLV,Filled,14 @ 6.856,Buy 14 Shares @ Market to Open,--,"04/01/2026, 11:41:32 AM",900001003
SILJ,Filled,7 @ 3.143,Buy 7 Shares @ Market to Open,--,"04/01/2026, 11:39:26 AM",900001002
MU,Filled,3 @ 35.443,Sell 3 Shares @ Market to Close,--,"04/01/2026, 9:40:38 AM",900001002
COPX,Filled,8 @ 7.807,Sell 8 Shares @ Market to Close,--,"04/01/2026, 9:40:00 AM",900001002
PPLT,Filled,4 @ 17.812,Sell 4 Shares @ Market to Close,--,"04/01/2026, 9:39:33 AM",900001002
VOOV,Filled,5 @ 20.297,Sell 5 Shares @ Market to Close,--,"03/31/2026, 2:07:37 PM",900001003
AMZN,Filled,5 @ 20.868,Sell 5 Shares @ Market to Close,--,"03/31/2026, 2:07:14 PM",900001003
SHLD,Filled,30 @ 7.053,Sell 30 Shares @ Market to Close,--,"03/31/2026, 2:06:18 PM",900001003
DFDV,Filled,150 @ 0.322,Sell 150 Shares @ Market to Close,--,"03/31/2026, 1:57:20 PM",900001002
MTZ,Canceled,--,Buy 15 Shares @ Market to Open,--,"03/31/2026, 4:58:17 AM",900001002
LITE,Filled,5 @ 66.666,Buy 5 Shares @ 66.666 Limit GTC to Open,--,"03/30/2026, 9:55:26 AM",900001003
GRNJ,Filled,200 @ 2.479,Buy 200 Shares @ 2.485 Limit GTC to Open,--,"03/27/2026, 9:30:08 AM",900001003
MU,Filled,2 @ 36.916,Buy 2 Shares @ 37.035 Limit GTC to Open,--,"03/26/2026, 9:30:23 AM",900001002
GDE,Filled,10 @ 6.188,Sell 10 Shares @ Market to Close,--,"03/25/2026, 11:09:26 AM",900001002
CRDO,Filled,10 @ 9.993,Buy 10 Shares @ Market to Open,--,"03/24/2026, 12:16:32 PM",900001003
MU,Filled,5 @ 39.371,Buy 5 Shares @ Market to Open,--,"03/24/2026, 12:15:56 PM",900001003
TMUSL,Filled,190 @ 2.425,Sell 190 Shares @ Market to Close,--,"03/24/2026, 12:10:28 PM",900001003
TMUSL,Canceled,--,Sell 190 Shares @ 2.518 Limit GTC to Close,--,"03/24/2026, 12:10:08 PM",900001003
SLV,Filled,25 @ 6.287,Sell 25 Shares @ Market to Close,--,"03/24/2026, 12:06:33 PM",900001003
GDE,Filled,30 @ 5.976,Sell 30 Shares @ Market to Close,--,"03/24/2026, 12:05:24 PM",900001003
IAUM,Filled,20 @ 4.392,Sell 20 Shares @ Market to Close,--,"03/24/2026, 12:04:40 PM",900001003
BRK.B,Filled,5 @ 48.073,Sell 5 Shares @ Market to Close,--,"03/24/2026, 12:04:01 PM",900001003
MU,Filled,3 @ 39.63,Buy 3 Shares @ Market to Open,--,"03/24/2026, 10:14:46 AM",900001002
LITE,Filled,4 @ 76.765,Sell 4 Shares @ Market to Close,--,"03/24/2026, 10:11:00 AM",900001002
DFDV,Filled,150 @ 0.399,Buy 150 Shares @ 0.399 Limit GTC to Open,--,"03/20/2026, 2:12:33 PM",900001002
DAR,Canceled,--,Buy 5 Shares @ 5.45 Limit GTC to Open,--,"03/20/2026, 9:58:10 AM",900001002
LITE,Filled,3 @ 75.002,Buy 3 Shares @ 75.002 Limit GTC to Open,--,"03/20/2026, 9:51:53 AM",900001002
GRNY,Filled,15 @ 2.414,Buy 15 Shares @ Market to Open,--,"03/20/2026, 9:50:42 AM",900001003
USO,Filled,7 @ 11.899,Sell 7 Shares @ 11.899 Limit GTC to Close,--,"03/20/2026, 9:32:27 AM",900001002
USO,Canceled,--,Sell 7 Shares @ 12.899 Limit GTC to Close,--,"03/20/2026, 9:32:18 AM",900001002
AMZN,Filled,10 @ 20.728,Buy 10 Shares @ Market to Open,--,"03/19/2026, 11:40:27 AM",900001003
TMUSL,Filled,100 @ 2.438,Sell 100 Shares @ Market to Close,--,"03/19/2026, 11:39:37 AM",900001003
GDMN,Filled,10 @ 9.14,Buy 10 Shares @ Market to Open,--,"03/19/2026, 10:25:25 AM",900001003
GSG,Canceled,--,Buy 30 Shares @ 2.909 Limit GTC to Open,--,"03/19/2026, 10:25:06 AM",900001003
GDE,Filled,3 @ 6.891,Buy 3 Shares @ Market to Open,--,"03/17/2026, 9:59:20 AM",900001002
CRDO,Filled,3 @ 11.424,Buy 3 Shares @ Market to Open,--,"03/17/2026, 9:58:40 AM",900001003
LITE,Filled,1 @ 59.7,Buy 1 Share @ Market to Open,--,"03/17/2026, 9:30:11 AM",900001002
CRDO,Filled,15 @ 11.333,Buy 15 Shares @ 11.333 Limit to Open,--,"03/16/2026, 12:47:30 PM",900001003
GDMN,Filled,5 @ 10.977,Sell 5 Shares @ Market to Close,--,"03/16/2026, 12:44:27 PM",900001003
TMUSL,Filled,100 @ 2.46,Buy 100 Shares @ Market to Open,--,"03/16/2026, 12:39:14 PM",900001003
PSIX,Filled,40 @ 5.881,Sell 40 Shares @ Market to Close,--,"03/16/2026, 12:38:41 PM",900001003
PSIX,Filled,20 @ 5.881,Sell 20 Shares @ Market to Close,--,"03/16/2026, 12:38:24 PM",900001003
PSIX,Filled,5 @ 5.881,Sell 5 Shares @ Market to Close,--,"03/16/2026, 12:37:58 PM",900001003
PSIX,Filled,8 @ 5.881,Sell 8 Shares @ Market to Close,--,"03/16/2026, 12:37:39 PM",900001003
SIL,Filled,7 @ 9.649,Sell 7 Shares @ Market to Close,--,"03/16/2026, 9:53:00 AM",900001002
SILJ,Filled,25 @ 3.15,Buy 25 Shares @ Market to Open,--,"03/16/2026, 9:30:10 AM",900001002
USO,Filled,7 @ 11.7,Buy 7 Shares @ Market to Open,--,"03/16/2026, 9:30:09 AM",900001002
VOOV,Filled,5 @ 20.884,Buy 5 Shares @ Market to Open,--,"03/10/2026, 10:34:41 AM",900001003
SHLD,Filled,30 @ 7.706,Buy 30 Shares @ Market to Open,--,"03/10/2026, 10:33:47 AM",900001003
PLTR,Filled,26 @ 15.132,Sell 26 Shares @ Market to Close,--,"03/10/2026, 10:33:22 AM",900001003
SIL,Filled,7 @ 10.622,Sell 7 Shares @ Market to Close,--,"03/10/2026, 10:30:05 AM",900001002
GRNY,Filled,10 @ 2.439,Buy 10 Shares @ Market to Open,--,"03/09/2026, 11:54:36 AM",900001003
COPX,Filled,7 @ 7.812,Buy 7 Shares @ Market to Open,--,"03/09/2026, 11:39:07 AM",900001002
MULL,Filled,5 @ 13.84,Sell 5 Shares @ Market to Close,--,"03/09/2026, 11:38:28 AM",900001002
MULL,Canceled,--,Sell 5 Shares @ 18.765 Limit GTC to Close,--,"03/09/2026, 11:38:28 AM",900001002
SLV,Filled,25 @ 7.417,Buy 25 Shares @ 7.777 Limit GTC to Open,--,"03/03/2026, 9:30:16 AM",900001003
PSIX,Filled,5 @ 9.296,Buy 5 Shares @ Market to Open,--,"02/26/2026, 10:54:17 AM",900001003
IAUM,Filled,6 @ 5.169,Sell 6 Shares @ 5.169 Limit to Close,--,"02/26/2026, 10:51:17 AM",900001003
CRDO,Filled,20 @ 11.418,Buy 20 Shares @ 11.418 Limit GTC to Open,--,"02/26/2026, 10:50:21 AM",900001003
BRK.B,Filled,5 @ 49.816,Sell 5 Shares @ Market to Close,--,"02/26/2026, 10:48:02 AM",900001003
MULL,Filled,5 @ 16.734,Buy 5 Shares @ Market to Open,--,"02/26/2026, 10:45:17 AM",900001002
PSIX,Filled,8 @ 9.445,Buy 8 Shares @ Market to Open,--,"02/25/2026, 1:21:14 PM",900001003
CRDO,Canceled,--,Sell 16 Shares @ 15.301 Limit GTC to Close,--,"02/25/2026, 1:19:19 PM",900001003
SLV,Canceled,--,Sell 25 Shares @ 8.249 Limit GTC to Close,--,"02/25/2026, 1:18:57 PM",900001003
PPLT,Filled,2 @ 21.078,Sell 2 Shares @ Market to Close,--,"02/25/2026, 1:13:58 PM",900001003
IAUM,Filled,6 @ 5.148,Buy 6 Shares @ Market to Open,--,"02/24/2026, 1:19:19 PM",900001003
AMZN,Filled,10 @ 20.905,Sell 10 Shares @ Market to Close,--,"02/24/2026, 1:17:47 PM",900001003
AMZN,Filled,15 @ 20.913,Sell 15 Shares @ Market to Close,--,"02/24/2026, 1:17:16 PM",900001003
SLV,Filled,25 @ 7.027,Sell 25 Shares @ 7.027 Limit GTC to Close,--,"02/18/2026, 9:58:23 AM",900001003
PLTR,Filled,7 @ 13.026,Buy 7 Shares @ Market to Open,--,"02/17/2026, 10:09:33 AM",900001003
CGDV,Filled,50 @ 4.517,Buy 50 Shares @ Market to Open,--,"02/17/2026, 10:08:17 AM",900001003
BRK.B,Filled,5 @ 50.302,Sell 5 Shares @ Market to Close,--,"02/17/2026, 10:07:38 AM",900001003
PPLT,Filled,6 @ 18.287,Buy 6 Shares @ Market to Open,--,"02/17/2026, 10:06:24 AM",900001003
GDE,Filled,50 @ 6.78,Buy 50 Shares @ Market to Open,--,"02/17/2026, 10:05:59 AM",900001003
SLV,Filled,50 @ 6.605,Buy 50 Shares @ Market to Open,--,"02/17/2026, 10:05:29 AM",900001003
CGDV,Filled,25 @ 4.54,Buy 25 Shares @ 4.54 Limit GTC to Open,--,"02/13/2026, 2:58:33 PM",900001003
ETH,Filled,100 @ 1.954,Sell 100 Shares @ 1.954 Limit to Close,--,"02/13/2026, 11:43:36 AM",900001003
CLS,Filled,10 @ 28.167,Sell 10 Shares @ Market to Close,--,"02/13/2026, 11:41:56 AM",900001003
IBIT,Filled,50 @ 3.89,Sell 50 Shares @ 3.89 Limit GTC to Close,--,"02/13/2026, 10:12:02 AM",900001003
ETH,Filled,80 @ 1.899,Sell 80 Shares @ 1.899 Limit GTC to Close,--,"02/13/2026, 10:09:32 AM",900001003
AGX,Filled,3 @ 40.2,Buy 3 Shares @ Market to Open,--,"02/13/2026, 9:59:13 AM",900001003
VOOV,Filled,25 @ 21.169,Buy 25 Shares @ 21.169 Limit GTC to Open,--,"02/12/2026, 12:56:58 PM",900001003
GDE,Filled,30 @ 6.946,Buy 30 Shares @ Market to Open,--,"02/12/2026, 12:42:26 PM",900001003
GDE,Filled,60 @ 6.9,Buy 60 Shares @ 6.9 Limit GTC to Open,--,"02/12/2026, 11:17:39 AM",900001003
GDE,Filled,60 @ 6.999,Buy 60 Shares @ 6.999 Limit GTC to Open,--,"02/12/2026, 11:12:22 AM",900001003
AMZN,Filled,20 @ 20.099,Buy 20 Shares @ 20.099 Limit GTC to Open,--,"02/12/2026, 10:37:20 AM",900001003
IAUM,Filled,20 @ 5.052,Buy 20 Shares @ Market to Open,--,"02/12/2026, 10:33:42 AM",900001003
GDE,Filled,30 @ 7.132,Buy 30 Shares @ Market to Open,--,"02/12/2026, 10:31:49 AM",900001003
GDMN,Filled,15 @ 12.592,Buy 15 Shares @ Market to Open,--,"02/12/2026, 10:31:02 AM",900001003
PSIX,Filled,30 @ 9.189,Sell 30 Shares @ Market to Close,--,"02/12/2026, 10:29:54 AM",900001003
AGX,Filled,10 @ 44.567,Sell 10 Shares @ 44.567 Limit GTC to Close,--,"02/12/2026, 10:27:53 AM",900001003
GDE,Filled,50 @ 7.15,Buy 50 Shares @ Market to Open,--,"02/12/2026, 10:26:49 AM",900001003
COPX,Filled,6 @ 8.964,Sell 6 Shares @ Market to Close,--,"02/12/2026, 10:19:00 AM",900001002
VT,Filled,5 @ 14.824,Sell 5 Shares @ Market to Close,--,"02/12/2026, 10:18:19 AM",900001002
VT,Canceled,--,Sell 5 Shares @ 14.859 Limit GTC to Close,--,"02/12/2026, 10:18:19 AM",900001002
MU,Filled,2 @ 42.536,Sell 2 Shares @ Market to Close,--,"02/12/2026, 10:13:01 AM",900001002
GDE,Filled,10 @ 7.128,Buy 10 Shares @ Market to Open,--,"02/12/2026, 10:12:36 AM",900001002
AMZN,Filled,20 @ 20.234,Buy 20 Shares @ 20.234 Limit GTC to Open,--,"02/12/2026, 9:45:22 AM",900001003
ETH,Filled,40 @ 1.879,Sell 40 Shares @ Market to Close,--,"02/12/2026, 9:30:17 AM",900001003
PSIX,Filled,60 @ 8.7,Sell 60 Shares @ 8.699 Limit GTC to Close,--,"02/12/2026, 9:30:14 AM",900001003
AMZN,Filled,5 @ 20.561,Buy 5 Shares @ Market to Open,--,"02/11/2026, 9:59:59 AM",900001003
CRDO,Filled,15 @ 12.507,Buy 15 Shares @ Market to Open,--,"02/11/2026, 9:57:01 AM",900001003
MU,Filled,5 @ 39.995,Sell 5 Shares @ Market to Close,--,"02/11/2026, 9:55:38 AM",900001002
MU,Filled,5 @ 38.4,Buy 5 Shares @ Market to Open,--,"02/09/2026, 11:25:05 AM",900001002
SLV,Canceled,--,Sell 45 Shares @ 7.599 Limit GTC to Close,--,"02/09/2026, 11:20:55 AM",900001003
BRK.B,Filled,5 @ 50.295,Buy 5 Shares @ Market to Open,--,"02/09/2026, 9:59:21 AM",900001003
AGX,Canceled,--,Sell 5 Shares @ 38.999 Limit GTC to Close,--,"02/09/2026, 9:54:50 AM",900001003
SYF,Canceled,--,Sell 50 Shares @ 7.599 Limit GTC to Close,--,"02/09/2026, 9:54:40 AM",900001003
SYF,Canceled,--,Sell 75 Shares @ 7.799 Limit GTC to Close,--,"02/09/2026, 9:53:23 AM",900001003
SYF,Canceled,--,Sell 75 Shares @ 8.999 Limit GTC to Close,--,"02/09/2026, 9:53:12 AM",900001003
VGSH,Filled,105 @ 5.876,Sell 105 Shares @ Market to Close,--,"02/09/2026, 9:51:32 AM",900001003
VT,Filled,5 @ 14.678,Sell 5 Shares @ 14.678 Limit GTC to Close,--,"02/09/2026, 9:39:46 AM",900001002
PSIX,Canceled,--,Sell 20 Shares @ 9.876 Limit GTC to Close,--,"02/07/2026, 1:36:06 PM",900001003
IBIT,Filled,50 @ 3.968,Sell 50 Shares @ Market CLO to Close,--,"02/06/2026, 4:00:03 PM",900001003
AMZN,Filled,20 @ 21.032,Buy 20 Shares @ Market CLO to Open,--,"02/06/2026, 4:00:03 PM",900001003
IBIT,Filled,50 @ 4.012,Sell 50 Shares @ 4.012 Limit GTC to Close,--,"02/06/2026, 2:52:57 PM",900001003
TMUSL,Filled,75 @ 2.505,Sell 75 Shares @ 2.505 Limit GTC to Close,--,"02/06/2026, 12:33:07 PM",900001003
TMUSL,Filled,107 @ 2.505,Sell 107 Shares @ 2.505 Limit GTC to Close,--,"02/06/2026, 12:33:07 PM",900001003
TMUSL,Filled,43 @ 2.505,Sell 43 Shares @ 2.505 Limit GTC to Close,--,"02/06/2026, 12:33:07 PM",900001003
COHR,Filled,1 @ 22.513,Sell 1 Share @ Market to Close,--,"02/06/2026, 12:27:54 PM",900001002
IBIT,Filled,150 @ 3.999,Sell 150 Shares @ 3.999 Limit GTC to Close,--,"02/06/2026, 12:17:41 PM",900001003
IBIT,Filled,25 @ 3.999,Sell 25 Shares @ 3.999 Limit GTC to Close,--,"02/06/2026, 12:17:13 PM",900001003
AGX,Filled,5 @ 36.056,Sell 5 Shares @ Market to Close,--,"02/06/2026, 11:38:08 AM",900001003
ETH,Filled,100 @ 1.899,Sell 100 Shares @ 1.899 Limit GTC to Close,--,"02/06/2026, 11:20:05 AM",900001003
PSIX,Filled,40 @ 7.499,Sell 40 Shares @ 7.499 Limit GTC to Close,--,"02/06/2026, 11:08:11 AM",900001003
IBIT,Filled,25 @ 3.884,Sell 25 Shares @ Market to Close,--,"02/06/2026, 10:53:54 AM",900001003
VGSH,Filled,20 @ 5.874,Buy 20 Shares @ Market to Open,--,"02/06/2026, 10:50:33 AM",900001003
AMZN,Filled,10 @ 20.622,Buy 10 Shares @ Market to Open,--,"02/06/2026, 10:46:26 AM",900001003
PPLT,Filled,2 @ 18.913,Sell 2 Shares @ Market to Close,--,"02/06/2026, 10:44:18 AM",900001002
SLV,Filled,8 @ 6.922,Sell 8 Shares @ 6.922 Limit GTC to Close,--,"02/06/2026, 10:43:45 AM",900001002
PLTR,Filled,20 @ 12.989,Sell 20 Shares @ 12.989 Limit to Close,--,"02/05/2026, 10:24:35 AM",900001003
PLTR,Canceled,--,Sell 25 Shares @ 17.999 Limit GTC to Close,--,"02/05/2026, 10:21:13 AM",900001003
TMUSL,Filled,90 @ 2.508,Buy 90 Shares @ 2.508 Limit to Open,--,"02/05/2026, 10:15:32 AM",900001003
BRK.B,Canceled,--,Sell 5 Shares @ 64.899 Limit GTC to Close,--,"02/04/2026, 11:39:07 AM",900001003
ETH,Filled,100 @ 1.999,Buy 100 Shares @ 1.999 Limit GTC to Open,--,"02/04/2026, 11:17:37 AM",900001003
PLTR,Filled,7 @ 14.123,Buy 7 Shares @ 14.123 Limit GTC to Open,--,"02/04/2026, 10:11:54 AM",900001003
PSIX,Filled,20 @ 7.401,Buy 20 Shares @ 7.401 Limit GTC to Open,--,"02/04/2026, 9:53:32 AM",900001003
CRDO,Filled,20 @ 10.129,Buy 20 Shares @ Market to Open,--,"02/04/2026, 9:53:26 AM",900001003
BRK.B,Filled,10 @ 49.799,Sell 10 Shares @ 49.799 Limit GTC to Close,--,"02/04/2026, 9:32:03 AM",900001003
PSIX,Filled,15 @ 7.567,Sell 15 Shares @ 7.567 Limit GTC to Close,--,"02/03/2026, 9:48:55 AM",900001003
SLV,Canceled,--,Sell 25 Shares @ 7.567 Limit GTC to Close,--,"02/02/2026, 9:44:19 AM",900001003
SLV,Filled,25 @ 7.369,Sell 25 Shares @ Market to Close,--,"02/02/2026, 9:44:18 AM",900001003
ETH,Filled,100 @ 2.239,Buy 100 Shares @ Market to Open,--,"02/02/2026, 9:41:42 AM",900001003
VGSH,Filled,35 @ 5.867,Buy 35 Shares @ Market to Open,--,"02/02/2026, 9:41:16 AM",900001003
IBIT,Filled,25 @ 4.459,Buy 25 Shares @ Market to Open,--,"02/02/2026, 9:40:13 AM",900001003
GDMN,Filled,10 @ 10.567,Sell 10 Shares @ 10.567 Limit EXT to Close,--,"02/02/2026, 9:25:23 AM",900001003
AGX,Filled,15 @ 35.731,Sell 15 Shares @ Market to Close,--,"01/30/2026, 12:40:34 PM",900001003
AGX,Canceled,--,Sell 10 Shares @ 38.888 Limit GTC to Close,--,"01/30/2026, 12:39:55 PM",900001003
AGX,Canceled,--,Sell 10 Shares @ 35.999 Limit GTC to Close,--,"01/30/2026, 12:39:40 PM",900001003
AGX,Canceled,--,Sell 10 Shares @ 37.89 Limit GTC to Close,--,"01/30/2026, 11:55:02 AM",900001003
GDMN,Filled,10 @ 12.245,Buy 10 Shares @ Market to Open,--,"01/30/2026, 9:38:27 AM",900001003
VT,Filled,5 @ 14.625,Buy 5 Shares @ 14.631 Limit to Open,--,"01/30/2026, 9:37:10 AM",900001002
SLV,Filled,8 @ 9.044,Buy 8 Shares @ Market to Open,--,"01/30/2026, 9:36:46 AM",900001002
SIL,Filled,7 @ 10.23,Buy 7 Shares @ Market to Open,--,"01/30/2026, 9:35:43 AM",900001002
PPLT,Filled,4 @ 20.946,Buy 4 Shares @ 21.042 Limit to Open,--,"01/30/2026, 9:35:15 AM",900001002
GDMN,Filled,7 @ 12.313,Buy 7 Shares @ Market to Open,--,"01/30/2026, 9:34:54 AM",900001002
GDMN,Filled,4 @ 13.333,Buy 4 Shares @ 13.333 Limit GTC to Open,--,"01/29/2026, 10:27:19 AM",900001002
VGSH,Filled,50 @ 5.881,Buy 50 Shares @ Market to Open,--,"01/29/2026, 9:54:17 AM",900001003
PSIX,Filled,25 @ 7.701,Sell 25 Shares @ Market to Close,--,"01/29/2026, 9:49:31 AM",900001003
PLTR,Filled,7 @ 15.736,Buy 7 Shares @ Market to Open,--,"01/29/2026, 9:30:21 AM",900001003
SPMO,Filled,25 @ 12.062,Sell 25 Shares @ 11.999 Limit GTC to Close,--,"01/29/2026, 9:30:04 AM",900001003
MU,Filled,1 @ 42.687,Sell 1 Share @ Market to Close,--,"01/28/2026, 10:31:27 AM",900001002
PPLT,Filled,2 @ 23.88,Buy 2 Shares @ Market to Open,--,"01/28/2026, 10:31:10 AM",900001002
SIL,Filled,7 @ 11.271,Buy 7 Shares @ Market to Open,--,"01/28/2026, 10:29:52 AM",900001002
PSIX,Filled,25 @ 7.46,Sell 25 Shares @ Market to Close,--,"01/28/2026, 10:16:30 AM",900001003
TMUSL,Filled,75 @ 2.502,Buy 75 Shares @ Market to Open,--,"01/28/2026, 10:15:25 AM",900001003
PSIX,Filled,25 @ 7.53,Sell 25 Shares @ Market to Close,--,"01/28/2026, 9:58:25 AM",900001003
MU,Filled,2 @ 42.255,Sell 2 Shares @ 41.999 Limit GTC to Close,--,"01/28/2026, 9:30:30 AM",900001002
AGX,Canceled,--,Sell 10 Shares @ 37.999 Limit GTC to Close,--,"01/28/2026, 6:31:54 AM",900001003
PSIX,Canceled,--,Sell 70 Shares @ 8.999 Limit GTC to Close,--,"01/27/2026, 10:56:41 AM",900001003
PSIX,Canceled,--,Sell 40 Shares @ 9.999 Limit GTC to Close,--,"01/27/2026, 10:56:25 AM",900001003
COHR,Filled,3 @ 21.501,Sell 3 Shares @ 21.501 Limit to Close,--,"01/27/2026, 10:25:50 AM",900001002
MULL,Filled,15 @ 17.155,Sell 15 Shares @ Market to Close,--,"01/27/2026, 9:43:54 AM",900001002
VT,Expired,--,Sell 5 Shares @ 14.61 Limit EXT to Close,--,"01/26/2026, 8:04:24 PM",900001002
MULL,Filled,15 @ 16.237,Buy 15 Shares @ Market to Open,--,"01/26/2026, 11:00:28 AM",900001002
COPX,Canceled,--,Buy 15 Shares @ 7.999 Limit GTC to Open,--,"01/26/2026, 10:58:12 AM",900001002
VT,Filled,10 @ 14.603,Sell 10 Shares @ Market to Close,--,"01/26/2026, 10:57:48 AM",900001002
AMZN,Filled,5 @ 23.879,Buy 5 Shares @ Market to Open,--,"01/26/2026, 10:02:19 AM",900001003
AGX,Filled,20 @ 36.121,Sell 20 Shares @ Market to Close,--,"01/26/2026, 9:55:13 AM",900001003
TMUSL,Filled,150 @ 2.514,Buy 150 Shares @ 2.515 Limit to Open,--,"01/26/2026, 9:47:14 AM",900001003
PPLT,Filled,5 @ 25.507,Sell 5 Shares @ Market to Close,--,"01/26/2026, 9:43:19 AM",900001003
SLV,Filled,40 @ 9.953,Sell 40 Shares @ Market to Close,--,"01/26/2026, 9:42:22 AM",900001003
SLV,Filled,50 @ 9.957,Sell 50 Shares @ Market to Close,--,"01/26/2026, 9:42:06 AM",900001003
MU,Filled,5 @ 39.101,Buy 5 Shares @ 39.101 Limit GTC to Open,--,"01/26/2026, 9:30:48 AM",900001002
COHR,Filled,4 @ 19.688,Buy 4 Shares @ Market to Open,--,"01/23/2026, 3:44:02 PM",900001002
COPX,Canceled,--,Buy 23 Shares @ 8.149 Limit GTC to Open,--,"01/23/2026, 2:49:32 PM",900001002
VT,Filled,15 @ 14.519,Buy 15 Shares @ Market to Open,--,"01/23/2026, 2:37:37 PM",900001002
TMUSL,Filled,100 @ 2.505,Buy 100 Shares @ 2.51 Limit to Open,--,"01/22/2026, 9:53:59 AM",900001003
CLS,Filled,10 @ 28.27,Buy 10 Shares @ Market to Open,--,"01/22/2026, 9:52:22 AM",900001003
PLTR,Filled,15 @ 16.552,Sell 15 Shares @ Market to Close,--,"01/22/2026, 9:37:01 AM",900001003
POWL,Filled,5 @ 43.073,Sell 5 Shares @ 42.345 Limit GTC to Close,--,"01/22/2026, 9:30:21 AM",900001003
PLTR,Filled,5 @ 16.878,Sell 5 Shares @ 16.789 Limit GTC to Close,--,"01/22/2026, 9:30:21 AM",900001003
PSIX,Canceled,--,Sell 80 Shares @ 8.543 Limit GTC to Close,--,"01/22/2026, 6:30:10 AM",900001003
ETH,Filled,80 @ 2.799,Buy 80 Shares @ 2.799 Limit to Open,--,"01/21/2026, 11:23:02 AM",900001003
POWL,Filled,5 @ 42.999,Sell 5 Shares @ 42.999 Limit GTC to Close,--,"01/20/2026, 10:50:32 AM",900001003
AGX,Canceled,--,Sell 10 Shares @ 39.999 Limit GTC to Close,--,"01/17/2026, 2:11:44 PM",900001003
CRDO,Filled,15 @ 15.039,Buy 15 Shares @ Market to Open,--,"01/16/2026, 9:30:15 AM",900001003
COPX,Filled,7 @ 8.215,Buy 7 Shares @ Market to Open,--,"01/15/2026, 10:22:55 AM",900001002
NEM,Filled,1 @ 11.428,Sell 1 Share @ Market to Close,--,"01/15/2026, 10:22:04 AM",900001002
W,Filled,4 @ 11.883,Sell 4 Shares @ Market to Close,--,"01/15/2026, 10:21:54 AM",900001002
SLV,Canceled,--,Buy 25 Shares @ Market CLO to Open,--,"01/15/2026, 9:48:08 AM",900001003
SLV,Filled,25 @ 8.137,Buy 25 Shares @ 8.138 Limit to Open,--,"01/15/2026, 9:48:07 AM",900001003
CRDO,Filled,16 @ 15.228,Buy 16 Shares @ Market to Open,--,"01/14/2026, 10:38:35 AM",900001003
IBIT,Filled,55 @ 5.357,Sell 55 Shares @ Market CLO to Close,--,"01/13/2026, 4:00:04 PM",900001003
POWL,Filled,10 @ 39.301,Sell 10 Shares @ Market to Close,--,"01/13/2026, 2:55:45 PM",900001003
AGX,Filled,15 @ 31.539,Sell 15 Shares @ Market to Close,--,"01/13/2026, 2:51:17 PM",900001003
CLS,Canceled,--,Sell 5 Shares @ Market to Close,--,"01/12/2026, 4:03:28 PM",900001003
EAT,Filled,5 @ 16.763,Sell 5 Shares @ Market to Close,--,"01/12/2026, 3:59:42 PM",900001003
CLS,Filled,5 @ 27.958,Buy 5 Shares @ Market to Open,--,"01/06/2026, 9:57:58 AM",900001003
CRDO,Filled,8 @ 13.419,Buy 8 Shares @ Market to Open,--,"01/06/2026, 9:57:07 AM",900001003
SYF,Filled,30 @ 8.684,Sell 30 Shares @ Market to Close,--,"01/06/2026, 9:56:03 AM",900001003
PLTR,Filled,5 @ 17.48,Buy 5 Shares @ Market to Open,--,"01/05/2026, 9:30:37 AM",900001003
SYF,Filled,20 @ 8.411,Sell 20 Shares @ Market to Close,--,"01/02/2026, 12:37:22 PM",900001003
IBIT,Filled,20 @ 5.14,Sell 20 Shares @ Market to Close,--,"01/02/2026, 12:35:38 PM",900001003
PSIX,Filled,23 @ 6.057,Sell 23 Shares @ Market to Close,--,"01/02/2026, 12:32:41 PM",900001003
PLTR,Filled,25 @ 17.027,Buy 25 Shares @ Market to Open,--,"01/02/2026, 12:28:01 PM",900001003
AMZN,Filled,15 @ 22.684,Buy 15 Shares @ Market to Open,--,"01/02/2026, 12:25:52 PM",900001003
BRK.B,Filled,10 @ 49.581,Buy 10 Shares @ Market to Open,--,"01/02/2026, 12:25:04 PM",900001003
BRK.B,Canceled,--,Sell 10 Shares @ Market CLO to Close,--,"12/22/2025, 1:24:33 PM",900001003
GOOG,Filled,10 @ 30.869,Sell 10 Shares @ Market to Close,--,"12/22/2025, 10:57:50 AM",900001003
SPRX,Filled,105 @ 4.029,Sell 105 Shares @ Market to Close,--,"12/22/2025, 10:56:34 AM",900001003
ETH,Filled,75 @ 2.877,Sell 75 Shares @ Market to Close,--,"12/22/2025, 10:52:58 AM",900001003
ETH,Filled,7 @ 2.879,Sell 7 Shares @ Market to Close,--,"12/22/2025, 10:52:20 AM",900001003
ETH,Filled,40 @ 2.874,Sell 40 Shares @ Market to Close,--,"12/22/2025, 10:51:32 AM",900001003
IBIT,Canceled,--,Sell 25 Shares @ Market CLO to Close,--,"12/22/2025, 10:51:05 AM",900001003
ETH,Canceled,--,Sell 40 Shares @ 3.066 Limit GTC to Close,--,"12/22/2025, 10:50:55 AM",900001003
SPRX,Canceled,--,Sell 50 Shares @ Market CLO to Close,--,"12/22/2025, 10:49:12 AM",900001003
PARR,Filled,75 @ 3.725,Sell 75 Shares @ Market to Close,--,"12/22/2025, 10:48:37 AM",900001003
PARR,Canceled,--,Sell 75 Shares @ Market CLO to Close,--,"12/22/2025, 10:47:54 AM",900001003
W,Filled,4 @ 9.348,Buy 4 Shares @ Market to Open,--,"12/09/2025, 9:39:20 AM",900001002
INTC,Filled,10 @ 4.038,Sell 10 Shares @ Market to Close,--,"12/09/2025, 9:36:54 AM",900001002
ETH,Filled,7 @ 2.594,Buy 7 Shares @ Market to Open,--,"12/01/2025, 10:55:43 AM",900001003
IBIT,Filled,25 @ 4.829,Buy 25 Shares @ Market to Open,--,"12/01/2025, 10:26:12 AM",900001003
GOOG,Filled,10 @ 31.927,Buy 10 Shares @ Market to Open,--,"11/28/2025, 12:35:27 PM",900001003
IAUM,Filled,30 @ 4.155,Sell 30 Shares @ Market to Close,--,"11/26/2025, 1:02:14 PM",900001003
IBIT,Filled,54 @ 5.107,Sell 54 Shares @ 5.107 Limit GTC to Close,--,"11/26/2025, 1:02:03 PM",900001003
AGX,Filled,5 @ 38.362,Sell 5 Shares @ Market to Close,--,"11/26/2025, 1:00:54 PM",900001003
ETH,Filled,40 @ 2.669,Buy 40 Shares @ Market to Open,--,"11/24/2025, 10:06:46 AM",900001003
PLTR,Filled,15 @ 16.081,Buy 15 Shares @ Market to Open,--,"11/24/2025, 10:06:17 AM",900001003
SLV,Filled,50 @ 4.569,Buy 50 Shares @ Market to Open,--,"11/24/2025, 10:04:34 AM",900001003
PARR,Filled,75 @ 4.376,Buy 75 Shares @ Market to Open,--,"11/24/2025, 10:03:29 AM",900001003
SPMO,Filled,25 @ 11.587,Buy 25 Shares @ Market to Open,--,"11/24/2025, 10:02:58 AM",900001003
STCE,Filled,100 @ 6.572,Sell 100 Shares @ Market to Close,--,"11/24/2025, 10:00:45 AM",900001003
AGX,Filled,15 @ 35.432,Sell 15 Shares @ 35.432 Limit GTC to Close,--,"11/24/2025, 9:48:17 AM",900001003
IAUM,Filled,30 @ 4.11,Buy 30 Shares @ 4.11 Limit GTC to Open,--,"11/11/2025, 10:02:57 AM",900001003
SPRX,Filled,50 @ 4.117,Buy 50 Shares @ Market to Open,--,"11/11/2025, 10:01:39 AM",900001003
GDMN,Filled,25 @ 8.127,Buy 25 Shares @ Market to Open,--,"11/11/2025, 10:00:46 AM",900001003
PPLT,Filled,7 @ 14.421,Buy 7 Shares @ Market to Open,--,"11/11/2025, 10:00:22 AM",900001003
EAT,Filled,50 @ 10.509,Sell 50 Shares @ 10.509 Limit GTC to Close,--,"11/11/2025, 9:58:35 AM",900001003
EAT,Canceled,--,Sell 50 Shares @ 10.678 Limit GTC to Close,--,"11/11/2025, 9:58:29 AM",900001003
EAT,Canceled,--,Sell 25 Shares @ 15.345 Limit GTC to Close,--,"11/11/2025, 9:56:56 AM",900001003
GDMN,Filled,27 @ 8.14,Buy 27 Shares @ Market to Open,--,"11/11/2025, 9:49:42 AM",900001003
SLV,Filled,40 @ 4.61,Buy 40 Shares @ Market to Open,--,"11/11/2025, 9:49:09 AM",900001003
CDE,Filled,350 @ 1.503,Sell 350 Shares @ Market to Close,--,"11/11/2025, 9:48:36 AM",900001003
BRK.B,Filled,10 @ 49.932,Buy 10 Shares @ Market to Open,--,"11/10/2025, 1:38:58 PM",900001003
AGX,Filled,15 @ 33.334,Sell 15 Shares @ Market to Close,--,"11/10/2025, 10:10:07 AM",900001003
SPRX,Filled,55 @ 4.137,Buy 55 Shares @ Market to Open,--,"11/05/2025, 9:43:10 AM",900001003
IAUM,Filled,55 @ 3.984,Buy 55 Shares @ Market to Open,--,"10/27/2025, 12:19:25 PM",900001003
ETH,Filled,25 @ 3.939,Sell 25 Shares @ 3.939 Limit to Close,--,"10/27/2025, 12:04:06 PM",900001003
ETH,Filled,10 @ 3.937,Sell 10 Shares @ Market to Close,--,"10/27/2025, 12:02:22 PM",900001003
TSLA,Filled,15 @ 45.58,Sell 15 Shares @ 45.556 Limit to Close,--,"10/27/2025, 12:01:39 PM",900001003
NEM,Filled,1 @ 8.514,Buy 1 Share @ 8.514 Limit to Open,--,"10/24/2025, 10:50:13 AM",900001002
INTC,Filled,10 @ 3.872,Buy 10 Shares @ 3.874 Limit to Open,--,"10/24/2025, 10:32:38 AM",900001002
SLV,Filled,40 @ 4.47,Buy 40 Shares @ 4.47 Limit GTC to Open,--,"10/23/2025, 9:58:02 AM",900001003
SIL,Filled,27 @ 7.464,Sell 27 Shares @ Market to Close,--,"10/20/2025, 9:58:31 AM",900001003
SLV,Filled,45 @ 4.699,Buy 45 Shares @ Market CLO to Open,--,"10/17/2025, 4:00:01 PM",900001003
CDE,Filled,100 @ 2.081,Buy 100 Shares @ 2.083 Limit to Open,--,"10/17/2025, 1:07:36 PM",900001003
SYF,Filled,30 @ 7.176,Sell 30 Shares @ Market to Close,--,"10/17/2025, 1:07:00 PM",900001003
SIL,Filled,22 @ 7.287,Buy 22 Shares @ 7.287 Limit to Open,--,"10/09/2025, 10:50:52 AM",900001003
SIL,Canceled,--,Buy 22 Shares @ 7.258 Limit to Open,--,"10/09/2025, 10:50:52 AM",900001003
SIL,Canceled,--,Buy 22 Shares @ 7.249 Limit to Open,--,"10/09/2025, 10:50:14 AM",900001003
PPLT,Filled,2 @ 14.233,Buy 2 Shares @ Market to Open,--,"09/30/2025, 9:46:50 AM",900001003
EAT,Canceled,--,Sell 30 Shares @ 13.297 Limit EXT to Close,--,"09/29/2025, 4:48:06 PM",900001003
SYF,Filled,25 @ 7.458,Sell 25 Shares @ Market to Close,--,"09/29/2025, 9:37:54 AM",900001003
POWL,Filled,10 @ 29.69,Sell 10 Shares @ Market to Close,--,"09/29/2025, 9:37:19 AM",900001003
SIL,Filled,60 @ 6.759,Sell 60 Shares @ 6.759 Limit GTC to Close,--,"09/25/2025, 1:13:24 PM",900001003
CDE,Filled,95 @ 1.787,Sell 95 Shares @ Market to Close,--,"09/25/2025, 12:50:21 PM",900001003
PPLT,Filled,20 @ 13.77,Sell 20 Shares @ 13.769 Limit GTC to Close,--,"09/25/2025, 12:49:23 PM",900001003
CDE,Filled,250 @ 1.742,Buy 250 Shares @ Market to Open,--,"09/22/2025, 9:41:03 AM",900001003
SIL,Filled,65 @ 6.732,Buy 65 Shares @ Market to Open,--,"09/22/2025, 9:40:14 AM",900001003
PPLT,Filled,25 @ 12.853,Buy 25 Shares @ Market to Open,--,"09/22/2025, 9:39:44 AM",900001003
STCE,Filled,50 @ 7.548,Buy 50 Shares @ Market to Open,--,"09/22/2025, 9:37:25 AM",900001003
EAT,Filled,30 @ 13.85,Buy 30 Shares @ Market to Open,--,"09/22/2025, 9:36:50 AM",900001003
CDE,Filled,95 @ 1.627,Buy 95 Shares @ Market to Open,--,"09/19/2025, 9:30:14 AM",900001003
STCE,Filled,50 @ 7.637,Buy 50 Shares @ Market to Open,--,"09/19/2025, 9:30:13 AM",900001003
EAT,Filled,25 @ 13.938,Buy 25 Shares @ Market to Open,--,"09/19/2025, 9:30:12 AM",900001003
TSLA,Filled,15 @ 41.804,Buy 15 Shares @ 41.804 Limit EXT to Open,--,"09/18/2025, 6:57:48 PM",900001003
POWL,Filled,31 @ 29.125,Sell 31 Shares @ 29.103 Limit to Close,--,"09/12/2025, 3:31:43 PM",900001003
POWL,Filled,50 @ 29.138,Sell 50 Shares @ Market to Close,--,"09/12/2025, 3:27:40 PM",900001003
POWL,Filled,7 @ 28.642,Sell 7 Shares @ Market to Close,--,"09/10/2025, 12:21:39 PM",900001003
PSIX,Filled,25 @ 9.278,Sell 25 Shares @ Market to Close,--,"09/09/2025, 3:00:48 PM",900001003
CRDO,Filled,25 @ 13.755,Sell 25 Shares @ Market to Close,--,"09/05/2025, 11:14:18 AM",900001003
TSM,Filled,15 @ 23.983,Sell 15 Shares @ Market to Close,--,"09/05/2025, 11:13:42 AM",900001003
QQQ,Filled,25 @ 57.188,Sell 25 Shares @ Market to Close,--,"09/05/2025, 11:11:13 AM",900001003
ETH,Filled,10 @ 4.097,Buy 10 Shares @ Market to Open,--,"09/04/2025, 10:54:29 AM",900001003
SYF,Filled,30 @ 7.504,Buy 30 Shares @ Market to Open,--,"09/03/2025, 11:27:00 AM",900001003
PSIX,Filled,40 @ 8.555,Sell 40 Shares @ 8.555 Limit GTC to Close,--,"09/03/2025, 10:44:35 AM",900001003
MU,Filled,30 @ 11.855,Sell 30 Shares @ 11.855 Limit to Close,--,"09/03/2025, 10:30:58 AM",900001003
SHLD,Filled,75 @ 6.247,Sell 75 Shares @ 6.247 Limit to Close,--,"09/02/2025, 10:26:38 AM",900001003
PSIX,Filled,25 @ 8.377,Sell 25 Shares @ 8.377 Limit to Close,--,"08/28/2025, 10:02:38 AM",900001003
SYF,Filled,50 @ 7.61,Sell 50 Shares @ 7.61 Limit to Close,--,"08/28/2025, 9:50:21 AM",900001003
TSM,Filled,15 @ 23.881,Buy 15 Shares @ Market to Open,--,"08/27/2025, 3:07:02 PM",900001003
MU,Filled,30 @ 11.805,Buy 30 Shares @ Market to Open,--,"08/27/2025, 3:05:55 PM",900001003
IBIT,Filled,70 @ 6.345,Sell 70 Shares @ 6.345 Limit GTC to Close,--,"08/27/2025, 9:42:32 AM",900001003
PSIX,Filled,25 @ 8.224,Buy 25 Shares @ Market to Open,--,"08/26/2025, 3:02:11 PM",900001003
POWL,Filled,8 @ 26.789,Sell 8 Shares @ 26.789 Limit GTC to Close,--,"08/26/2025, 11:26:24 AM",900001003
CRDO,Filled,20 @ 11.789,Sell 20 Shares @ 11.789 Limit GTC to Close,--,"08/26/2025, 10:16:31 AM",900001003
IBIT,Filled,30 @ 6.519,Sell 30 Shares @ 6.515 Limit to Close,--,"08/04/2025, 10:53:48 AM",900001003
IBIT,Canceled,--,Sell 30 Shares @ 6.522 Limit to Close,--,"08/04/2025, 10:53:48 AM",900001003
GOOG,Filled,16 @ 19.431,Sell 16 Shares @ 19.429 Limit to Close,--,"08/04/2025, 10:51:32 AM",900001003
ETH,Filled,65 @ 3.298,Buy 65 Shares @ Market CLO to Open,--,"08/01/2025, 4:00:02 PM",900001003
CLS,Filled,13 @ 19.375,Buy 13 Shares @ 19.375 Limit to Open,--,"08/01/2025, 2:37:25 PM",900001003
PSIX,Filled,65 @ 8.748,Buy 65 Shares @ 8.748 Limit to Open,--,"08/01/2025, 2:34:34 PM",900001003
SFM,Filled,65 @ 15.338,Sell 65 Shares @ 15.326 Limit to Close,--,"08/01/2025, 2:32:54 PM",900001003
GOOG,Filled,5 @ 19.344,Buy 5 Shares @ Market to Open,--,"07/31/2025, 10:49:54 AM",900001003
SFM,Filled,15 @ 15.055,Buy 15 Shares @ Market to Open,--,"07/31/2025, 10:49:26 AM",900001003
GOOG,Filled,17 @ 19.499,Sell 17 Shares @ Market to Close,--,"07/25/2025, 9:57:26 AM",900001003
OPEN,Filled,150 @ 0.244,Sell 150 Shares @ Market to Close,--,"07/25/2025, 9:54:59 AM",900001003
OPEN,Filled,150 @ 0.321,Buy 150 Shares @ Market to Open,--,"07/21/2025, 10:03:53 AM",900001003
CLS,Filled,10 @ 15.755,Buy 10 Shares @ Market to Open,--,"07/21/2025, 10:01:44 AM",900001003
CRDO,Filled,20 @ 9.327,Buy 20 Shares @ Market to Open,--,"07/18/2025, 10:38:53 AM",900001003
POWL,Canceled,--,Sell 8 Shares @ 22.543 Limit GTC to Close,--,"07/17/2025, 9:46:05 AM",900001003
PSIX,Filled,40 @ 8.411,Sell 40 Shares @ 8.411 Limit GTC to Close,--,"07/17/2025, 9:45:08 AM",900001003
SHLD,Filled,75 @ 6.047,Buy 75 Shares @ 6.047 Limit to Open,--,"07/15/2025, 1:44:18 PM",900001003
QQQE,Filled,50 @ 9.86,Sell 50 Shares @ 9.86 Limit to Close,--,"07/15/2025, 1:40:44 PM",900001003
POWL,Filled,8 @ 21.3,Buy 8 Shares @ Market to Open,--,"07/15/2025, 9:30:23 AM",900001003
ETH,Filled,75 @ 2.859,Buy 75 Shares @ Market to Open,--,"07/15/2025, 9:30:03 AM",900001003
SYF,Filled,50 @ 7.041,Buy 50 Shares @ 7.041 Limit to Open,--,"07/11/2025, 10:41:35 AM",900001003
QQQE,Filled,25 @ 9.87,Buy 25 Shares @ 9.87 Limit to Open,--,"07/11/2025, 10:34:04 AM",900001003
IBIT,Filled,145 @ 6.709,Sell 145 Shares @ 6.706 Limit to Close,--,"07/11/2025, 10:31:56 AM",900001003
PSIX,Filled,63 @ 7,Buy 63 Shares @ 7 Limit to Open,--,"07/07/2025, 9:38:03 AM",900001003
GOOG,Filled,20 @ 18.072,Buy 20 Shares @ Market to Open,--,"06/30/2025, 9:30:23 AM",900001003
IBIT,Filled,50 @ 6.101,Sell 50 Shares @ Market to Close,--,"06/27/2025, 1:17:31 PM",900001003
ETH,Filled,100 @ 2.283,Sell 100 Shares @ Market to Close,--,"06/27/2025, 1:16:16 PM",900001003
AGX,Filled,21 @ 22.106,Sell 21 Shares @ Market to Close,--,"06/27/2025, 1:15:30 PM",900001003
VGSH,Filled,175 @ 5.845,Sell 175 Shares @ Market to Close,--,"06/16/2025, 9:30:31 AM",900001003
CRDO,Filled,40 @ 6.799,Sell 40 Shares @ 6.799 Limit GTC to Close,--,"06/10/2025, 11:53:44 AM",900001003
VGSH,Filled,15 @ 5.855,Sell 15 Shares @ 5.855 Limit to Close,--,"05/09/2025, 9:47:57 AM",900001003
PSIX,Filled,50 @ 3.099,Sell 50 Shares @ 3.099 Limit to Close,--,"05/09/2025, 9:47:30 AM",900001003
VGSH,Filled,8 @ 5.855,Sell 8 Shares @ Market to Close,--,"05/09/2025, 9:47:20 AM",900001003
CRDO,Canceled,--,Sell 40 Shares @ 7.89 Limit GTC to Close,--,"05/09/2025, 9:33:24 AM",900001003
CRDO,Canceled,--,Sell 40 Shares @ 7.777 Limit GTC to Close,--,"05/08/2025, 10:16:04 AM",900001003
CLS,Canceled,--,Buy 10 Shares @ 8.91 Limit GTC to Open,--,"05/08/2025, 10:15:08 AM",900001003
QQQE,Filled,25 @ 8.977,Buy 25 Shares @ 8.979 Limit to Open,--,"05/02/2025, 12:04:14 PM",900001003
VGSH,Filled,8 @ 5.855,Buy 8 Shares @ 5.855 Limit GTC to Open,--,"05/02/2025, 12:03:06 PM",900001003
VGSH,Filled,15 @ 5.855,Buy 15 Shares @ Market to Open,--,"05/02/2025, 12:02:55 PM",900001003
IBIT,Filled,61 @ 5.542,Sell 61 Shares @ Market to Close,--,"05/02/2025, 11:56:06 AM",900001003
GOOG,Filled,8 @ 16.565,Buy 8 Shares @ Market to Open,--,"05/02/2025, 11:36:17 AM",900001003
PSIX,Filled,50 @ 2.76,Sell 50 Shares @ Market to Close,--,"05/02/2025, 11:33:17 AM",900001003
CRDO,Canceled,--,Buy 25 Shares @ 4.211 Limit GTC to Open,--,"04/29/2025, 6:30:46 AM",900001003
VGSH,Filled,50 @ 5.885,Buy 50 Shares @ Market to Open,--,"04/28/2025, 1:02:27 PM",900001003
POWL,Filled,10 @ 18.154,Sell 10 Shares @ 18.154 Limit to Close,--,"04/28/2025, 1:01:16 PM",900001003
CRDO,Canceled,--,Buy 25 Shares @ 4.123 Limit GTC to Open,--,"04/28/2025, 12:59:49 PM",900001003
AGX,Filled,30 @ 15.123,Sell 30 Shares @ 15.123 Limit GTC to Close,--,"04/28/2025, 9:30:25 AM",900001003
VGSH,Filled,40 @ 5.874,Buy 40 Shares @ Market to Open,--,"04/25/2025, 10:30:27 AM",900001003
CLS,Filled,11 @ 8.912,Buy 11 Shares @ 8.912 Limit GTC to Open,--,"04/25/2025, 10:21:59 AM",900001003
ETH,Filled,225 @ 1.678,Sell 225 Shares @ 1.678 Limit GTC to Close,--,"04/25/2025, 10:08:09 AM",900001003
PSIX,Filled,90 @ 2.256,Buy 90 Shares @ 2.256 Limit GTC to Open,--,"04/21/2025, 11:08:52 AM",900001003
ETH,Filled,175 @ 1.456,Buy 175 Shares @ 1.456 Limit GTC to Open,--,"04/16/2025, 1:57:57 PM",900001003
IBIT,Filled,90 @ 4.798,Sell 90 Shares @ Market to Close,--,"04/14/2025, 1:26:02 PM",900001003
CRDO,Filled,25 @ 3.93,Buy 25 Shares @ Market to Open,--,"04/14/2025, 1:24:19 PM",900001003
VGSH,Filled,85 @ 5.86,Buy 85 Shares @ Market to Open,--,"04/14/2025, 1:22:57 PM",900001003
CLSK,Filled,1145 @ 0.777,Sell 1145 Shares @ Market to Close,--,"04/14/2025, 1:21:32 PM",900001003
QQQ,Filled,25 @ 42.444,Buy 25 Shares @ 42.444 Limit to Open,--,"04/04/2025, 2:41:17 PM",900001003
SHLD,Filled,350 @ 4.401,Buy 350 Shares @ 4.401 Limit GTC to Open,--,"04/04/2025, 2:40:54 PM",900001003
GOOG,Filled,143 @ 14.998,Sell 143 Shares @ Market to Close,--,"04/04/2025, 2:22:13 PM",900001003
PLTR,Filled,60 @ 7.465,Sell 60 Shares @ Market to Close,--,"04/04/2025, 2:21:36 PM",900001003
CRDO,Filled,30 @ 4.448,Buy 30 Shares @ 4.448 Limit EXT to Open,--,"03/26/2025, 7:13:41 PM",900001003
CLS,Filled,50 @ 9.514,Buy 50 Shares @ Market to Open,--,"03/25/2025, 9:48:56 AM",900001003
ETH,Filled,325 @ 1.946,Buy 325 Shares @ Market to Open,--,"03/25/2025, 9:42:43 AM",900001003
IBIT,Expired,--,Sell 90 Shares @ 5.04 Limit to Close,--,"03/24/2025, 4:01:06 PM",900001003
CRDO,Filled,100 @ 4.76,Buy 100 Shares @ Market to Open,--,"03/24/2025, 9:30:25 AM",900001003
ETHA,Filled,1150 @ 1.573,Sell 1150 Shares @ Market to Close,--,"03/24/2025, 9:30:08 AM",900001003
MSTR,Canceled,--,Buy 12 Shares @ 26 Limit GTC to Open,--,"03/20/2025, 6:31:15 AM",900001003
ETHA,Filled,227 @ 1.467,Sell 227 Shares @ 1.467 Limit EXT to Close,--,"03/17/2025, 5:20:22 PM",900001003
CRDO,Expired,--,Buy 65 Shares @ 3.8 Limit to Open,--,"03/06/2025, 4:05:36 PM",900001003
CRDO,Canceled,--,Buy 65 Shares @ Market to Open,--,"03/06/2025, 8:36:04 AM",900001003
GOOG,Filled,18 @ 17.285,Sell 18 Shares @ 17.285 Limit to Close,--,"03/04/2025, 1:08:25 PM",900001003
IBIT,Filled,61 @ 4.906,Buy 61 Shares @ 4.906 Limit to Open,--,"02/25/2025, 10:18:11 AM",900001003
BRK.B,Filled,6 @ 50.17,Sell 6 Shares @ Market to Close,--,"02/25/2025, 10:17:17 AM",900001003
BRK.B,Filled,6 @ 48.231,Buy 6 Shares @ Market to Open,--,"02/20/2025, 3:33:02 PM",900001003
PLTR,Filled,60 @ 10.683,Buy 60 Shares @ Market to Open,--,"02/20/2025, 3:31:41 PM",900001003
CLSK,Filled,1000 @ 1.017,Sell 1000 Shares @ Market to Close,--,"02/20/2025, 3:30:30 PM",900001003
CRDO,Filled,30 @ 7.494,Sell 30 Shares @ 7.494 Limit GTC to Close,--,"02/18/2025, 1:02:58 PM",900001003
CRDO,Filled,30 @ 7.35,Buy 30 Shares @ Market to Open,--,"02/13/2025, 10:51:16 AM",900001003
BRK.B,Filled,5 @ 47.4,Sell 5 Shares @ Market to Close,--,"02/13/2025, 10:49:08 AM",900001003
CRDO,Filled,40 @ 7.954,Buy 40 Shares @ Market to Open,--,"02/07/2025, 10:01:34 AM",900001003
ETHA,Filled,150 @ 2.114,Sell 150 Shares @ Market to Close,--,"02/07/2025, 9:44:58 AM",900001003
PSIX,Filled,50 @ 4.024,Buy 50 Shares @ Market to Open,--,"02/05/2025, 10:03:30 AM",900001003
PSIX,Filled,70 @ 4.112,Buy 70 Shares @ Market to Open,--,"02/04/2025, 10:00:43 AM",900001003
OSOL,Filled,550 @ 0.751,Sell 550 Shares @ Market to Close,--,"02/04/2025, 9:57:35 AM",900001003
ETHA,Filled,150 @ 1.99,Buy 150 Shares @ Market to Open,--,"02/03/2025, 10:15:17 AM",900001003
IBIT,Filled,62 @ 5.509,Sell 62 Shares @ Market to Close,--,"02/03/2025, 10:14:50 AM",900001003
OSOL,Filled,550 @ 0.713,Buy 550 Shares @ 0.715 Limit to Open,--,"02/03/2025, 10:13:05 AM",900001003
ETHA,Filled,750 @ 1.988,Buy 750 Shares @ Market to Open,--,"02/03/2025, 10:11:14 AM",900001003
IAUM,Filled,728 @ 2.818,Sell 728 Shares @ Market to Close,--,"02/03/2025, 10:10:30 AM",900001003
AGX,Filled,21 @ 14.153,Buy 21 Shares @ Market to Open,--,"01/27/2025, 11:57:55 AM",900001003
SFM,Filled,15 @ 14.916,Sell 15 Shares @ Market to Close,--,"01/27/2025, 11:57:09 AM",900001003
ETHA,Filled,16 @ 2.375,Buy 16 Shares @ Market to Open,--,"01/27/2025, 9:52:35 AM",900001003
BRK.B,Filled,25 @ 46.577,Sell 25 Shares @ Market to Close,--,"01/27/2025, 9:50:18 AM",900001003
POWL,Filled,10 @ 24.078,Buy 10 Shares @ Market to Open,--,"01/27/2025, 9:49:23 AM",900001003
AGX,Filled,40 @ 16.829,Buy 40 Shares @ Market to Open,--,"01/24/2025, 1:57:24 PM",900001003
PSIX,Filled,200 @ 4.364,Sell 200 Shares @ Market to Close,--,"01/24/2025, 1:56:49 PM",900001003
AGX,Filled,30 @ 18.485,Buy 30 Shares @ 18.485 Limit GTC to Open,--,"01/22/2025, 2:41:42 PM",900001003
PSIX,Filled,141 @ 3.945,Sell 141 Shares @ Market to Close,--,"01/22/2025, 11:17:32 AM",900001003
OKTA,Filled,55 @ 8.911,Sell 55 Shares @ Market to Close,--,"01/21/2025, 1:19:48 PM",900001003
CLSK,Filled,445 @ 1.121,Buy 445 Shares @ Market to Open,--,"01/21/2025, 1:16:43 PM",900001003
ETHA,Filled,400 @ 2.536,Buy 400 Shares @ Market to Open,--,"01/21/2025, 1:05:09 PM",900001003
POWL,Filled,40 @ 27.979,Sell 40 Shares @ Market to Close,--,"01/21/2025, 1:03:25 PM",900001003
PSIX,Filled,141 @ 3.505,Buy 141 Shares @ Market to Open,--,"01/21/2025, 9:30:12 AM",900001003
PYPL,Canceled,--,Buy 55 Shares @ 8.701 Limit GTC to Open,--,"01/21/2025, 6:40:53 AM",900001003
SFM,Filled,15 @ 13.777,Buy 15 Shares @ 13.777 Limit to Open,--,"01/17/2025, 10:11:11 AM",900001003
SFM,Filled,50 @ 13.903,Sell 50 Shares @ Market to Close,--,"01/15/2025, 12:36:31 PM",900001003
OKTA,Filled,55 @ 8.392,Buy 55 Shares @ Market to Open,--,"01/15/2025, 11:38:37 AM",900001003
PSIX,Filled,200 @ 3.505,Buy 200 Shares @ Market to Open,--,"01/15/2025, 10:18:08 AM",900001003
MSFT,Filled,27 @ 42.471,Sell 27 Shares @ Market to Close,--,"01/15/2025, 10:17:15 AM",900001003
IWF,Filled,13 @ 39.703,Sell 13 Shares @ Market to Close,--,"01/14/2025, 2:38:58 PM",900001003
SYF,Filled,150 @ 6.607,Sell 150 Shares @ Market to Close,--,"01/14/2025, 2:22:24 PM",900001003
IBIT,Filled,8 @ 5.512,Sell 8 Shares @ Market to Close,--,"01/14/2025, 2:21:17 PM",900001003
BRK.B,Filled,8 @ 44.52,Sell 8 Shares @ Market to Close,--,"01/14/2025, 10:09:55 AM",900001003
AMZN,Filled,24 @ 22.057,Sell 24 Shares @ 22 Limit GTC to Close,--,"01/14/2025, 9:30:07 AM",900001003
ETHA,Filled,11 @ 2.316,Buy 11 Shares @ Market to Open,--,"01/13/2025, 10:26:24 AM",900001003
CLSK,Filled,1700 @ 1.11,Buy 1700 Shares @ Market to Open,--,"01/06/2025, 9:46:01 AM",900001003
IAUM,Filled,725 @ 2.618,Sell 725 Shares @ Market to Close,--,"01/06/2025, 9:39:15 AM",900001003
IWF,Filled,13 @ 40.571,Buy 13 Shares @ Market to Open,--,"12/31/2024, 9:49:45 AM",900001003
IBIT,Filled,70 @ 5.447,Buy 70 Shares @ Market to Open,--,"12/31/2024, 9:48:58 AM",900001003
IAUM,Filled,250 @ 2.608,Buy 250 Shares @ Market to Open,--,"12/31/2024, 9:47:43 AM",900001003
GOOG,Filled,78 @ 19.218,Buy 78 Shares @ Market to Open,--,"12/31/2024, 9:45:37 AM",900001003
PSIX,Filled,150 @ 3.28,Buy 150 Shares @ Market to Open,--,"12/26/2024, 12:39:10 PM",900001003
ETHA,Filled,200 @ 2.505,Buy 200 Shares @ 2.505 Limit to Open,--,"11/22/2024, 12:51:38 PM",900001003
ETHA,Canceled,--,Buy 200 Shares @ 2.501 Limit to Open,--,"11/22/2024, 12:47:42 PM",900001003
GOOG,Filled,30 @ 16.7,Sell 30 Shares @ 16.7 Limit GTC to Close,--,"11/22/2024, 12:21:04 PM",900001003
IBIT,Filled,90 @ 5.252,Buy 90 Shares @ Market to Open,--,"11/19/2024, 10:12:55 AM",900001003
MSFT,Filled,7 @ 41.23,Sell 7 Shares @ Market to Close,--,"11/19/2024, 10:08:01 AM",900001003
IBIT,Filled,295 @ 5.075,Buy 295 Shares @ Market to Open,--,"11/14/2024, 9:54:27 AM",900001003
IAUM,Filled,796 @ 2.555,Sell 796 Shares @ Market to Close,--,"11/14/2024, 9:44:53 AM",900001003
IBIT,Filled,429 @ 4.723,Buy 429 Shares @ 4.723 Limit to Open,--,"11/11/2024, 10:06:30 AM",900001003
IBIT,Canceled,--,Buy 429 Shares @ 4.65 Limit to Open,--,"11/11/2024, 10:05:58 AM",900001003
MSFT,Filled,7 @ 42.244,Buy 7 Shares @ Market to Open,--,"11/11/2024, 10:03:17 AM",900001003
IAUM,Filled,100 @ 2.618,Sell 100 Shares @ Market to Close,--,"11/11/2024, 10:02:06 AM",900001003
IBIT,Canceled,--,Buy 429 Shares @ 4.66 Limit to Open,--,"11/11/2024, 9:31:09 AM",900001003
MHO,Canceled,--,Buy 62 Shares @ 16.201 Limit GTC to Open,--,"11/11/2024, 9:26:47 AM",900001003
PSIX,Canceled,--,Buy 398 Shares @ 2.45 Limit GTC to Open,--,"11/11/2024, 9:26:23 AM",900001003
IAUM,Filled,110 @ 2.684,Sell 110 Shares @ Market to Close,--,"11/07/2024, 2:26:55 PM",900001003
IAUM,Filled,100 @ 2.684,Sell 100 Shares @ Market to Close,--,"11/07/2024, 2:26:08 PM",900001003
IAUM,Filled,200 @ 2.682,Sell 200 Shares @ Market to Close,--,"11/07/2024, 2:25:32 PM",900001003
IAUM,Filled,425 @ 2.684,Sell 425 Shares @ Market to Close,--,"11/07/2024, 2:24:41 PM",900001003
BRK.B,Filled,6 @ 45,Sell 6 Shares @ Market to Close,--,"11/04/2024, 9:34:01 AM",900001003
BRK.B,Filled,5 @ 45,Sell 5 Shares @ Market to Close,--,"11/04/2024, 9:34:01 AM",900001003
IAUM,Filled,110 @ 2.737,Buy 110 Shares @ Market to Open,--,"11/01/2024, 12:22:02 PM",900001003
IAUM,Filled,725 @ 2.75,Buy 725 Shares @ Market to Open,--,"11/01/2024, 9:58:40 AM",900001003
ZETA,Filled,806 @ 2.811,Sell 806 Shares @ Market to Close,--,"11/01/2024, 9:52:29 AM",900001003
MSFT,Filled,27 @ 40.763,Buy 27 Shares @ Market to Open,--,"10/31/2024, 10:28:00 AM",900001003
ZETA,Canceled,--,Buy 465 Shares @ 2.59 Limit GTC to Open,--,"10/31/2024, 10:26:32 AM",900001003
PSIX,Filled,130 @ 2.25,Buy 130 Shares @ 2.25 Limit GTC to Open,--,"10/29/2024, 9:56:28 AM",900001003
AGX,Filled,80 @ 12.526,Buy 80 Shares @ Market to Open,--,"10/25/2024, 1:33:32 PM",900001003
POWL,Filled,50 @ 25.354,Sell 50 Shares @ Market to Close,--,"10/25/2024, 1:26:16 PM",900001003
ZETA,Filled,125 @ 2.649,Sell 125 Shares @ Market to Close,--,"10/25/2024, 12:54:12 PM",900001003
POWL,Filled,37 @ 25.412,Sell 37 Shares @ Market to Close,--,"10/25/2024, 12:52:51 PM",900001003
ZETA,Filled,125 @ 3.137,Buy 125 Shares @ Market to Open,--,"10/16/2024, 1:00:19 PM",900001003
TEN,Filled,153 @ 2.521,Sell 153 Shares @ Market to Close,--,"10/14/2024, 10:02:01 AM",900001003
POWL,Filled,37 @ 26.67,Buy 37 Shares @ Market to Open,--,"10/14/2024, 10:00:35 AM",900001003
PPC,Filled,206 @ 4.462,Sell 206 Shares @ Market to Close,--,"10/14/2024, 9:59:10 AM",900001003
GOOG,Filled,113 @ 16.68,Buy 113 Shares @ Market to Open,--,"10/14/2024, 9:47:17 AM",900001003
APP,Filled,133 @ 14.666,Sell 133 Shares @ 14.666 Limit GTC to Close,--,"10/11/2024, 10:39:00 AM",900001003
ZETA,Filled,350 @ 3.19,Buy 350 Shares @ 3.19 Limit GTC to Open,--,"10/10/2024, 9:30:17 AM",900001003
POWL,Filled,50 @ 25.3,Buy 50 Shares @ 25.3 Limit GTC to Open,--,"10/09/2024, 3:28:16 PM",900001003
IAUM,Filled,100 @ 2.604,Buy 100 Shares @ Market to Open,--,"10/09/2024, 12:32:34 PM",900001003
TLT,Filled,250 @ 9.462,Sell 250 Shares @ Market to Close,--,"10/09/2024, 12:27:06 PM",900001003
ZETA,Filled,226 @ 3.084,Buy 226 Shares @ Market to Open,--,"10/07/2024, 9:45:55 AM",900001003
TLT,Filled,100 @ 9.513,Sell 100 Shares @ Market to Close,--,"10/07/2024, 9:42:56 AM",900001003
TEN,Filled,153 @ 2.594,Buy 153 Shares @ Market to Open,--,"10/03/2024, 9:30:06 AM",900001003
PPC,Filled,206 @ 4.846,Buy 206 Shares @ Market to Open,--,"10/02/2024, 10:07:07 AM",900001003
POWL,Filled,40 @ 22.9,Buy 40 Shares @ Market to Open,--,"10/02/2024, 10:06:20 AM",900001003
IAUM,Filled,800 @ 2.658,Sell 800 Shares @ Market to Close,--,"10/01/2024, 2:35:49 PM",900001003
ZEO,Filled,280 @ 0.166,Sell 280 Shares @ Market to Close,--,"10/01/2024, 9:30:01 AM",900001003
ZETA,Filled,230 @ 2.95,Buy 230 Shares @ Market to Open,--,"09/27/2024, 10:36:27 AM",900001003
ZEO,Filled,280 @ 0.367,Buy 280 Shares @ Market to Open,--,"09/19/2024, 10:32:52 AM",900001003
SYF,Filled,425 @ 4.709,Buy 425 Shares @ Market to Open,--,"09/16/2024, 11:57:22 AM",900001003
POWL,Filled,118 @ 16.688,Buy 118 Shares @ 16.688 Limit to Open,--,"09/16/2024, 9:42:48 AM",900001003
POWL,Canceled,--,Buy 118 Shares @ 15.2 Limit to Open,--,"09/16/2024, 9:36:34 AM",900001003
APP,Filled,133 @ 11.14,Buy 133 Shares @ Market to Open,--,"09/16/2024, 9:30:43 AM",900001003
POWL,Canceled,--,Buy 118 Shares @ Market to Open,--,"09/16/2024, 8:47:39 AM",900001003
SYF,Canceled,--,Buy 423 Shares @ Market to Open,--,"09/16/2024, 12:27:45 AM",900001003
IAUM,Filled,800 @ 2.509,Buy 800 Shares @ Market to Open,--,"09/11/2024, 12:01:52 PM",900001003
TLT,Filled,100 @ 9.939,Buy 100 Shares @ Market to Open,--,"09/09/2024, 10:17:50 AM",900001003
IAUM,Filled,1203 @ 2.495,Buy 1203 Shares @ Market to Open,--,"09/09/2024, 10:16:59 AM",900001003
RGA,Filled,73 @ 21,Sell 73 Shares @ 210 Stop to Close,--,"09/09/2024, 9:49:02 AM",900001003
RGA,Filled,20 @ 21,Sell 20 Shares @ 210 Stop to Close,--,"09/09/2024, 9:49:02 AM",900001003
PSIX,Filled,1000 @ 1.788,Sell 1000 Shares @ 18 Stop to Close,--,"09/09/2024, 9:36:28 AM",900001003
RGA,Canceled,--,Sell 73 Shares @ 21 Limit to Close,--,"09/07/2024, 1:53:47 PM",900001003
RGA,Canceled,--,Sell 20 Shares @ 21 Limit to Close,--,"09/07/2024, 1:43:25 PM",900001003
TLT,Filled,250 @ 9.994,Buy 250 Shares @ Market to Open,--,"09/06/2024, 10:27:57 AM",900001003
BRK.B,Filled,41 @ 46.479,Sell 41 Shares @ Market to Close,--,"09/06/2024, 10:25:38 AM",900001003
PSIX,Filled,1000 @ 1.95,Buy 1000 Shares @ 1.95 Limit to Open,--,"09/05/2024, 11:47:00 AM",900001003
PSIX,Canceled,--,Buy 1000 Shares @ 1.95 Limit to Open,--,"09/05/2024, 9:53:16 AM",900001003
IAUM,Filled,796 @ 2.513,Buy 796 Shares @ Market to Open,--,"09/05/2024, 9:39:54 AM",900001003
BRK.B,Filled,41 @ 47.8,Buy 41 Shares @ 47.8 Limit to Open,--,"09/04/2024, 11:16:07 AM",900001003
RGA,Filled,20 @ 21.962,Sell 20 Shares @ Market to Close,--,"09/04/2024, 10:40:19 AM",900001003
MSFT,Filled,32 @ 41.748,Sell 32 Shares @ Market to Close,--,"09/03/2024, 9:54:53 AM",900001003
POWL,Filled,184 @ 15.76,Sell 184 Shares @ Market to Close,--,"09/03/2024, 9:51:45 AM",900001003
BLBD,Filled,256 @ 4.935,Sell 256 Shares @ Market to Close,--,"09/03/2024, 9:47:27 AM",900001003
MOD,Filled,200 @ 11.803,Sell 200 Shares @ Market to Close,--,"09/03/2024, 9:46:42 AM",900001003
ANF,Filled,22 @ 14.678,Sell 22 Shares @ Market to Close,--,"09/03/2024, 9:46:12 AM",900001003
MSFT,Filled,31 @ 41.753,Sell 31 Shares @ Market to Close,--,"09/03/2024, 9:42:26 AM",900001003
MSFT,Filled,7 @ 41.718,Sell 7 Shares @ Market to Close,--,"09/03/2024, 9:41:48 AM",900001003
MOD,Filled,297 @ 11.922,Sell 297 Shares @ Market to Close,--,"09/03/2024, 9:40:17 AM",900001003
MSFT,Filled,41 @ 41.592,Sell 41 Shares @ Market to Close,--,"09/03/2024, 9:34:36 AM",900001003
MSFT,Filled,38 @ 41.692,Sell 38 Shares @ Market to Close,--,"09/03/2024, 9:33:24 AM",900001003
MSFT,Filled,3 @ 41.696,Sell 3 Shares @ Market to Close,--,"09/03/2024, 9:32:45 AM",900001003
ANF,Filled,22 @ 14.271,Buy 22 Shares @ 14.4 Limit to Open,--,"08/29/2024, 3:53:51 PM",900001003
ANF,Filled,22 @ 14.291,Sell 22 Shares @ Market to Close,--,"08/29/2024, 3:51:52 PM",900001003
BRK.B,Filled,13 @ 44.582,Buy 13 Shares @ Market to Open,--,"08/21/2024, 1:44:23 PM",900001003
ZETA,Filled,255 @ 2.368,Sell 255 Shares @ Market to Close,--,"08/21/2024, 1:43:51 PM",900001003
MSFT,Filled,32 @ 42.356,Buy 32 Shares @ Market to Open,--,"08/21/2024, 1:38:19 PM",900001003
AMZN,Filled,32 @ 17.793,Sell 32 Shares @ Market to Close,--,"08/20/2024, 9:30:29 AM",900001003
IAUM,Filled,305 @ 2.523,Sell 305 Shares @ Market to Close,--,"08/20/2024, 9:30:17 AM",900001003
BRK.B,Filled,6 @ 44.852,Buy 6 Shares @ Market to Open,--,"08/19/2024, 10:35:16 AM",900001003
ANF,Filled,22 @ 16.724,Buy 22 Shares @ Market to Open,--,"08/19/2024, 10:34:24 AM",900001003
MOD,Filled,200 @ 10.866,Buy 200 Shares @ Market to Open,--,"08/16/2024, 12:00:25 PM",900001003
RGA,Filled,40 @ 20.832,Buy 40 Shares @ Market to Open,--,"08/16/2024, 11:59:43 AM",900001003
GM,Canceled,--,Buy 228 Shares @ 4.222 Limit GTC to Open,--,"08/16/2024, 11:58:28 AM",900001003
IAU,Filled,574 @ 4.701,Sell 574 Shares @ Market to Close,--,"08/16/2024, 9:30:11 AM",900001003
ZETA,Filled,255 @ 2.437,Buy 255 Shares @ Market to Open,--,"08/15/2024, 12:12:17 PM",900001003
BLBD,Filled,256 @ 4.686,Buy 256 Shares @ Market to Open,--,"08/14/2024, 3:26:56 PM",900001003
IAU,Filled,500 @ 4.631,Sell 500 Shares @ Market to Close,--,"08/14/2024, 9:30:04 AM",900001003
BRK.B,Filled,30 @ 42.815,Buy 30 Shares @ Market to Open,--,"08/13/2024, 10:03:39 AM",900001003
IAUM,Filled,305 @ 2.469,Buy 305 Shares @ Market to Open,--,"08/13/2024, 9:56:20 AM",900001003
RGA,Filled,73 @ 20.35,Buy 73 Shares @ Market to Open,--,"08/12/2024, 3:42:30 PM",900001003
MOD,Filled,297 @ 10.102,Buy 297 Shares @ Market to Open,--,"08/12/2024, 1:47:40 PM",900001003
POWL,Filled,184 @ 16.294,Buy 184 Shares @ Market to Open,--,"08/12/2024, 1:45:16 PM",900001003
SFM,Filled,100 @ 9.68,Buy 100 Shares @ Market to Open,--,"08/12/2024, 1:43:50 PM",900001003
IAU,Filled,1074 @ 4.655,Buy 1074 Shares @ Market to Open,--,"08/12/2024, 12:30:38 PM",900001003
TECB,Filled,360 @ 4.658,Sell 360 Shares @ Market to Close,--,"08/07/2024, 9:30:13 AM",900001003
TECB,Canceled,--,Sell 360 Shares @ 5.12 Limit GTC to Close,--,"08/05/2024, 6:35:32 AM",900001003
TECB,Canceled,--,Buy 2 Shares @ Market to Open,--,"08/04/2024, 1:22:56 PM",900001003
TECB,Filled,1767 @ 4.907,Sell 1767 Shares @ Market to Close,--,"07/31/2024, 10:28:07 AM",900001003
TSLA,Filled,117 @ 23.141,Sell 117 Shares @ Market to Close,--,"07/31/2024, 10:24:23 AM",900001003
TECB,Canceled,--,Sell 360 Shares @ 5.32 Limit GTC to Close,--,"07/29/2024, 6:32:54 AM",900001003
TECB,Filled,1767 @ 5.153,Buy 1767 Shares @ Market to Open,--,"07/05/2024, 12:34:25 PM",900001003
JEPQ,Filled,679 @ 5.586,Sell 679 Shares @ Market to Close,--,"07/05/2024, 12:28:08 PM",900001003
VOO,Filled,21 @ 50.873,Sell 21 Shares @ Market to Close,--,"07/05/2024, 12:20:02 PM",900001003
MSFT,Filled,100 @ 46.643,Sell 100 Shares @ Market to Close,--,"07/05/2024, 12:19:11 PM",900001003
SVOL,Filled,201 @ 2.27,Sell 201 Shares @ Market to Close,--,"06/24/2024, 9:30:28 AM",900001003
