"900001003, as of 06/14/26 at 11:51 PM EST"
Date / Time,Type,Account #,Account Name,Description,Fee,Comm,Amount
 06/12/2026 10:00:54 AM,Bought,900001003,Partnership / LLC / LLP - x1003,25 of SPMO @ $15.206 (Order # 6876),--,$0,-$380.15
 06/12/2026 10:00:25 AM,Bought,900001003,Partnership / LLC / LLP - x1003,30 of CRDO @ $24.925 (Order # 3915),--,$0,-$747.74
 06/12/2026 09:45:51 AM,Bought,900001003,Partnership / LLC / LLP - x1003,150 of SPMO @ $15.012 (Order # 2520),--,$0,"-$2,251.8"
 06/12/2026 09:30:00 AM,Bought,900001003,Partnership / LLC / LLP - x1003,15 of MDLZ @ $6.332 (Order # 5675),--,$0,-$94.98
 06/12/2026 03:00:00 AM,Sweep,900001003,Partnership / LLC / LLP - x1003,BANK DEPOSIT PROGRAM,--,$0,"-$1,147.677"
 06/11/2026 04:00:02 PM,Sold,900001003,Partnership / LLC / LLP - x1003,5 of CLS @ $38.586 (Order # 7961),--,$0.004,$192.926
 06/11/2026 04:00:01 PM,Sold,900001003,Partnership / LLC / LLP - x1003,1 of LITE @ $88.959 (Order # 1069),--,$0.002,$88.957
 06/11/2026 04:00:00 PM,Sold,900001003,Partnership / LLC / LLP - x1003,50 of SHLD @ $6.515 (Order # 7124),--,$0.007,$325.742
 06/11/2026 04:00:00 PM,Sold,900001003,Partnership / LLC / LLP - x1003,10 of GDE @ $6.315 (Order # 3463),--,$0.002,$63.148
 06/11/2026 04:00:00 PM,Sold,900001003,Partnership / LLC / LLP - x1003,25 of SLV @ $6.082 (Order # 7511),--,$0.004,$152.046
 06/11/2026 04:00:00 PM,Sold,900001003,Partnership / LLC / LLP - x1003,39 of SLV @ $6.082 (Order # 4291),--,$0.005,$237.192
 06/11/2026 03:00:24 PM,Sold,900001003,Partnership / LLC / LLP - x1003,1 of LITE @ $87.668 (Order # 2427),--,$0.002,$87.666
 06/11/2026 03:00:00 AM,Sweep,900001003,Partnership / LLC / LLP - x1003,BANK DEPOSIT PROGRAM,--,$0,"-$2,394.948"
 06/10/2026 04:00:01 PM,Sold,900001003,Partnership / LLC / LLP - x1003,2 of LITE @ $85.326 (Order # 3580),--,$0.004,$170.648
 06/10/2026 04:00:01 PM,Sold,900001003,Partnership / LLC / LLP - x1003,5 of LITE @ $85.326 (Order # 8576),--,$0.009,$426.621
 06/10/2026 04:00:01 PM,Sold,900001003,Partnership / LLC / LLP - x1003,3 of MU @ $89.188 (Order # 6208),--,$0.006,$267.558
 06/10/2026 04:00:01 PM,Sold,900001003,Partnership / LLC / LLP - x1003,1 of LITE @ $85.326 (Order # 6312),--,$0.002,$85.324
 06/10/2026 10:03:55 AM,Sold,900001003,Partnership / LLC / LLP - x1003,175 of ETH @ $1.571 (Order # 9898),--,$0.006,$274.916
 06/10/2026 10:03:19 AM,Sold,900001003,Partnership / LLC / LLP - x1003,15 of CLS @ $37.433 (Order # 8582),--,$0.012,$561.483
 06/10/2026 10:02:06 AM,Sold,900001003,Partnership / LLC / LLP - x1003,10 of AGX @ $60.841 (Order # 6556),--,$0.013,$608.398
 06/10/2026 03:00:00 AM,Sweep,900001003,Partnership / LLC / LLP - x1003,BANK DEPOSIT PROGRAM,--,$0,-$545.169
 06/09/2026 04:00:02 PM,Sold,900001003,Partnership / LLC / LLP - x1003,21 of BE @ $25.961 (Order # 1894),--,$0.012,$545.169
 06/08/2026 03:00:00 AM,Sweep,900001003,Partnership / LLC / LLP - x1003,BANK DEPOSIT PROGRAM,--,$0,$7.249
 06/05/2026 10:21:23 AM,Bought,900001003,Partnership / LLC / LLP - x1003,75 of GRNY @ $2.74 (Order # 9747),--,$0,-$205.5
 06/05/2026 10:20:43 AM,Bought,900001003,Partnership / LLC / LLP - x1003,3 of MU @ $94.4 (Order # 7060),--,$0,-$283.2
 06/05/2026 10:19:48 AM,Bought,900001003,Partnership / LLC / LLP - x1003,200 of PSTL @ $2.271 (Order # 3732),--,$0,-$454.292
 06/05/2026 10:15:13 AM,Sold,900001003,Partnership / LLC / LLP - x1003,40 of CRDO @ $22.6 (Order # 7747),--,$0.019,$903.98
 06/05/2026 10:14:12 AM,Bought,900001003,Partnership / LLC / LLP - x1003,75 of GDMN @ $8.509 (Order # 9833),--,$0,-$638.212
 06/05/2026 10:13:04 AM,Sold,900001003,Partnership / LLC / LLP - x1003,30 of CRDO @ $22.333 (Order # 2241),--,$0.014,$669.975
 06/01/2026 03:00:00 AM,Sweep,900001003,Partnership / LLC / LLP - x1003,BANK DEPOSIT PROGRAM,--,$0,-$19.088
 05/29/2026 03:33:28 PM,Bought,900001003,Partnership / LLC / LLP - x1003,3 of BE @ $27.826 (Order # 1779),--,$0,-$83.478
 05/29/2026 03:33:02 PM,Bought,900001003,Partnership / LLC / LLP - x1003,7 of AMZN @ $27.115 (Order # 3203),--,$0,-$189.804
 05/29/2026 03:32:28 PM,Bought,900001003,Partnership / LLC / LLP - x1003,2 of LITE @ $83.81 (Order # 6687),--,$0,-$167.62
 05/29/2026 09:30:01 AM,Sold,900001003,Partnership / LLC / LLP - x1003,20 of CRDO @ $23 (Order # 7475),--,$0.01,$459.99
 05/29/2026 03:00:00 AM,Sweep,900001003,Partnership / LLC / LLP - x1003,BANK DEPOSIT PROGRAM,--,$0,-$0.001
 05/29/2026 03:00:00 AM,Interest Income,900001003,Partnership / LLC / LLP - x1003,MORGAN STANLEY PRIVATE BANK NA (Period 05/01-05/31),--,$0,$0.001
 05/29/2026 03:00:00 AM,Sweep,900001003,Partnership / LLC / LLP - x1003,BANK DEPOSIT PROGRAM,--,$0,$787.789
 05/28/2026 10:34:11 AM,Bought,900001003,Partnership / LLC / LLP - x1003,40 of GRNY @ $2.722 (Order # 9136),--,$0,-$108.879
 05/28/2026 03:00:00 AM,Sweep,900001003,Partnership / LLC / LLP - x1003,BANK DEPOSIT PROGRAM,--,$0,-$56.614
 05/28/2026 03:00:00 AM,Online Transfer,900001003,Partnership / LLC / LLP - x1003,ACH WITHDRAWL REFID:22405766395;,--,$0,-$678.91
 05/27/2026 04:00:03 PM,Bought,900001003,Partnership / LLC / LLP - x1003,7 of BE @ $29.38 (Order # 6740),--,$0,-$205.66
 05/27/2026 09:30:05 AM,Sold,900001003,Partnership / LLC / LLP - x1003,5 of APP @ $52.456 (Order # 3014),--,$0.006,$262.274
 05/27/2026 03:00:00 AM,Sweep,900001003,Partnership / LLC / LLP - x1003,BANK DEPOSIT PROGRAM,--,$0,-$726.693
 05/26/2026 04:00:01 PM,Sold,900001003,Partnership / LLC / LLP - x1003,2 of CRDO @ $22.164 (Order # 1997),--,$0.001,$44.327
 05/26/2026 04:00:00 PM,Sold,900001003,Partnership / LLC / LLP - x1003,40 of PPLT @ $1.774 (Order # 4709),--,$0.002,$70.957
 05/26/2026 04:00:00 PM,Sold,900001003,Partnership / LLC / LLP - x1003,20 of GDE @ $6.818 (Order # 3059),--,$0.003,$136.357
 05/26/2026 03:00:16 PM,Sold,900001003,Partnership / LLC / LLP - x1003,75 of GRNJ @ $3.126 (Order # 8516),--,$0.005,$234.407
 05/26/2026 02:55:48 PM,Sold,900001003,Partnership / LLC / LLP - x1003,50 of CGDV @ $4.813 (Order # 3430),--,$0.005,$240.645
 05/21/2026 03:00:00 AM,Sweep,900001003,Partnership / LLC / LLP - x1003,BANK DEPOSIT PROGRAM,--,$0,$15.097
 05/20/2026 04:00:01 PM,Bought,900001003,Partnership / LLC / LLP - x1003,1 of LITE @ $86.807 (Order # 4525),--,$0,-$86.807
 05/20/2026 10:37:10 AM,Sold,900001003,Partnership / LLC / LLP - x1003,4 of CRDO @ $17.928 (Order # 2236),--,$0.002,$71.71
 05/19/2026 03:00:00 AM,Stock Split,900001003,Partnership / LLC / LLP - x1003,ABRDN PLATINUM ETF TRUST SPLIT RATIO 10:1,--,$0,$0
 05/15/2026 03:00:00 AM,Qualified Dividend,900001003,Partnership / LLC / LLP - x1003,SYNCHRONY FINANCIAL REC 05/15/26 PAY 05/15/26 RATE 0.00000000 QTY 0.00000000,--,$0,$1.5
 05/15/2026 03:00:00 AM,Sweep,900001003,Partnership / LLC / LLP - x1003,BANK DEPOSIT PROGRAM,--,$0,-$1.5
 05/13/2026 03:00:00 AM,Sweep,900001003,Partnership / LLC / LLP - x1003,BANK DEPOSIT PROGRAM,--,$0,$33.342
 05/12/2026 04:00:03 PM,Bought,900001003,Partnership / LLC / LLP - x1003,11 of BE @ $28.069 (Order # 3066),--,$0,-$308.759
 05/12/2026 12:47:04 PM,Sold,900001003,Partnership / LLC / LLP - x1003,75 of PSIX @ $3.672 (Order # 1791),--,$0.006,$275.417
 05/12/2026 03:00:00 AM,Sweep,900001003,Partnership / LLC / LLP - x1003,BANK DEPOSIT PROGRAM,--,$0,$228.035
 05/11/2026 09:30:01 AM,Bought,900001003,Partnership / LLC / LLP - x1003,5 of APP @ $45.607 (Order # 6760),--,$0,-$228.035
 05/11/2026 03:00:00 AM,Sweep,900001003,Partnership / LLC / LLP - x1003,BANK DEPOSIT PROGRAM,--,$0,$103.625
 05/08/2026 02:34:54 PM,Sold,900001003,Partnership / LLC / LLP - x1003,20 of PLTR @ $13.683 (Order # 8680),--,$0.006,$273.654
 05/08/2026 09:30:02 AM,Bought,900001003,Partnership / LLC / LLP - x1003,4 of CRDO @ $19.32 (Order # 9993),--,$0,-$77.28
 05/08/2026 03:00:00 AM,Online Transfer,900001003,Partnership / LLC / LLP - x1003,ACH WITHDRAWL REFID:20506022395;,--,$0,-$299.999
 05/07/2026 03:00:00 AM,Sweep,900001003,Partnership / LLC / LLP - x1003,BANK DEPOSIT PROGRAM,--,$0,-$355.06
 05/06/2026 03:33:47 PM,Sold,900001003,Partnership / LLC / LLP - x1003,6 of PPLT @ $18.66 (Order # 8782),--,$0.003,$111.957
 05/06/2026 10:51:21 AM,Sold,900001003,Partnership / LLC / LLP - x1003,30 of GDE @ $6.946 (Order # 3742),--,$0.005,$208.374
 05/06/2026 10:50:55 AM,Sold,900001003,Partnership / LLC / LLP - x1003,5 of GDE @ $6.946 (Order # 6340),--,$0.001,$34.729
 05/06/2026 03:00:00 AM,Sweep,900001003,Partnership / LLC / LLP - x1003,BANK DEPOSIT PROGRAM,--,$0,$271.82
 05/05/2026 04:00:00 PM,Bought,900001003,Partnership / LLC / LLP - x1003,20 of PLTR @ $13.591 (Order # 1043),--,$0,-$271.82
 05/05/2026 03:00:00 AM,Sweep,900001003,Partnership / LLC / LLP - x1003,BANK DEPOSIT PROGRAM,--,$0,-$291.535
 05/05/2026 03:00:00 AM,Online Transfer,900001003,Partnership / LLC / LLP - x1003,TRANSFER TO XXXXX7782 REFID:20193291395,--,$0,-$40
 05/04/2026 09:38:33 AM,Sold,900001003,Partnership / LLC / LLP - x1003,20 of SHLD @ $6.84 (Order # 4009),--,$0.003,$136.797
 05/04/2026 09:37:26 AM,Sold,900001003,Partnership / LLC / LLP - x1003,2 of LITE @ $97.372 (Order # 3045),--,$0.005,$194.738
 05/01/2026 03:00:00 AM,Sweep,900001003,Partnership / LLC / LLP - x1003,BANK DEPOSIT PROGRAM,--,$0,-$1.15
 04/30/2026 03:00:00 AM,Qualified Dividend,900001003,Partnership / LLC / LLP - x1003,ARGAN INC REC 04/30/26 PAY 04/30/26 RATE 0.00000000 QTY 0.00000000,--,$0,$1.15
 04/30/2026 03:00:00 AM,Interest Income,900001003,Partnership / LLC / LLP - x1003,MORGAN STANLEY PRIVATE BANK NA (Period 04/01-04/30),--,$0,$0.004
 04/30/2026 03:00:00 AM,Sweep,900001003,Partnership / LLC / LLP - x1003,BANK DEPOSIT PROGRAM,--,$0,-$0.004
 04/30/2026 03:00:00 AM,Sweep,900001003,Partnership / LLC / LLP - x1003,BANK DEPOSIT PROGRAM,--,$0,$11.111
 04/30/2026 03:00:00 AM,Online Transfer,900001003,Partnership / LLC / LLP - x1003,TRANSFER TO XXXXX7782 REFID:19710165395,--,$0,-$11.111
 04/29/2026 03:00:00 AM,Sweep,900001003,Partnership / LLC / LLP - x1003,BANK DEPOSIT PROGRAM,--,$0,-$2.108
 04/28/2026 12:22:40 PM,Bought,900001003,Partnership / LLC / LLP - x1003,75 of GRNJ @ $2.825 (Order # 3329),--,$0,-$211.875
 04/28/2026 12:21:36 PM,Sold,900001003,Partnership / LLC / LLP - x1003,5 of MSFT @ $42.798 (Order # 5737),--,$0.005,$213.983
 04/28/2026 03:00:00 AM,Sweep,900001003,Partnership / LLC / LLP - x1003,BANK DEPOSIT PROGRAM,--,$0,$467.598
 04/27/2026 12:26:42 PM,Bought,900001003,Partnership / LLC / LLP - x1003,2 of CRDO @ $17.749 (Order # 7229),--,$0,-$35.498
 04/27/2026 03:00:00 AM,Sweep,900001003,Partnership / LLC / LLP - x1003,BANK DEPOSIT PROGRAM,--,$0,$264.856
 04/27/2026 03:00:00 AM,Online Transfer,900001003,Partnership / LLC / LLP - x1003,ACH WITHDRAWL REFID:19331332395;,--,$0,-$432.1
 04/24/2026 03:31:27 PM,Sold,900001003,Partnership / LLC / LLP - x1003,50 of GDE @ $6.82 (Order # 4962),--,$0.008,$340.991
 04/24/2026 03:30:36 PM,Sold,900001003,Partnership / LLC / LLP - x1003,4 of PPLT @ $18.266 (Order # 1183),--,$0.002,$73.063
 04/24/2026 03:00:00 AM,Sweep,900001003,Partnership / LLC / LLP - x1003,BANK DEPOSIT PROGRAM,--,$0,-$212.995
 04/24/2026 03:00:00 AM,Online Transfer,900001003,Partnership / LLC / LLP - x1003,ACH WITHDRAWL REFID:19143027395;,--,$0,-$678.91
 04/23/2026 09:32:15 AM,Sold,900001003,Partnership / LLC / LLP - x1003,10 of VOOV @ $21.3 (Order # 8428),--,$0.005,$212.995
 04/21/2026 03:00:00 AM,Sweep,900001003,Partnership / LLC / LLP - x1003,BANK DEPOSIT PROGRAM,--,$0,-$408.379
 04/20/2026 03:42:51 PM,Sold,900001003,Partnership / LLC / LLP - x1003,10 of CRDO @ $17.145 (Order # 7224),--,$0.004,$171.446
 04/20/2026 03:41:08 PM,Sold,900001003,Partnership / LLC / LLP - x1003,15 of GRNY @ $2.621 (Order # 1288),--,$0.001,$39.318
 04/20/2026 03:40:50 PM,Sold,900001003,Partnership / LLC / LLP - x1003,10 of GRNY @ $2.622 (Order # 1351),--,$0.001,$26.219
 04/20/2026 03:38:52 PM,Sold,900001003,Partnership / LLC / LLP - x1003,10 of CRDO @ $17.14 (Order # 7328),--,$0.004,$171.396
 04/20/2026 03:00:00 AM,Sweep,900001003,Partnership / LLC / LLP - x1003,BANK DEPOSIT PROGRAM,--,$0,-$106.627
 04/17/2026 11:27:12 AM,Sold,900001003,Partnership / LLC / LLP - x1003,5 of VOOV @ $21.326 (Order # 9630),--,$0.003,$106.627
 04/17/2026 03:00:00 AM,Sweep,900001003,Partnership / LLC / LLP - x1003,BANK DEPOSIT PROGRAM,--,$0,"$1,258.857"
 04/16/2026 10:40:50 AM,Bought,900001003,Partnership / LLC / LLP - x1003,10 of PPLT @ $18.888 (Order # 1013),--,$0,-$188.88
 04/16/2026 09:59:50 AM,Bought,900001003,Partnership / LLC / LLP - x1003,5 of MSFT @ $41.341 (Order # 5224),--,$0,-$206.705
 04/16/2026 09:56:54 AM,Bought,900001003,Partnership / LLC / LLP - x1003,10 of AMZN @ $24.543 (Order # 3429),--,$0,-$245.43
 04/16/2026 09:55:47 AM,Bought,900001003,Partnership / LLC / LLP - x1003,20 of TSLA @ $38.299 (Order # 1405),--,$0,-$765.98
 04/16/2026 09:54:16 AM,Bought,900001003,Partnership / LLC / LLP - x1003,60 of SPMO @ $12.598 (Order # 3732),--,$0,-$755.88
 04/16/2026 09:53:07 AM,Sold,900001003,Partnership / LLC / LLP - x1003,7 of LITE @ $87.11 (Order # 8780),--,$0.013,$609.754
 04/16/2026 09:52:23 AM,Bought,900001003,Partnership / LLC / LLP - x1003,300 of GRNJ @ $2.815 (Order # 6160),--,$0,-$844.563
 04/16/2026 09:51:59 AM,Bought,900001003,Partnership / LLC / LLP - x1003,300 of GRNY @ $2.577 (Order # 9835),--,$0,-$773.1
 04/16/2026 09:50:23 AM,Sold,900001003,Partnership / LLC / LLP - x1003,60 of GDE @ $6.854 (Order # 6379),--,$0.009,$411.23
 04/16/2026 09:49:38 AM,Sold,900001003,Partnership / LLC / LLP - x1003,10 of VOOV @ $21.102 (Order # 8710),--,$0.005,$211.015
 04/16/2026 09:47:32 AM,Sold,900001003,Partnership / LLC / LLP - x1003,60 of GDE @ $6.856 (Order # 2006),--,$0.009,$411.35
 04/16/2026 09:45:21 AM,Sold,900001003,Partnership / LLC / LLP - x1003,30 of GDE @ $6.857 (Order # 9599),--,$0.005,$205.704
 04/16/2026 09:44:54 AM,Sold,900001003,Partnership / LLC / LLP - x1003,50 of GDE @ $6.86 (Order # 5678),--,$0.008,$343.015
 04/16/2026 09:43:37 AM,Sold,900001003,Partnership / LLC / LLP - x1003,5 of GDMN @ $10.983 (Order # 5546),--,$0.002,$54.912
 04/16/2026 09:43:16 AM,Sold,900001003,Partnership / LLC / LLP - x1003,5 of GDMN @ $10.98 (Order # 7054),--,$0.002,$54.898
 04/16/2026 09:42:54 AM,Sold,900001003,Partnership / LLC / LLP - x1003,5 of GDMN @ $10.98 (Order # 7941),--,$0.002,$54.898
 04/16/2026 09:42:36 AM,Sold,900001003,Partnership / LLC / LLP - x1003,5 of GDMN @ $10.974 (Order # 4594),--,$0.002,$54.868
 04/16/2026 09:40:34 AM,Sold,900001003,Partnership / LLC / LLP - x1003,10 of GDMN @ $11.004 (Order # 9954),--,$0.003,$110.037
 04/16/2026 03:00:00 AM,Sweep,900001003,Partnership / LLC / LLP - x1003,BANK DEPOSIT PROGRAM,--,$0,-$383.891
 04/15/2026 09:39:32 AM,Sold,900001003,Partnership / LLC / LLP - x1003,50 of SYF @ $7.678 (Order # 7832),--,$0.008,$383.891
 04/15/2026 03:00:00 AM,Qualified Dividend,900001003,Partnership / LLC / LLP - x1003,MICRON TECH INC REC 04/15/26 PAY 04/15/26 RATE 0.00000000 QTY 0.00000000,--,$0,$0.075
 04/15/2026 03:00:00 AM,Sweep,900001003,Partnership / LLC / LLP - x1003,BANK DEPOSIT PROGRAM,--,$0,-$685.914
 04/14/2026 01:45:54 PM,Sold,900001003,Partnership / LLC / LLP - x1003,10 of VOOV @ $20.997 (Order # 5305),--,$0.005,$209.964
 04/14/2026 01:44:46 PM,Sold,900001003,Partnership / LLC / LLP - x1003,6 of PPLT @ $19.078 (Order # 7905),--,$0.003,$114.465
 04/14/2026 11:41:22 AM,Sold,900001003,Partnership / LLC / LLP - x1003,25 of PSIX @ $8.358 (Order # 3281),--,$0.005,$208.945
 04/14/2026 11:00:23 AM,Sold,900001003,Partnership / LLC / LLP - x1003,8 of CRDO @ $15.705 (Order # 8547),--,$0.003,$125.637
 04/14/2026 10:59:53 AM,Sold,900001003,Partnership / LLC / LLP - x1003,4 of CRDO @ $15.702 (Order # 9016),--,$0.002,$62.806
 04/14/2026 10:59:23 AM,Sold,900001003,Partnership / LLC / LLP - x1003,3 of CRDO @ $15.659 (Order # 4194),--,$0.001,$46.975
 04/14/2026 10:58:54 AM,Sold,900001003,Partnership / LLC / LLP - x1003,1 of CRDO @ $15.648 (Order # 9065),--,$0.001,$15.647
 04/14/2026 10:06:59 AM,Bought,900001003,Partnership / LLC / LLP - x1003,2 of LITE @ $84.093 (Order # 5951),--,$0,-$168.186
 04/14/2026 10:05:35 AM,Sold,900001003,Partnership / LLC / LLP - x1003,16 of CRDO @ $15.224 (Order # 6950),--,$0.006,$243.584
 04/14/2026 09:32:58 AM,Bought,900001003,Partnership / LLC / LLP - x1003,2 of LITE @ $86.999 (Order # 8827),--,$0,-$173.998
 04/14/2026 03:00:00 AM,Sweep,900001003,Partnership / LLC / LLP - x1003,BANK DEPOSIT PROGRAM,--,$0,$804.344
 04/13/2026 11:28:57 AM,Bought,900001003,Partnership / LLC / LLP - x1003,35 of GDE @ $6.575 (Order # 3802),--,$0,-$230.125
 04/13/2026 11:26:50 AM,Bought,900001003,Partnership / LLC / LLP - x1003,5 of LITE @ $87.46 (Order # 8198),--,$0,-$437.3
 04/13/2026 11:26:03 AM,Bought,900001003,Partnership / LLC / LLP - x1003,10 of GDMN @ $10.711 (Order # 9873),--,$0,-$107.115
 04/13/2026 11:25:40 AM,Bought,900001003,Partnership / LLC / LLP - x1003,50 of SLV @ $6.695 (Order # 6155),--,$0,-$334.75
 04/13/2026 10:24:09 AM,Sold,900001003,Partnership / LLC / LLP - x1003,15 of CRDO @ $13.25 (Order # 8012),--,$0.005,$198.745
 04/13/2026 10:23:47 AM,Sold,900001003,Partnership / LLC / LLP - x1003,8 of CRDO @ $13.275 (Order # 3481),--,$0.003,$106.201
 04/13/2026 03:00:00 AM,Sweep,900001003,Partnership / LLC / LLP - x1003,BANK DEPOSIT PROGRAM,--,$0,-$530.192
 04/10/2026 01:51:32 PM,Bought,900001003,Partnership / LLC / LLP - x1003,30 of GDE @ $6.643 (Order # 7589),--,$0,-$199.29
 04/10/2026 01:50:40 PM,Bought,900001003,Partnership / LLC / LLP - x1003,20 of SHLD @ $7.287 (Order # 8890),--,$0,-$145.749
 04/10/2026 01:50:20 PM,Bought,900001003,Partnership / LLC / LLP - x1003,10 of PPLT @ $18.701 (Order # 3859),--,$0,-$187.01
 04/10/2026 01:48:56 PM,Sold,900001003,Partnership / LLC / LLP - x1003,20 of CLS @ $35.009 (Order # 2054),--,$0.015,$700.165
 04/10/2026 01:47:42 PM,Sold,900001003,Partnership / LLC / LLP - x1003,30 of CRDO @ $12.07 (Order # 8196),--,$0.008,$362.076
 04/10/2026 03:00:00 AM,Sweep,900001003,Partnership / LLC / LLP - x1003,BANK DEPOSIT PROGRAM,--,$0,"$1,738.506"
 04/09/2026 03:25:19 PM,Bought,900001003,Partnership / LLC / LLP - x1003,4 of LITE @ $88.85 (Order # 4609),--,$0,-$355.4
 04/09/2026 01:11:49 PM,Bought,900001003,Partnership / LLC / LLP - x1003,15 of VOOV @ $20.982 (Order # 3789),--,$0,-$314.73
 04/09/2026 01:09:53 PM,Bought,900001003,Partnership / LLC / LLP - x1003,10 of MU @ $40.809 (Order # 9308),--,$0,-$408.09
 04/09/2026 01:09:05 PM,Bought,900001003,Partnership / LLC / LLP - x1003,50 of CRDO @ $10.719 (Order # 8767),--,$0,-$535.95
 04/09/2026 01:08:29 PM,Bought,900001003,Partnership / LLC / LLP - x1003,7 of LITE @ $88.751 (Order # 1901),--,$0,-$621.254
 04/09/2026 10:38:49 AM,Sold,900001003,Partnership / LLC / LLP - x1003,25 of CGDV @ $4.437 (Order # 5117),--,$0.003,$110.924
 04/09/2026 10:38:24 AM,Sold,900001003,Partnership / LLC / LLP - x1003,10 of GDMN @ $10.749 (Order # 7266),--,$0.003,$107.491
 04/09/2026 10:38:00 AM,Sold,900001003,Partnership / LLC / LLP - x1003,5 of GDMN @ $10.728 (Order # 2130),--,$0.002,$53.638
 04/09/2026 10:36:20 AM,Sold,900001003,Partnership / LLC / LLP - x1003,10 of AMZN @ $22.487 (Order # 1422),--,$0.005,$224.865
 04/09/2026 03:00:00 AM,Sweep,900001003,Partnership / LLC / LLP - x1003,BANK DEPOSIT PROGRAM,--,$0,"-$2,031.511"
 04/08/2026 10:52:06 AM,Sold,900001003,Partnership / LLC / LLP - x1003,200 of GRNJ @ $2.642 (Order # 9882),--,$0.011,$528.385
 04/08/2026 10:51:40 AM,Sold,900001003,Partnership / LLC / LLP - x1003,25 of PSIX @ $6.717 (Order # 7810),--,$0.004,$167.921
 04/08/2026 10:51:40 AM,Sold,900001003,Partnership / LLC / LLP - x1003,5 of PSIX @ $6.716 (Order # 7810),--,$0.001,$33.579
 04/08/2026 10:50:51 AM,Sold,900001003,Partnership / LLC / LLP - x1003,40 of SLV @ $6.82 (Order # 9706),--,$0.006,$272.793
 04/08/2026 10:50:19 AM,Sold,900001003,Partnership / LLC / LLP - x1003,100 of SYF @ $7.19 (Order # 4828),--,$0.015,$718.983
 04/08/2026 10:49:14 AM,Sold,900001003,Partnership / LLC / LLP - x1003,20 of AMZN @ $22.111 (Order # 8126),--,$0.01,$442.21
 04/08/2026 09:58:15 AM,Bought,900001003,Partnership / LLC / LLP - x1003,20 of GDE @ $6.618 (Order # 3150),--,$0,-$132.36
 04/06/2026 03:00:00 AM,Sweep,900001003,Partnership / LLC / LLP - x1003,BANK DEPOSIT PROGRAM,--,$0,-$182.195
 04/06/2026 03:00:00 AM,Online Transfer,900001003,Partnership / LLC / LLP - x1003,TRANSFER TO XXXXX7782 REFID:17430235395,--,$0,-$10
 04/02/2026 03:59:44 PM,Sold,900001003,Partnership / LLC / LLP - x1003,5 of CLS @ $29.491 (Order # 3223),--,$0.004,$147.451
 04/02/2026 12:12:42 PM,Bought,900001003,Partnership / LLC / LLP - x1003,40 of GRNJ @ $2.525 (Order # 6345),--,$0,-$101
 04/02/2026 12:11:45 PM,Sold,900001003,Partnership / LLC / LLP - x1003,6 of PPLT @ $17.921 (Order # 6566),--,$0.003,$107.523
 04/02/2026 12:11:17 PM,Bought,900001003,Partnership / LLC / LLP - x1003,15 of GDMN @ $10.257 (Order # 1177),--,$0,-$153.855
 04/02/2026 12:10:03 PM,Sold,900001003,Partnership / LLC / LLP - x1003,25 of GRNY @ $2.394 (Order # 2929),--,$0.002,$59.848
 04/02/2026 12:09:00 PM,Sold,900001003,Partnership / LLC / LLP - x1003,5 of VOOV @ $20.368 (Order # 1948),--,$0.003,$101.836
 04/02/2026 12:07:35 PM,Sold,900001003,Partnership / LLC / LLP - x1003,3 of CRDO @ $10.131 (Order # 8927),--,$0.001,$30.392
 04/02/2026 03:00:00 AM,Sweep,900001003,Partnership / LLC / LLP - x1003,BANK DEPOSIT PROGRAM,--,$0,$416.978
 04/01/2026 11:41:32 AM,Bought,900001003,Partnership / LLC / LLP - x1003,14 of SLV @ $6.856 (Order # 5665),--,$0,-$95.978
 04/01/2026 03:00:00 AM,Dividend,900001003,Partnership / LLC / LLP - x1003,0 of CGDV @ $0,--,$0,$0.827
 04/01/2026 03:00:00 AM,Sweep,900001003,Partnership / LLC / LLP - x1003,BANK DEPOSIT PROGRAM,--,$0,-$418.243
 04/01/2026 03:00:00 AM,Online Transfer,900001003,Partnership / LLC / LLP - x1003,ACH WITHDRAWL REFID:16991542395;,--,$0,-$321
 03/31/2026 02:07:37 PM,Sold,900001003,Partnership / LLC / LLP - x1003,5 of VOOV @ $20.297 (Order # 6402),--,$0,$101.486
 03/31/2026 02:07:13 PM,Sold,900001003,Partnership / LLC / LLP - x1003,5 of AMZN @ $20.868 (Order # 9786),--,$0,$104.341
 03/31/2026 02:06:18 PM,Sold,900001003,Partnership / LLC / LLP - x1003,30 of SHLD @ $7.053 (Order # 6078),--,$0,$211.589
 03/31/2026 03:00:00 AM,Interest Income,900001003,Partnership / LLC / LLP - x1003,MORGAN STANLEY PRIVATE BANK NA (Period 03/01-03/31),--,$0,$0.002
 03/31/2026 03:00:00 AM,Sweep,900001003,Partnership / LLC / LLP - x1003,BANK DEPOSIT PROGRAM,--,$0,-$0.002
 03/31/2026 03:00:00 AM,Sweep,900001003,Partnership / LLC / LLP - x1003,BANK DEPOSIT PROGRAM,--,$0,$333.33
 03/30/2026 09:55:26 AM,Bought,900001003,Partnership / LLC / LLP - x1003,5 of LITE @ $66.666 (Order # 8915),--,$0,-$333.33
 03/30/2026 03:00:00 AM,Sweep,900001003,Partnership / LLC / LLP - x1003,BANK DEPOSIT PROGRAM,--,$0,$495.8
 03/27/2026 09:30:00 AM,Bought,900001003,Partnership / LLC / LLP - x1003,200 of GRNJ @ $2.479 (Order # 6364),--,$0,-$495.8
 03/26/2026 03:00:00 AM,Dividend,900001003,Partnership / LLC / LLP - x1003,0 of VOOV @ $0,--,$0,$2.795
 03/26/2026 03:00:00 AM,Sweep,900001003,Partnership / LLC / LLP - x1003,BANK DEPOSIT PROGRAM,--,$0,-$2.795
 03/25/2026 03:00:00 AM,Sweep,900001003,Partnership / LLC / LLP - x1003,BANK DEPOSIT PROGRAM,--,$0,-$828.62
 03/24/2026 12:16:32 PM,Bought,900001003,Partnership / LLC / LLP - x1003,10 of CRDO @ $9.993 (Order # 5579),--,$0,-$99.93
 03/24/2026 12:15:56 PM,Bought,900001003,Partnership / LLC / LLP - x1003,5 of MU @ $39.371 (Order # 9055),--,$0,-$196.855
 03/24/2026 12:10:28 PM,Sold,900001003,Partnership / LLC / LLP - x1003,190 of TMUSL @ $2.425 (Order # 3668),--,$0,$460.746
 03/24/2026 12:06:33 PM,Sold,900001003,Partnership / LLC / LLP - x1003,25 of SLV @ $6.287 (Order # 6242),--,$0,$157.175
 03/24/2026 12:05:24 PM,Sold,900001003,Partnership / LLC / LLP - x1003,30 of GDE @ $5.976 (Order # 4489),--,$0,$179.279
 03/24/2026 12:04:40 PM,Sold,900001003,Partnership / LLC / LLP - x1003,20 of IAUM @ $4.392 (Order # 3963),--,$0,$87.84
 03/24/2026 12:04:01 PM,Sold,900001003,Partnership / LLC / LLP - x1003,5 of BRK.B @ $48.073 (Order # 4377),--,$0,$240.365
 03/23/2026 03:00:00 AM,Sweep,900001003,Partnership / LLC / LLP - x1003,BANK DEPOSIT PROGRAM,--,$0,$36.203
 03/20/2026 09:50:42 AM,Bought,900001003,Partnership / LLC / LLP - x1003,15 of GRNY @ $2.414 (Order # 1952),--,$0,-$36.203
 03/20/2026 03:00:00 AM,Sweep,900001003,Partnership / LLC / LLP - x1003,BANK DEPOSIT PROGRAM,--,$0,$54.882
 03/19/2026 11:40:27 AM,Bought,900001003,Partnership / LLC / LLP - x1003,10 of AMZN @ $20.728 (Order # 1981),--,$0,-$207.28
 03/19/2026 11:39:36 AM,Sold,900001003,Partnership / LLC / LLP - x1003,100 of TMUSL @ $2.438 (Order # 9128),--,$0,$243.798
 03/19/2026 10:25:25 AM,Bought,900001003,Partnership / LLC / LLP - x1003,10 of GDMN @ $9.14 (Order # 5995),--,$0,-$91.4
 03/18/2026 03:00:00 AM,Sweep,900001003,Partnership / LLC / LLP - x1003,BANK DEPOSIT PROGRAM,--,$0,$34.272
 03/17/2026 09:58:40 AM,Bought,900001003,Partnership / LLC / LLP - x1003,3 of CRDO @ $11.424 (Order # 2519),--,$0,-$34.272
 03/17/2026 03:00:00 AM,Sweep,900001003,Partnership / LLC / LLP - x1003,BANK DEPOSIT PROGRAM,--,$0,-$68.202
 03/16/2026 12:47:30 PM,Bought,900001003,Partnership / LLC / LLP - x1003,15 of CRDO @ $11.333 (Order # 5863),--,$0,-$169.995
 03/16/2026 12:44:26 PM,Sold,900001003,Partnership / LLC / LLP - x1003,5 of GDMN @ $10.977 (Order # 1250),--,$0,$54.885
 03/16/2026 12:39:14 PM,Bought,900001003,Partnership / LLC / LLP - x1003,100 of TMUSL @ $2.46 (Order # 6427),--,$0,-$246
 03/16/2026 12:38:40 PM,Sold,900001003,Partnership / LLC / LLP - x1003,40 of PSIX @ $5.881 (Order # 1408),--,$0,$235.239
 03/16/2026 12:38:23 PM,Sold,900001003,Partnership / LLC / LLP - x1003,20 of PSIX @ $5.881 (Order # 9676),--,$0,$117.62
 03/16/2026 12:37:57 PM,Sold,900001003,Partnership / LLC / LLP - x1003,5 of PSIX @ $5.881 (Order # 1224),--,$0,$29.405
 03/16/2026 12:37:38 PM,Sold,900001003,Partnership / LLC / LLP - x1003,8 of PSIX @ $5.881 (Order # 4536),--,$0,$47.048
 03/11/2026 03:00:00 AM,Sweep,900001003,Partnership / LLC / LLP - x1003,BANK DEPOSIT PROGRAM,--,$0,-$57.844
 03/10/2026 10:34:41 AM,Bought,900001003,Partnership / LLC / LLP - x1003,5 of VOOV @ $20.884 (Order # 1464),--,$0,-$104.42
 03/10/2026 10:33:47 AM,Bought,900001003,Partnership / LLC / LLP - x1003,30 of SHLD @ $7.706 (Order # 4044),--,$0,-$231.167
 03/10/2026 10:33:21 AM,Sold,900001003,Partnership / LLC / LLP - x1003,26 of PLTR @ $15.132 (Order # 4867),--,$0,$393.431
 03/10/2026 03:00:00 AM,Sweep,900001003,Partnership / LLC / LLP - x1003,BANK DEPOSIT PROGRAM,--,$0,$24.389
 03/09/2026 11:54:35 AM,Bought,900001003,Partnership / LLC / LLP - x1003,10 of GRNY @ $2.439 (Order # 4187),--,$0,-$24.389
 03/04/2026 03:00:00 AM,Sweep,900001003,Partnership / LLC / LLP - x1003,BANK DEPOSIT PROGRAM,--,$0,$185.425
 03/03/2026 09:30:00 AM,Bought,900001003,Partnership / LLC / LLP - x1003,25 of SLV @ $7.417 (Order # 4567),--,$0,-$185.425
 03/03/2026 03:00:00 AM,Sweep,900001003,Partnership / LLC / LLP - x1003,BANK DEPOSIT PROGRAM,--,$0,-$198.765
 03/02/2026 03:00:00 AM,Sweep,900001003,Partnership / LLC / LLP - x1003,BANK DEPOSIT PROGRAM,--,$0,-$7.422
 03/02/2026 03:00:00 AM,Online Transfer,900001003,Partnership / LLC / LLP - x1003,ACH DEPOSIT REFID:14195421395;,--,$0,$198.765
 03/02/2026 03:00:00 AM,Interest Income,900001003,Partnership / LLC / LLP - x1003,EAID:100042256278 T MOBILE USA INC 6250 *69SP01 Rate:0.3906 USD PD:20260302,--,$0,$7.422
 02/27/2026 03:00:00 AM,Sweep,900001003,Partnership / LLC / LLP - x1003,BANK DEPOSIT PROGRAM,--,$0,-$0.004
 02/27/2026 03:00:00 AM,Interest Income,900001003,Partnership / LLC / LLP - x1003,MORGAN STANLEY PRIVATE BANK NA (Period 02/01-02/28),--,$0,$0.004
 02/27/2026 03:00:00 AM,Sweep,900001003,Partnership / LLC / LLP - x1003,BANK DEPOSIT PROGRAM,--,$0,-$5.254
 02/26/2026 10:54:16 AM,Bought,900001003,Partnership / LLC / LLP - x1003,5 of PSIX @ $9.296 (Order # 3801),--,$0,-$46.48
 02/26/2026 10:51:17 AM,Sold,900001003,Partnership / LLC / LLP - x1003,6 of IAUM @ $5.169 (Order # 9195),--,$0,$31.014
 02/26/2026 10:50:21 AM,Bought,900001003,Partnership / LLC / LLP - x1003,20 of CRDO @ $11.418 (Order # 6146),--,$0,-$228.36
 02/26/2026 10:48:02 AM,Sold,900001003,Partnership / LLC / LLP - x1003,5 of BRK.B @ $49.816 (Order # 9569),--,$0,$249.08
 02/26/2026 03:00:00 AM,Sweep,900001003,Partnership / LLC / LLP - x1003,BANK DEPOSIT PROGRAM,--,$0,$490.193
 02/25/2026 01:21:14 PM,Bought,900001003,Partnership / LLC / LLP - x1003,8 of PSIX @ $9.445 (Order # 9975),--,$0,-$75.56
 02/25/2026 01:13:57 PM,Sold,900001003,Partnership / LLC / LLP - x1003,2 of PPLT @ $21.078 (Order # 3242),--,$0,$42.156
 02/25/2026 03:00:00 AM,Sweep,900001003,Partnership / LLC / LLP - x1003,BANK DEPOSIT PROGRAM,--,$0,-$301.857
 02/25/2026 03:00:00 AM,Online Transfer,900001003,Partnership / LLC / LLP - x1003,ACH WITHDRAWL REFID:13732139395;,--,$0,-$456.789
 02/24/2026 01:19:19 PM,Bought,900001003,Partnership / LLC / LLP - x1003,6 of IAUM @ $5.148 (Order # 1427),--,$0,-$30.888
 02/24/2026 01:17:46 PM,Sold,900001003,Partnership / LLC / LLP - x1003,10 of AMZN @ $20.905 (Order # 6446),--,$0,$209.05
 02/24/2026 01:17:16 PM,Sold,900001003,Partnership / LLC / LLP - x1003,15 of AMZN @ $20.913 (Order # 9664),--,$0,$313.695
 02/24/2026 03:00:00 AM,Online Transfer,900001003,Partnership / LLC / LLP - x1003,ACH WITHDRAWL REFID:13621745395;,--,$0,-$190
 02/19/2026 03:00:00 AM,Sweep,900001003,Partnership / LLC / LLP - x1003,BANK DEPOSIT PROGRAM,--,$0,-$175.675
 02/18/2026 09:58:22 AM,Sold,900001003,Partnership / LLC / LLP - x1003,25 of SLV @ $7.027 (Order # 4801),--,$0,$175.675
 02/18/2026 03:00:00 AM,Sweep,900001003,Partnership / LLC / LLP - x1003,BANK DEPOSIT PROGRAM,--,$0,$844.484
 02/17/2026 10:09:33 AM,Bought,900001003,Partnership / LLC / LLP - x1003,7 of PLTR @ $13.026 (Order # 6768),--,$0,-$91.182
 02/17/2026 10:08:17 AM,Bought,900001003,Partnership / LLC / LLP - x1003,50 of CGDV @ $4.517 (Order # 2213),--,$0,-$225.85
 02/17/2026 10:07:38 AM,Sold,900001003,Partnership / LLC / LLP - x1003,5 of BRK.B @ $50.302 (Order # 1369),--,$0,$251.51
 02/17/2026 10:06:24 AM,Bought,900001003,Partnership / LLC / LLP - x1003,6 of PPLT @ $18.287 (Order # 8145),--,$0,-$109.722
 02/17/2026 10:05:59 AM,Bought,900001003,Partnership / LLC / LLP - x1003,50 of GDE @ $6.78 (Order # 9468),--,$0,-$339
 02/17/2026 10:05:29 AM,Bought,900001003,Partnership / LLC / LLP - x1003,50 of SLV @ $6.605 (Order # 3074),--,$0,-$330.24
 02/17/2026 03:00:00 AM,Qualified Dividend,900001003,Partnership / LLC / LLP - x1003,SYNCHRONY FINANCIAL REC 02/17/26 PAY 02/17/26 RATE 0.00000000 QTY 0.00000000,--,$0,$6
 02/17/2026 03:00:00 AM,Sweep,900001003,Partnership / LLC / LLP - x1003,BANK DEPOSIT PROGRAM,--,$0,-$595.385
 02/13/2026 02:58:32 PM,Bought,900001003,Partnership / LLC / LLP - x1003,25 of CGDV @ $4.54 (Order # 2347),--,$0,-$113.5
 02/13/2026 11:43:36 AM,Sold,900001003,Partnership / LLC / LLP - x1003,100 of ETH @ $1.954 (Order # 4077),--,$0,$195.398
 02/13/2026 11:41:56 AM,Sold,900001003,Partnership / LLC / LLP - x1003,10 of CLS @ $28.167 (Order # 8018),--,$0,$281.67
 02/13/2026 10:12:01 AM,Sold,900001003,Partnership / LLC / LLP - x1003,50 of IBIT @ $3.89 (Order # 4555),--,$0,$194.499
 02/13/2026 10:09:31 AM,Sold,900001003,Partnership / LLC / LLP - x1003,80 of ETH @ $1.899 (Order # 8996),--,$0,$151.918
 02/13/2026 09:59:13 AM,Bought,900001003,Partnership / LLC / LLP - x1003,3 of AGX @ $40.2 (Order # 3477),--,$0,-$120.6
 02/13/2026 03:00:00 AM,Sweep,900001003,Partnership / LLC / LLP - x1003,BANK DEPOSIT PROGRAM,--,$0,"$1,921.09"
 02/12/2026 12:56:58 PM,Bought,900001003,Partnership / LLC / LLP - x1003,25 of VOOV @ $21.169 (Order # 8105),--,$0,-$529.225
 02/12/2026 12:42:26 PM,Bought,900001003,Partnership / LLC / LLP - x1003,30 of GDE @ $6.946 (Order # 7129),--,$0,-$208.38
 02/12/2026 11:17:38 AM,Bought,900001003,Partnership / LLC / LLP - x1003,60 of GDE @ $6.9 (Order # 2806),--,$0,-$414
 02/12/2026 11:12:22 AM,Bought,900001003,Partnership / LLC / LLP - x1003,60 of GDE @ $6.999 (Order # 8133),--,$0,-$419.94
 02/12/2026 10:37:19 AM,Bought,900001003,Partnership / LLC / LLP - x1003,20 of AMZN @ $20.099 (Order # 5003),--,$0,-$401.98
 02/12/2026 10:33:41 AM,Bought,900001003,Partnership / LLC / LLP - x1003,20 of IAUM @ $5.052 (Order # 7294),--,$0,-$101.04
 02/12/2026 10:31:49 AM,Bought,900001003,Partnership / LLC / LLP - x1003,30 of GDE @ $7.132 (Order # 5938),--,$0,-$213.964
 02/12/2026 10:31:02 AM,Bought,900001003,Partnership / LLC / LLP - x1003,15 of GDMN @ $12.592 (Order # 7708),--,$0,-$188.88
 02/12/2026 10:29:53 AM,Sold,900001003,Partnership / LLC / LLP - x1003,30 of PSIX @ $9.189 (Order # 5151),--,$0,$275.671
 02/12/2026 10:27:53 AM,Sold,900001003,Partnership / LLC / LLP - x1003,10 of AGX @ $44.567 (Order # 5764),--,$0,$445.67
 02/12/2026 10:26:49 AM,Bought,900001003,Partnership / LLC / LLP - x1003,50 of GDE @ $7.15 (Order # 5999),--,$0,-$357.5
 02/12/2026 09:45:21 AM,Bought,900001003,Partnership / LLC / LLP - x1003,20 of AMZN @ $20.234 (Order # 9008),--,$0,-$404.68
 02/12/2026 09:30:00 AM,Sold,900001003,Partnership / LLC / LLP - x1003,40 of ETH @ $1.879 (Order # 1582),--,$0,$75.159
 02/12/2026 09:30:00 AM,Sold,900001003,Partnership / LLC / LLP - x1003,60 of PSIX @ $8.7 (Order # 4766),--,$0,$521.999
 02/12/2026 03:00:00 AM,Sweep,900001003,Partnership / LLC / LLP - x1003,BANK DEPOSIT PROGRAM,--,$0,$312.632
 02/12/2026 03:00:00 AM,Online Transfer,900001003,Partnership / LLC / LLP - x1003,TRANSFER TO XXXXX7782 REFID:12635784395,--,$0,-$22.222
 02/11/2026 09:59:59 AM,Bought,900001003,Partnership / LLC / LLP - x1003,5 of AMZN @ $20.561 (Order # 6323),--,$0,-$102.805
 02/11/2026 09:57:01 AM,Bought,900001003,Partnership / LLC / LLP - x1003,15 of CRDO @ $12.507 (Order # 8279),--,$0,-$187.605
 02/10/2026 03:00:00 AM,Sweep,900001003,Partnership / LLC / LLP - x1003,BANK DEPOSIT PROGRAM,--,$0,-$465.503
 02/09/2026 09:59:20 AM,Bought,900001003,Partnership / LLC / LLP - x1003,5 of BRK.B @ $50.295 (Order # 6987),--,$0,-$251.475
 02/09/2026 09:51:32 AM,Sold,900001003,Partnership / LLC / LLP - x1003,105 of VGSH @ $5.876 (Order # 3567),--,$0,$616.978
 02/09/2026 03:00:00 AM,Sweep,900001003,Partnership / LLC / LLP - x1003,BANK DEPOSIT PROGRAM,--,$0,"-$1,685.346"
 02/09/2026 03:00:00 AM,Online Transfer,900001003,Partnership / LLC / LLP - x1003,ACH DEPOSIT REFID:12267783395;,--,$0,$100
 02/06/2026 04:00:01 PM,Bought,900001003,Partnership / LLC / LLP - x1003,20 of AMZN @ $21.032 (Order # 4554),--,$0,-$420.64
 02/06/2026 04:00:01 PM,Sold,900001003,Partnership / LLC / LLP - x1003,50 of IBIT @ $3.968 (Order # 8787),--,$0,$198.399
 02/06/2026 02:52:57 PM,Sold,900001003,Partnership / LLC / LLP - x1003,50 of IBIT @ $4.012 (Order # 1586),--,$0,$200.599
 02/06/2026 12:33:07 PM,Sold,900001003,Partnership / LLC / LLP - x1003,107 of TMUSL @ $2.505 (Order # 3076),--,$0,$268.033
 02/06/2026 12:33:07 PM,Sold,900001003,Partnership / LLC / LLP - x1003,75 of TMUSL @ $2.505 (Order # 9762),--,$0,$187.874
 02/06/2026 12:33:07 PM,Sold,900001003,Partnership / LLC / LLP - x1003,43 of TMUSL @ $2.505 (Order # 9766),--,$0,$107.714
 02/06/2026 12:17:13 PM,Sold,900001003,Partnership / LLC / LLP - x1003,25 of IBIT @ $3.999 (Order # 8283),--,$0,$99.975
 02/06/2026 12:17:13 PM,Sold,900001003,Partnership / LLC / LLP - x1003,150 of IBIT @ $3.999 (Order # 6027),--,$0,$599.847
 02/06/2026 11:38:07 AM,Sold,900001003,Partnership / LLC / LLP - x1003,5 of AGX @ $36.056 (Order # 4091),--,$0,$180.28
 02/06/2026 11:20:05 AM,Sold,900001003,Partnership / LLC / LLP - x1003,100 of ETH @ $1.899 (Order # 4288),--,$0,$189.898
 02/06/2026 11:08:11 AM,Sold,900001003,Partnership / LLC / LLP - x1003,40 of PSIX @ $7.499 (Order # 7971),--,$0,$299.959
 02/06/2026 10:53:53 AM,Sold,900001003,Partnership / LLC / LLP - x1003,25 of IBIT @ $3.884 (Order # 5037),--,$0,$97.105
 02/06/2026 10:50:32 AM,Bought,900001003,Partnership / LLC / LLP - x1003,20 of VGSH @ $5.874 (Order # 5497),--,$0,-$117.477
 02/06/2026 10:46:26 AM,Bought,900001003,Partnership / LLC / LLP - x1003,10 of AMZN @ $20.622 (Order # 8626),--,$0,-$206.22
 02/06/2026 03:00:00 AM,Sweep,900001003,Partnership / LLC / LLP - x1003,BANK DEPOSIT PROGRAM,--,$0,-$34.06
 02/05/2026 10:24:35 AM,Sold,900001003,Partnership / LLC / LLP - x1003,20 of PLTR @ $12.989 (Order # 9472),--,$0,$259.78
 02/05/2026 10:15:30 AM,Bought,900001003,Partnership / LLC / LLP - x1003,90 of TMUSL @ $2.508 (Order # 6091),--,$0,-$225.72
 02/05/2026 03:00:00 AM,Sweep,900001003,Partnership / LLC / LLP - x1003,BANK DEPOSIT PROGRAM,--,$0,$274.818
 02/04/2026 11:17:37 AM,Bought,900001003,Partnership / LLC / LLP - x1003,100 of ETH @ $1.999 (Order # 3642),--,$0,-$199.9
 02/04/2026 10:11:54 AM,Bought,900001003,Partnership / LLC / LLP - x1003,7 of PLTR @ $14.123 (Order # 9095),--,$0,-$98.861
 02/04/2026 09:53:31 AM,Bought,900001003,Partnership / LLC / LLP - x1003,20 of PSIX @ $7.401 (Order # 4877),--,$0,-$148.02
 02/04/2026 09:53:26 AM,Bought,900001003,Partnership / LLC / LLP - x1003,20 of CRDO @ $10.129 (Order # 9238),--,$0,-$202.571
 02/04/2026 09:32:03 AM,Sold,900001003,Partnership / LLC / LLP - x1003,10 of BRK.B @ $49.799 (Order # 3806),--,$0,$497.99
 02/04/2026 03:00:00 AM,Dividend,900001003,Partnership / LLC / LLP - x1003,0 of VGSH @ $0,--,$0,$0.927
 02/04/2026 03:00:00 AM,Sweep,900001003,Partnership / LLC / LLP - x1003,BANK DEPOSIT PROGRAM,--,$0,-$114.432
 02/04/2026 03:00:00 AM,Online Transfer,900001003,Partnership / LLC / LLP - x1003,ACH WITHDRAWL REFID:11867648395;,--,$0,-$123.456
 02/03/2026 09:48:55 AM,Sold,900001003,Partnership / LLC / LLP - x1003,15 of PSIX @ $7.567 (Order # 9025),--,$0,$113.505
 02/03/2026 03:00:00 AM,Sweep,900001003,Partnership / LLC / LLP - x1003,BANK DEPOSIT PROGRAM,--,$0,$250.812
 02/02/2026 09:44:18 AM,Sold,900001003,Partnership / LLC / LLP - x1003,25 of SLV @ $7.369 (Order # 8028),--,$0,$184.225
 02/02/2026 09:41:41 AM,Bought,900001003,Partnership / LLC / LLP - x1003,100 of ETH @ $2.239 (Order # 9298),--,$0,-$223.899
 02/02/2026 09:41:16 AM,Bought,900001003,Partnership / LLC / LLP - x1003,35 of VGSH @ $5.867 (Order # 8535),--,$0,-$205.345
 02/02/2026 09:40:13 AM,Bought,900001003,Partnership / LLC / LLP - x1003,25 of IBIT @ $4.459 (Order # 3948),--,$0,-$111.463
 02/02/2026 09:25:22 AM,Sold,900001003,Partnership / LLC / LLP - x1003,10 of GDMN @ $10.567 (Order # 3451),--,$0,$105.67
 02/02/2026 03:00:00 AM,Sweep,900001003,Partnership / LLC / LLP - x1003,BANK DEPOSIT PROGRAM,--,$0,-$417.023
 01/30/2026 12:40:34 PM,Sold,900001003,Partnership / LLC / LLP - x1003,15 of AGX @ $35.732 (Order # 6535),--,$0,$535.973
 01/30/2026 09:38:27 AM,Bought,900001003,Partnership / LLC / LLP - x1003,10 of GDMN @ $12.245 (Order # 2661),--,$0,-$122.45
 01/30/2026 03:00:00 AM,Qualified Dividend,900001003,Partnership / LLC / LLP - x1003,ARGAN INC REC 01/30/26 PAY 01/30/26 RATE 0.00000000 QTY 0.00000000,--,$0,$3.5
 01/30/2026 03:00:00 AM,Interest Income,900001003,Partnership / LLC / LLP - x1003,MORGAN STANLEY PRIVATE BANK NA (Period 01/01-01/31),--,$0,$0.003
 01/30/2026 03:00:00 AM,Sweep,900001003,Partnership / LLC / LLP - x1003,BANK DEPOSIT PROGRAM,--,$0,-$0.003
 01/30/2026 03:00:00 AM,Sweep,900001003,Partnership / LLC / LLP - x1003,BANK DEPOSIT PROGRAM,--,$0,-$89.862
 01/29/2026 09:54:16 AM,Bought,900001003,Partnership / LLC / LLP - x1003,50 of VGSH @ $5.881 (Order # 5921),--,$0,-$294.049
 01/29/2026 09:49:30 AM,Sold,900001003,Partnership / LLC / LLP - x1003,25 of PSIX @ $7.701 (Order # 1048),--,$0,$192.513
 01/29/2026 09:30:01 AM,Bought,900001003,Partnership / LLC / LLP - x1003,7 of PLTR @ $15.736 (Order # 6052),--,$0,-$110.152
 01/29/2026 09:30:00 AM,Sold,900001003,Partnership / LLC / LLP - x1003,25 of SPMO @ $12.062 (Order # 8230),--,$0,$301.55
 01/29/2026 03:00:00 AM,Sweep,900001003,Partnership / LLC / LLP - x1003,BANK DEPOSIT PROGRAM,--,$0,-$187.1
 01/28/2026 10:16:30 AM,Sold,900001003,Partnership / LLC / LLP - x1003,25 of PSIX @ $7.46 (Order # 3557),--,$0,$186.5
 01/28/2026 10:15:24 AM,Bought,900001003,Partnership / LLC / LLP - x1003,75 of TMUSL @ $2.502 (Order # 7089),--,$0,-$187.65
 01/28/2026 09:58:25 AM,Sold,900001003,Partnership / LLC / LLP - x1003,25 of PSIX @ $7.53 (Order # 9945),--,$0,$188.25
 01/28/2026 03:00:00 AM,Sweep,900001003,Partnership / LLC / LLP - x1003,BANK DEPOSIT PROGRAM,--,$0,"$1,250"
 01/27/2026 03:00:00 AM,Sweep,900001003,Partnership / LLC / LLP - x1003,BANK DEPOSIT PROGRAM,--,$0,"-$1,249.406"
 01/27/2026 03:00:00 AM,Online Transfer,900001003,Partnership / LLC / LLP - x1003,ACH WITHDRAWL REFID:11029566395;,--,$0,"-$1,250"
 01/26/2026 10:02:18 AM,Bought,900001003,Partnership / LLC / LLP - x1003,5 of AMZN @ $23.879 (Order # 7828),--,$0,-$119.395
 01/26/2026 09:55:13 AM,Sold,900001003,Partnership / LLC / LLP - x1003,20 of AGX @ $36.121 (Order # 1221),--,$0,$722.42
 01/26/2026 09:47:14 AM,Bought,900001003,Partnership / LLC / LLP - x1003,107 of TMUSL @ $2.514 (Order # 5812),--,$0,-$268.998
 01/26/2026 09:47:14 AM,Bought,900001003,Partnership / LLC / LLP - x1003,43 of TMUSL @ $2.515 (Order # 5812),--,$0,-$108.145
 01/26/2026 09:43:18 AM,Sold,900001003,Partnership / LLC / LLP - x1003,5 of PPLT @ $25.507 (Order # 4491),--,$0,$127.535
 01/26/2026 09:42:22 AM,Sold,900001003,Partnership / LLC / LLP - x1003,40 of SLV @ $9.953 (Order # 5401),--,$0,$398.119
 01/26/2026 09:42:05 AM,Sold,900001003,Partnership / LLC / LLP - x1003,50 of SLV @ $9.957 (Order # 8016),--,$0,$497.87
 01/23/2026 03:00:00 AM,Sweep,900001003,Partnership / LLC / LLP - x1003,BANK DEPOSIT PROGRAM,--,$0,-$14.79
 01/22/2026 09:53:59 AM,Bought,900001003,Partnership / LLC / LLP - x1003,100 of TMUSL @ $2.506 (Order # 2451),--,$0,-$250.55
 01/22/2026 09:52:21 AM,Bought,900001003,Partnership / LLC / LLP - x1003,10 of CLS @ $28.27 (Order # 4926),--,$0,-$282.7
 01/22/2026 09:37:01 AM,Sold,900001003,Partnership / LLC / LLP - x1003,15 of PLTR @ $16.552 (Order # 5366),--,$0,$248.285
 01/22/2026 09:30:00 AM,Sold,900001003,Partnership / LLC / LLP - x1003,5 of POWL @ $43.073 (Order # 5785),--,$0,$215.365
 01/22/2026 09:30:00 AM,Sold,900001003,Partnership / LLC / LLP - x1003,5 of PLTR @ $16.878 (Order # 9273),--,$0,$84.39
 01/22/2026 03:00:00 AM,Sweep,900001003,Partnership / LLC / LLP - x1003,BANK DEPOSIT PROGRAM,--,$0,$223.92
 01/21/2026 11:23:02 AM,Bought,900001003,Partnership / LLC / LLP - x1003,80 of ETH @ $2.799 (Order # 2145),--,$0,-$223.92
 01/21/2026 03:00:00 AM,Sweep,900001003,Partnership / LLC / LLP - x1003,BANK DEPOSIT PROGRAM,--,$0,-$214.995
 01/20/2026 10:50:32 AM,Sold,900001003,Partnership / LLC / LLP - x1003,5 of POWL @ $42.999 (Order # 3798),--,$0,$214.995
 01/20/2026 03:00:00 AM,Sweep,900001003,Partnership / LLC / LLP - x1003,BANK DEPOSIT PROGRAM,--,$0,$225.585
 01/16/2026 09:30:01 AM,Bought,900001003,Partnership / LLC / LLP - x1003,15 of CRDO @ $15.039 (Order # 6640),--,$0,-$225.585
 01/16/2026 03:00:00 AM,Sweep,900001003,Partnership / LLC / LLP - x1003,BANK DEPOSIT PROGRAM,--,$0,$771.307
 01/15/2026 09:48:07 AM,Bought,900001003,Partnership / LLC / LLP - x1003,25 of SLV @ $8.137 (Order # 3179),--,$0,-$203.417
 01/15/2026 03:00:00 AM,Sweep,900001003,Partnership / LLC / LLP - x1003,BANK DEPOSIT PROGRAM,--,$0,$243.648
 01/15/2026 03:00:00 AM,Online Transfer,900001003,Partnership / LLC / LLP - x1003,ACH WITHDRAWL REFID:10061174395;,--,$0,-$567.89
 01/14/2026 10:38:35 AM,Bought,900001003,Partnership / LLC / LLP - x1003,16 of CRDO @ $15.228 (Order # 4889),--,$0,-$243.648
 01/14/2026 03:00:00 AM,Sweep,900001003,Partnership / LLC / LLP - x1003,BANK DEPOSIT PROGRAM,--,$0,"-$1,160.73"
 01/13/2026 04:00:01 PM,Sold,900001003,Partnership / LLC / LLP - x1003,55 of IBIT @ $5.357 (Order # 3174),--,$0,$294.634
 01/13/2026 02:55:44 PM,Sold,900001003,Partnership / LLC / LLP - x1003,10 of POWL @ $39.301 (Order # 1166),--,$0,$393.011
 01/13/2026 02:51:16 PM,Sold,900001003,Partnership / LLC / LLP - x1003,15 of AGX @ $31.539 (Order # 7574),--,$0,$473.085
 01/13/2026 03:00:00 AM,Sweep,900001003,Partnership / LLC / LLP - x1003,BANK DEPOSIT PROGRAM,--,$0,-$83.815
 01/12/2026 03:59:42 PM,Sold,900001003,Partnership / LLC / LLP - x1003,5 of EAT @ $16.763 (Order # 7912),--,$0,$83.815
 01/07/2026 03:00:00 AM,Dividend,900001003,Partnership / LLC / LLP - x1003,0 of SHLD @ $0,--,$0,$0.453
 01/07/2026 03:00:00 AM,Dividend,900001003,Partnership / LLC / LLP - x1003,0 of SHLD @ $0,--,$0,$7.854
 01/07/2026 03:00:00 AM,Sweep,900001003,Partnership / LLC / LLP - x1003,BANK DEPOSIT PROGRAM,--,$0,-$21.688
 01/06/2026 09:57:57 AM,Bought,900001003,Partnership / LLC / LLP - x1003,5 of CLS @ $27.958 (Order # 4652),--,$0,-$139.79
 01/06/2026 09:57:06 AM,Bought,900001003,Partnership / LLC / LLP - x1003,8 of CRDO @ $13.419 (Order # 2052),--,$0,-$107.348
 01/06/2026 09:56:03 AM,Sold,900001003,Partnership / LLC / LLP - x1003,30 of SYF @ $8.684 (Order # 4648),--,$0,$260.519
 01/06/2026 03:00:00 AM,Sweep,900001003,Partnership / LLC / LLP - x1003,BANK DEPOSIT PROGRAM,--,$0,$514.4
 01/05/2026 09:30:00 AM,Bought,900001003,Partnership / LLC / LLP - x1003,5 of PLTR @ $17.48 (Order # 4672),--,$0,-$87.4
 01/05/2026 03:00:00 AM,Sweep,900001003,Partnership / LLC / LLP - x1003,BANK DEPOSIT PROGRAM,--,$0,$851.428
 01/05/2026 03:00:00 AM,Online Transfer,900001003,Partnership / LLC / LLP - x1003,ACH WITHDRAWL REFID:9025247395;,--,$0,-$427
 01/02/2026 12:37:22 PM,Sold,900001003,Partnership / LLC / LLP - x1003,20 of SYF @ $8.411 (Order # 7511),--,$0,$168.217
 01/02/2026 12:35:37 PM,Sold,900001003,Partnership / LLC / LLP - x1003,20 of IBIT @ $5.14 (Order # 8705),--,$0,$102.79
 01/02/2026 12:32:41 PM,Sold,900001003,Partnership / LLC / LLP - x1003,23 of PSIX @ $6.057 (Order # 1823),--,$0,$139.304
 01/02/2026 12:28:00 PM,Bought,900001003,Partnership / LLC / LLP - x1003,25 of PLTR @ $17.027 (Order # 4474),--,$0,-$425.675
 01/02/2026 12:25:52 PM,Bought,900001003,Partnership / LLC / LLP - x1003,15 of AMZN @ $22.684 (Order # 6069),--,$0,-$340.253
 01/02/2026 12:25:03 PM,Bought,900001003,Partnership / LLC / LLP - x1003,10 of BRK.B @ $49.581 (Order # 4092),--,$0,-$495.811
 01/02/2026 03:00:00 AM,Sweep,900001003,Partnership / LLC / LLP - x1003,BANK DEPOSIT PROGRAM,--,$0,$1.185
 12/31/2025 03:00:00 AM,Interest Income,900001003,Partnership / LLC / LLP - x1003,MORGAN STANLEY PRIVATE BANK NA (Period 12/01-12/31),--,$0,$0.004
 12/31/2025 03:00:00 AM,Sweep,900001003,Partnership / LLC / LLP - x1003,BANK DEPOSIT PROGRAM,--,$0,-$0.004
 12/31/2025 03:00:00 AM,Sweep,900001003,Partnership / LLC / LLP - x1003,BANK DEPOSIT PROGRAM,--,$0,-$1.185
 12/30/2025 03:00:00 AM,Dividend,900001003,Partnership / LLC / LLP - x1003,0 of GDMN @ $0,--,$0,$1.185
 12/30/2025 03:00:00 AM,Sweep,900001003,Partnership / LLC / LLP - x1003,BANK DEPOSIT PROGRAM,--,$0,-$1.185
 12/26/2025 03:00:00 AM,Dividend,900001003,Partnership / LLC / LLP - x1003,0 of SPMO @ $0,--,$0,$0.727
 12/26/2025 03:00:00 AM,Sweep,900001003,Partnership / LLC / LLP - x1003,BANK DEPOSIT PROGRAM,--,$0,-$0.727
 12/23/2025 03:00:00 AM,Sweep,900001003,Partnership / LLC / LLP - x1003,BANK DEPOSIT PROGRAM,--,$0,"-$1,361.955"
 12/22/2025 10:57:50 AM,Sold,900001003,Partnership / LLC / LLP - x1003,10 of GOOG @ $30.869 (Order # 3871),--,$0,$308.691
 12/22/2025 10:56:34 AM,Sold,900001003,Partnership / LLC / LLP - x1003,105 of SPRX @ $4.029 (Order # 8445),--,$0,$423.043
 12/22/2025 10:52:58 AM,Sold,900001003,Partnership / LLC / LLP - x1003,75 of ETH @ $2.877 (Order # 5239),--,$0,$215.737
 12/22/2025 10:52:20 AM,Sold,900001003,Partnership / LLC / LLP - x1003,7 of ETH @ $2.879 (Order # 5614),--,$0,$20.15
 12/22/2025 10:51:32 AM,Sold,900001003,Partnership / LLC / LLP - x1003,40 of ETH @ $2.874 (Order # 2470),--,$0,$114.959
 12/22/2025 10:48:37 AM,Sold,900001003,Partnership / LLC / LLP - x1003,75 of PARR @ $3.725 (Order # 3486),--,$0,$279.375
 12/17/2025 03:00:00 AM,Qualified Dividend,900001003,Partnership / LLC / LLP - x1003,POWELL IND INC REC 12/17/25 PAY 12/17/25 RATE 0.00000000 QTY 0.00000000,--,$0,$0.535
 12/17/2025 03:00:00 AM,Sweep,900001003,Partnership / LLC / LLP - x1003,BANK DEPOSIT PROGRAM,--,$0,-$0.535
 12/15/2025 03:00:00 AM,Qualified Dividend,900001003,Partnership / LLC / LLP - x1003,ALPHABET INC CL C REC 12/15/25 PAY 12/15/25 RATE 0.00000000 QTY 0.00000000,--,$0,$0.21
 12/15/2025 03:00:00 AM,Sweep,900001003,Partnership / LLC / LLP - x1003,BANK DEPOSIT PROGRAM,--,$0,-$0.21
 12/02/2025 03:00:00 AM,Sweep,900001003,Partnership / LLC / LLP - x1003,BANK DEPOSIT PROGRAM,--,$0,$295.666
 12/01/2025 01:55:42 PM,Bought,900001003,Partnership / LLC / LLP - x1003,7 of ETH @ $2.594 (Order # 2101),--,$0,-$18.158
 12/01/2025 01:26:12 PM,Bought,900001003,Partnership / LLC / LLP - x1003,25 of IBIT @ $4.829 (Order # 6999),--,$0,-$120.719
 12/01/2025 03:00:00 AM,Sweep,900001003,Partnership / LLC / LLP - x1003,BANK DEPOSIT PROGRAM,--,$0,$319.275
 12/01/2025 03:00:00 AM,Online Transfer,900001003,Partnership / LLC / LLP - x1003,ACH WITHDRAWL REFID:5826055395;,--,$0,-$156.789
 11/28/2025 03:35:27 PM,Bought,900001003,Partnership / LLC / LLP - x1003,10 of GOOG @ $31.928 (Order # 6108),--,$0,-$319.275
 11/28/2025 03:00:00 AM,Sweep,900001003,Partnership / LLC / LLP - x1003,BANK DEPOSIT PROGRAM,--,$0,-$592.244
 11/26/2025 04:02:14 PM,Sold,900001003,Partnership / LLC / LLP - x1003,30 of IAUM @ $4.155 (Order # 4729),--,$0,$124.659
 11/26/2025 04:02:02 PM,Sold,900001003,Partnership / LLC / LLP - x1003,54 of IBIT @ $5.107 (Order # 7743),--,$0,$275.777
 11/26/2025 04:00:53 PM,Sold,900001003,Partnership / LLC / LLP - x1003,5 of AGX @ $38.362 (Order # 9672),--,$0,$191.808
 11/25/2025 03:00:00 AM,Sweep,900001003,Partnership / LLC / LLP - x1003,BANK DEPOSIT PROGRAM,--,$0,$5.579
 11/24/2025 01:06:46 PM,Bought,900001003,Partnership / LLC / LLP - x1003,40 of ETH @ $2.669 (Order # 5809),--,$0,-$106.756
 11/24/2025 01:06:16 PM,Bought,900001003,Partnership / LLC / LLP - x1003,15 of PLTR @ $16.082 (Order # 2378),--,$0,-$241.223
 11/24/2025 01:04:34 PM,Bought,900001003,Partnership / LLC / LLP - x1003,50 of SLV @ $4.569 (Order # 7156),--,$0,-$228.438
 11/24/2025 01:03:29 PM,Bought,900001003,Partnership / LLC / LLP - x1003,75 of PARR @ $4.376 (Order # 7801),--,$0,-$328.166
 11/24/2025 01:02:58 PM,Bought,900001003,Partnership / LLC / LLP - x1003,25 of SPMO @ $11.587 (Order # 5494),--,$0,-$289.675
 11/24/2025 01:00:45 PM,Sold,900001003,Partnership / LLC / LLP - x1003,100 of STCE @ $6.572 (Order # 8520),--,$0,$657.199
 11/24/2025 12:48:17 PM,Sold,900001003,Partnership / LLC / LLP - x1003,15 of AGX @ $35.432 (Order # 4694),--,$0,$531.48
 11/17/2025 03:00:00 AM,Qualified Dividend,900001003,Partnership / LLC / LLP - x1003,SYNCHRONY FINANCIAL REC 11/17/25 PAY 11/17/25 RATE 0.00000000 QTY 0.00000000,--,$0,$7.5
 11/17/2025 03:00:00 AM,Sweep,900001003,Partnership / LLC / LLP - x1003,BANK DEPOSIT PROGRAM,--,$0,-$7.5
 11/12/2025 03:00:00 AM,Sweep,900001003,Partnership / LLC / LLP - x1003,BANK DEPOSIT PROGRAM,--,$0,-$14.709
 11/11/2025 01:02:57 PM,Bought,900001003,Partnership / LLC / LLP - x1003,30 of IAUM @ $4.11 (Order # 7424),--,$0,-$123.3
 11/11/2025 01:01:39 PM,Bought,900001003,Partnership / LLC / LLP - x1003,50 of SPRX @ $4.117 (Order # 8353),--,$0,-$205.869
 11/11/2025 01:00:46 PM,Bought,900001003,Partnership / LLC / LLP - x1003,25 of GDMN @ $8.127 (Order # 4495),--,$0,-$203.163
 11/11/2025 01:00:22 PM,Bought,900001003,Partnership / LLC / LLP - x1003,7 of PPLT @ $14.421 (Order # 4669),--,$0,-$100.944
 11/11/2025 12:58:35 PM,Sold,900001003,Partnership / LLC / LLP - x1003,50 of EAT @ $10.509 (Order # 4805),--,$0,$525.449
 11/11/2025 12:49:42 PM,Bought,900001003,Partnership / LLC / LLP - x1003,27 of GDMN @ $8.14 (Order # 8734),--,$0,-$219.784
 11/11/2025 12:49:09 PM,Bought,900001003,Partnership / LLC / LLP - x1003,40 of SLV @ $4.611 (Order # 3856),--,$0,-$184.42
 11/11/2025 12:48:36 PM,Sold,900001003,Partnership / LLC / LLP - x1003,350 of CDE @ $1.503 (Order # 2564),--,$0,$526.048
 11/10/2025 04:38:58 PM,Bought,900001003,Partnership / LLC / LLP - x1003,10 of BRK.B @ $49.932 (Order # 2373),--,$0,-$499.315
 11/10/2025 01:10:07 PM,Sold,900001003,Partnership / LLC / LLP - x1003,15 of AGX @ $33.334 (Order # 5959),--,$0,$500.007
 11/06/2025 03:00:00 AM,Sweep,900001003,Partnership / LLC / LLP - x1003,BANK DEPOSIT PROGRAM,--,$0,$5.313
 11/05/2025 12:43:10 PM,Bought,900001003,Partnership / LLC / LLP - x1003,55 of SPRX @ $4.137 (Order # 7879),--,$0,-$227.535
 11/05/2025 03:00:00 AM,Online Transfer,900001003,Partnership / LLC / LLP - x1003,ACH DEPOSIT REFID:3597467395;,--,$0,$222.222
 11/03/2025 03:00:00 AM,Sweep,900001003,Partnership / LLC / LLP - x1003,BANK DEPOSIT PROGRAM,--,$0,-$6
 10/31/2025 03:00:00 AM,Qualified Dividend,900001003,Partnership / LLC / LLP - x1003,ARGAN INC REC 10/31/25 PAY 10/31/25 RATE 0.00000000 QTY 0.00000000,--,$0,$6
 10/31/2025 03:00:00 AM,Interest Income,900001003,Partnership / LLC / LLP - x1003,MORGAN STANLEY PRIVATE BANK NA (Period 10/01-10/31),--,$0,$0.001
 10/31/2025 03:00:00 AM,Sweep,900001003,Partnership / LLC / LLP - x1003,BANK DEPOSIT PROGRAM,--,$0,-$0.001
 10/29/2025 03:00:00 AM,Sweep,900001003,Partnership / LLC / LLP - x1003,BANK DEPOSIT PROGRAM,--,$0,$599.999
 10/28/2025 03:00:00 AM,Sweep,900001003,Partnership / LLC / LLP - x1003,BANK DEPOSIT PROGRAM,--,$0,-$602.415
 10/28/2025 03:00:00 AM,Online Transfer,900001003,Partnership / LLC / LLP - x1003,ACH WITHDRAWL REFID:2789425395;,--,$0,-$599.999
 10/27/2025 03:19:25 PM,Bought,900001003,Partnership / LLC / LLP - x1003,55 of IAUM @ $3.984 (Order # 4963),--,$0,-$219.12
 10/27/2025 03:04:06 PM,Sold,900001003,Partnership / LLC / LLP - x1003,25 of ETH @ $3.939 (Order # 5301),--,$0,$98.475
 10/27/2025 03:02:21 PM,Sold,900001003,Partnership / LLC / LLP - x1003,10 of ETH @ $3.937 (Order # 1199),--,$0,$39.365
 10/27/2025 03:01:39 PM,Sold,900001003,Partnership / LLC / LLP - x1003,15 of TSLA @ $45.58 (Order # 6627),--,$0,$683.695
 10/24/2025 03:00:00 AM,Sweep,900001003,Partnership / LLC / LLP - x1003,BANK DEPOSIT PROGRAM,--,$0,$202.256
 10/23/2025 12:58:01 PM,Bought,900001003,Partnership / LLC / LLP - x1003,40 of SLV @ $4.47 (Order # 9413),--,$0,-$178.8
 10/23/2025 03:00:00 AM,Online Transfer,900001003,Partnership / LLC / LLP - x1003,TRANSFER TO XXXXX7782 REFID:2449371395,--,$0,-$23.456
 10/21/2025 03:00:00 AM,Sweep,900001003,Partnership / LLC / LLP - x1003,BANK DEPOSIT PROGRAM,--,$0,-$201.529
 10/20/2025 12:58:31 PM,Sold,900001003,Partnership / LLC / LLP - x1003,27 of SIL @ $7.464 (Order # 5006),--,$0,$201.529
 10/20/2025 03:00:00 AM,Sweep,900001003,Partnership / LLC / LLP - x1003,BANK DEPOSIT PROGRAM,--,$0,$5.51
 10/17/2025 07:00:00 PM,Bought,900001003,Partnership / LLC / LLP - x1003,45 of SLV @ $4.699 (Order # 3176),--,$0,-$211.455
 10/17/2025 04:07:36 PM,Bought,900001003,Partnership / LLC / LLP - x1003,100 of CDE @ $2.081 (Order # 7338),--,$0,-$208.1
 10/17/2025 04:07:00 PM,Sold,900001003,Partnership / LLC / LLP - x1003,30 of SYF @ $7.176 (Order # 5591),--,$0,$215.28
 10/17/2025 03:00:00 AM,Online Transfer,900001003,Partnership / LLC / LLP - x1003,ACH DEPOSIT REFID:1944116395;,--,$0,$198.765
 10/10/2025 03:00:00 AM,Sweep,900001003,Partnership / LLC / LLP - x1003,BANK DEPOSIT PROGRAM,--,$0,$3.525
 10/09/2025 01:50:52 PM,Bought,900001003,Partnership / LLC / LLP - x1003,22 of SIL @ $7.287 (Order # 4589),--,$0,-$160.314
 10/09/2025 03:00:00 AM,Online Transfer,900001003,Partnership / LLC / LLP - x1003,ACH DEPOSIT REFID:1167162395;,--,$0,$156.789
 10/01/2025 03:00:00 AM,Sweep,900001003,Partnership / LLC / LLP - x1003,BANK DEPOSIT PROGRAM,--,$0,$527.232
 09/30/2025 12:46:50 PM,Bought,900001003,Partnership / LLC / LLP - x1003,2 of PPLT @ $14.233 (Order # 1495),--,$0,-$28.467
 09/30/2025 03:00:00 AM,Interest Income,900001003,Partnership / LLC / LLP - x1003,MORGAN STANLEY PRIVATE BANK NA (Period 09/22-09/30),--,$0,$0.001
 09/30/2025 03:00:00 AM,Sweep,900001003,Partnership / LLC / LLP - x1003,BANK DEPOSIT PROGRAM,--,$0,-$0.001
 09/30/2025 03:00:00 AM,Sweep,900001003,Partnership / LLC / LLP - x1003,BANK DEPOSIT PROGRAM,--,$0,-$483.363
 09/30/2025 03:00:00 AM,Online Transfer,900001003,Partnership / LLC / LLP - x1003,ACH WITHDRAWL REFID:204818395;,--,$0,-$498.765
 09/29/2025 12:37:52 PM,Sold,900001003,Partnership / LLC / LLP - x1003,25 of SYF @ $7.459 (Order # 5609),--,$0,$186.463
 09/29/2025 12:37:18 PM,Sold,900001003,Partnership / LLC / LLP - x1003,10 of POWL @ $29.69 (Order # 3114),--,$0,$296.9
 09/29/2025 03:00:00 AM,Sweep,900001003,Partnership / LLC / LLP - x1003,BANK DEPOSIT PROGRAM,--,$0,$800
 09/26/2025 03:00:00 AM,Sweep,900001003,Partnership / LLC / LLP - x1003,BANK DEPOSIT PROGRAM,--,$0,-$850.695
 09/26/2025 03:00:00 AM,Online Transfer,900001003,Partnership / LLC / LLP - x1003,ACH WITHDRAWL REFID:149644454906;,--,$0,-$800
 09/25/2025 04:13:24 PM,Sold,900001003,Partnership / LLC / LLP - x1003,60 of SIL @ $6.759 (Order # 5858),--,$0,$405.539
 09/25/2025 03:50:21 PM,Sold,900001003,Partnership / LLC / LLP - x1003,95 of CDE @ $1.787 (Order # 9541),--,$0,$169.764
 09/25/2025 03:49:22 PM,Sold,900001003,Partnership / LLC / LLP - x1003,20 of PPLT @ $13.77 (Order # 6211),--,$0,$275.392
 09/23/2025 03:00:00 AM,Sweep,900001003,Partnership / LLC / LLP - x1003,BANK DEPOSIT PROGRAM,--,$0,-$0.342
 09/22/2025 12:41:03 PM,Bought,900001003,Partnership / LLC / LLP - x1003,250 of CDE @ $1.742 (Order # 5243),--,$0,-$435.498
 09/22/2025 12:40:14 PM,Bought,900001003,Partnership / LLC / LLP - x1003,65 of SIL @ $6.732 (Order # 5905),--,$0,-$437.592
 09/22/2025 12:39:44 PM,Bought,900001003,Partnership / LLC / LLP - x1003,25 of PPLT @ $12.853 (Order # 8802),--,$0,-$321.322
 09/22/2025 12:37:25 PM,Bought,900001003,Partnership / LLC / LLP - x1003,50 of STCE @ $7.548 (Order # 4260),--,$0,-$377.415
 09/22/2025 12:36:49 PM,Bought,900001003,Partnership / LLC / LLP - x1003,30 of EAT @ $13.85 (Order # 9256),--,$0,-$415.485
 09/22/2025 03:00:00 AM,Sweep,900001003,Partnership / LLC / LLP - x1003,BANK DEPOSIT PROGRAM,--,$0,-$6.838
 09/22/2025 03:00:00 AM,Online Transfer,900001003,Partnership / LLC / LLP - x1003,ACH DEPOSIT REFID:149190277906;,--,$0,"$1,987.654"
 09/19/2025 12:30:01 PM,Bought,900001003,Partnership / LLC / LLP - x1003,95 of CDE @ $1.627 (Order # 9797),--,$0,-$154.565
 09/19/2025 12:30:01 PM,Bought,900001003,Partnership / LLC / LLP - x1003,25 of EAT @ $13.938 (Order # 7241),--,$0,-$348.45
 09/19/2025 12:30:00 PM,Bought,900001003,Partnership / LLC / LLP - x1003,50 of STCE @ $7.637 (Order # 8004),--,$0,-$381.85
 09/19/2025 03:00:00 AM,Interest Income,900001003,Partnership / LLC / LLP - x1003,MORGAN STANLEY PRIVATE BANK NA (Period 09/01-09/18),--,$0,$0.002
 09/19/2025 03:00:00 AM,Sweep,900001003,Partnership / LLC / LLP - x1003,BANK DEPOSIT PROGRAM,--,$0,$18.761
 09/19/2025 03:00:00 AM,Online Transfer,900001003,Partnership / LLC / LLP - x1003,ACH DEPOSIT REFID:148972063906;,--,$0,"$1,500"
 09/18/2025 09:57:48 PM,Bought,900001003,Partnership / LLC / LLP - x1003,15 of TSLA @ $41.804 (Order # 1346),--,$0,-$627.06
 09/17/2025 03:00:00 AM,Qualified Dividend,900001003,Partnership / LLC / LLP - x1003,POWELL IND INC REC 09/17/25 PAY 09/17/25 RATE 0.00000000 QTY 0.00000000,--,$0,$3.371
 09/17/2025 03:00:00 AM,Sweep,900001003,Partnership / LLC / LLP - x1003,BANK DEPOSIT PROGRAM,--,$0,-$3.371
 09/16/2025 03:00:00 AM,Sweep,900001003,Partnership / LLC / LLP - x1003,BANK DEPOSIT PROGRAM,--,$0,"$2,378.901"
 09/15/2025 03:00:00 AM,Sweep,900001003,Partnership / LLC / LLP - x1003,BANK DEPOSIT PROGRAM,--,$0,"-$2,359.769"
 09/15/2025 03:00:00 AM,Online Transfer,900001003,Partnership / LLC / LLP - x1003,ACH WITHDRAWL REFID:148523550906;,--,$0,"-$2,378.901"
 09/12/2025 06:31:43 PM,Sold,900001003,Partnership / LLC / LLP - x1003,31 of POWL @ $29.125 (Order # 6092),--,$0,$902.87
 09/12/2025 06:27:40 PM,Sold,900001003,Partnership / LLC / LLP - x1003,50 of POWL @ $29.138 (Order # 8907),--,$0,"$1,456.899"
 09/12/2025 03:00:00 AM,Sweep,900001003,Partnership / LLC / LLP - x1003,BANK DEPOSIT PROGRAM,--,$0,$400
 09/11/2025 03:00:00 AM,Sweep,900001003,Partnership / LLC / LLP - x1003,BANK DEPOSIT PROGRAM,--,$0,-$200.494
 09/11/2025 03:00:00 AM,Online Transfer,900001003,Partnership / LLC / LLP - x1003,ACH WITHDRAWL REFID:148250435906;,--,$0,-$400
 09/10/2025 03:21:39 PM,Sold,900001003,Partnership / LLC / LLP - x1003,7 of POWL @ $28.642 (Order # 8155),--,$0,$200.494
 09/10/2025 03:00:00 AM,Sweep,900001003,Partnership / LLC / LLP - x1003,BANK DEPOSIT PROGRAM,--,$0,$311.248
 09/09/2025 06:00:48 PM,Sold,900001003,Partnership / LLC / LLP - x1003,25 of PSIX @ $9.278 (Order # 7589),--,$0,$231.962
 09/09/2025 03:00:00 AM,Sweep,900001003,Partnership / LLC / LLP - x1003,BANK DEPOSIT PROGRAM,--,$0,"$1,600"
 09/09/2025 03:00:00 AM,Online Transfer,900001003,Partnership / LLC / LLP - x1003,ACH WITHDRAWL REFID:148057929906;,--,$0,-$543.21
 09/08/2025 03:00:00 AM,Sweep,900001003,Partnership / LLC / LLP - x1003,BANK DEPOSIT PROGRAM,--,$0,"-$2,133.298"
 09/08/2025 03:00:00 AM,Online Transfer,900001003,Partnership / LLC / LLP - x1003,ACH WITHDRAWL REFID:147864903906;,--,$0,"-$1,600"
 09/05/2025 02:14:17 PM,Sold,900001003,Partnership / LLC / LLP - x1003,25 of CRDO @ $13.755 (Order # 7409),--,$0,$343.87
 09/05/2025 02:13:42 PM,Sold,900001003,Partnership / LLC / LLP - x1003,15 of TSM @ $23.983 (Order # 7314),--,$0,$359.74
 09/05/2025 02:11:13 PM,Sold,900001003,Partnership / LLC / LLP - x1003,25 of QQQ @ $57.188 (Order # 7579),--,$0,"$1,429.688"
 09/05/2025 03:00:00 AM,Sweep,900001003,Partnership / LLC / LLP - x1003,BANK DEPOSIT PROGRAM,--,$0,$929.863
 09/04/2025 01:54:29 PM,Bought,900001003,Partnership / LLC / LLP - x1003,10 of ETH @ $4.097 (Order # 2223),--,$0,-$40.975
 09/04/2025 03:00:00 AM,Sweep,900001003,Partnership / LLC / LLP - x1003,BANK DEPOSIT PROGRAM,--,$0,-$472.717
 09/04/2025 03:00:00 AM,Online Transfer,900001003,Partnership / LLC / LLP - x1003,ACH WITHDRAWL REFID:147608556906;,--,$0,-$888.888
 09/03/2025 02:26:59 PM,Bought,900001003,Partnership / LLC / LLP - x1003,30 of SYF @ $7.504 (Order # 2007),--,$0,-$225.132
 09/03/2025 01:44:35 PM,Sold,900001003,Partnership / LLC / LLP - x1003,40 of PSIX @ $8.555 (Order # 2410),--,$0,$342.199
 09/03/2025 01:30:57 PM,Sold,900001003,Partnership / LLC / LLP - x1003,30 of MU @ $11.855 (Order # 5418),--,$0,$355.65
 09/03/2025 03:00:00 AM,Sweep,900001003,Partnership / LLC / LLP - x1003,BANK DEPOSIT PROGRAM,--,$0,$130.565
 09/02/2025 01:26:37 PM,Sold,900001003,Partnership / LLC / LLP - x1003,75 of SHLD @ $6.247 (Order # 8701),--,$0,$468.524
 09/02/2025 03:00:00 AM,Online Transfer,900001003,Partnership / LLC / LLP - x1003,ACH WITHDRAWL REFID:147272008906;,--,$0,-$599.089
 08/29/2025 03:00:00 AM,Interest Income,900001003,Partnership / LLC / LLP - x1003,MORGAN STANLEY PRIVATE BANK NA (Period 08/01-08/31),--,$0,$0.001
 08/29/2025 03:00:00 AM,Sweep,900001003,Partnership / LLC / LLP - x1003,BANK DEPOSIT PROGRAM,--,$0,-$0.001
 08/29/2025 03:00:00 AM,Sweep,900001003,Partnership / LLC / LLP - x1003,BANK DEPOSIT PROGRAM,--,$0,-$589.924
 08/28/2025 01:02:38 PM,Sold,900001003,Partnership / LLC / LLP - x1003,25 of PSIX @ $8.377 (Order # 6578),--,$0,$209.425
 08/28/2025 12:50:21 PM,Sold,900001003,Partnership / LLC / LLP - x1003,50 of SYF @ $7.61 (Order # 5526),--,$0,$380.499
 08/28/2025 03:00:00 AM,Sweep,900001003,Partnership / LLC / LLP - x1003,BANK DEPOSIT PROGRAM,--,$0,$268.219
 08/27/2025 06:07:02 PM,Bought,900001003,Partnership / LLC / LLP - x1003,15 of TSM @ $23.881 (Order # 7808),--,$0,-$358.218
 08/27/2025 06:05:55 PM,Bought,900001003,Partnership / LLC / LLP - x1003,30 of MU @ $11.805 (Order # 7451),--,$0,-$354.15
 08/27/2025 12:42:32 PM,Sold,900001003,Partnership / LLC / LLP - x1003,70 of IBIT @ $6.345 (Order # 5717),--,$0,$444.149
 08/27/2025 03:00:00 AM,Sweep,900001003,Partnership / LLC / LLP - x1003,BANK DEPOSIT PROGRAM,--,$0,-$244.5
 08/26/2025 06:02:11 PM,Bought,900001003,Partnership / LLC / LLP - x1003,25 of PSIX @ $8.224 (Order # 2362),--,$0,-$205.592
 08/26/2025 02:26:24 PM,Sold,900001003,Partnership / LLC / LLP - x1003,8 of POWL @ $26.789 (Order # 4923),--,$0,$214.312
 08/26/2025 01:16:31 PM,Sold,900001003,Partnership / LLC / LLP - x1003,20 of CRDO @ $11.789 (Order # 2931),--,$0,$235.78
 08/15/2025 03:00:00 AM,Qualified Dividend,900001003,Partnership / LLC / LLP - x1003,SYNCHRONY FINANCIAL REC 08/15/25 PAY 08/15/25 RATE 0.00000000 QTY 0.00000000,--,$0,$9.75
 08/15/2025 03:00:00 AM,Sweep,900001003,Partnership / LLC / LLP - x1003,BANK DEPOSIT PROGRAM,--,$0,-$9.75
 08/06/2025 03:00:00 AM,Sweep,900001003,Partnership / LLC / LLP - x1003,BANK DEPOSIT PROGRAM,--,$0,$500
 08/05/2025 03:00:00 AM,Sweep,900001003,Partnership / LLC / LLP - x1003,BANK DEPOSIT PROGRAM,--,$0,-$506.484
 08/05/2025 03:00:00 AM,Online Transfer,900001003,Partnership / LLC / LLP - x1003,ACH WITHDRAWL REFID:144890093906;,--,$0,-$500
 08/04/2025 01:53:48 PM,Sold,900001003,Partnership / LLC / LLP - x1003,30 of IBIT @ $6.52 (Order # 4741),--,$0,$195.585
 08/04/2025 01:51:32 PM,Sold,900001003,Partnership / LLC / LLP - x1003,16 of GOOG @ $19.431 (Order # 8731),--,$0,$310.899
 08/04/2025 03:00:00 AM,Sweep,900001003,Partnership / LLC / LLP - x1003,BANK DEPOSIT PROGRAM,--,$0,$37.896
 08/01/2025 07:00:00 PM,Bought,900001003,Partnership / LLC / LLP - x1003,65 of ETH @ $3.298 (Order # 8987),--,$0,-$214.37
 08/01/2025 05:37:25 PM,Bought,900001003,Partnership / LLC / LLP - x1003,13 of CLS @ $19.375 (Order # 9938),--,$0,-$251.875
 08/01/2025 05:34:34 PM,Bought,900001003,Partnership / LLC / LLP - x1003,65 of PSIX @ $8.748 (Order # 9727),--,$0,-$568.62
 08/01/2025 05:32:54 PM,Sold,900001003,Partnership / LLC / LLP - x1003,65 of SFM @ $15.338 (Order # 3457),--,$0,$996.969
 08/01/2025 03:00:00 AM,Sweep,900001003,Partnership / LLC / LLP - x1003,BANK DEPOSIT PROGRAM,--,$0,$316.563
 07/31/2025 01:49:54 PM,Bought,900001003,Partnership / LLC / LLP - x1003,5 of GOOG @ $19.344 (Order # 7522),--,$0,-$96.72
 07/31/2025 01:49:26 PM,Bought,900001003,Partnership / LLC / LLP - x1003,15 of SFM @ $15.055 (Order # 7870),--,$0,-$225.821
 07/31/2025 03:00:00 AM,Dividend,900001003,Partnership / LLC / LLP - x1003,0 of QQQ @ $0,--,$0,$1.478
 07/31/2025 03:00:00 AM,Qualified Dividend,900001003,Partnership / LLC / LLP - x1003,ARGAN INC REC 07/31/25 PAY 07/31/25 RATE 0.00000000 QTY 0.00000000,--,$0,$4.5
 07/31/2025 03:00:00 AM,Interest Income,900001003,Partnership / LLC / LLP - x1003,MORGAN STANLEY PRIVATE BANK NA (Period 07/01-07/31),--,$0,$0.001
 07/31/2025 03:00:00 AM,Sweep,900001003,Partnership / LLC / LLP - x1003,BANK DEPOSIT PROGRAM,--,$0,-$0.001
 07/28/2025 03:00:00 AM,Sweep,900001003,Partnership / LLC / LLP - x1003,BANK DEPOSIT PROGRAM,--,$0,-$368.098
 07/25/2025 12:57:25 PM,Sold,900001003,Partnership / LLC / LLP - x1003,17 of GOOG @ $19.499 (Order # 4393),--,$0,$331.483
 07/25/2025 12:54:58 PM,Sold,900001003,Partnership / LLC / LLP - x1003,150 of OPEN @ $0.244 (Order # 6145),--,$0,$36.615
 07/22/2025 03:00:00 AM,Sweep,900001003,Partnership / LLC / LLP - x1003,BANK DEPOSIT PROGRAM,--,$0,$205.625
 07/21/2025 01:03:53 PM,Bought,900001003,Partnership / LLC / LLP - x1003,150 of OPEN @ $0.321 (Order # 7666),--,$0,-$48.075
 07/21/2025 01:01:44 PM,Bought,900001003,Partnership / LLC / LLP - x1003,10 of CLS @ $15.755 (Order # 8747),--,$0,-$157.55
 07/21/2025 03:00:00 AM,Sweep,900001003,Partnership / LLC / LLP - x1003,BANK DEPOSIT PROGRAM,--,$0,$186.54
 07/18/2025 01:38:52 PM,Bought,900001003,Partnership / LLC / LLP - x1003,20 of CRDO @ $9.327 (Order # 3894),--,$0,-$186.54
 07/18/2025 03:00:00 AM,Sweep,900001003,Partnership / LLC / LLP - x1003,BANK DEPOSIT PROGRAM,--,$0,-$336.439
 07/17/2025 12:45:08 PM,Sold,900001003,Partnership / LLC / LLP - x1003,40 of PSIX @ $8.411 (Order # 3103),--,$0,$336.439
 07/16/2025 03:00:00 AM,Sweep,900001003,Partnership / LLC / LLP - x1003,BANK DEPOSIT PROGRAM,--,$0,$345.328
 07/15/2025 04:44:18 PM,Bought,900001003,Partnership / LLC / LLP - x1003,75 of SHLD @ $6.047 (Order # 7168),--,$0,-$453.525
 07/15/2025 04:40:44 PM,Sold,900001003,Partnership / LLC / LLP - x1003,50 of QQQE @ $9.86 (Order # 6844),--,$0,$493.022
 07/15/2025 12:30:00 PM,Bought,900001003,Partnership / LLC / LLP - x1003,8 of POWL @ $21.3 (Order # 7735),--,$0,-$170.4
 07/15/2025 12:30:00 PM,Bought,900001003,Partnership / LLC / LLP - x1003,75 of ETH @ $2.859 (Order # 1776),--,$0,-$214.425
 07/14/2025 03:00:00 AM,Sweep,900001003,Partnership / LLC / LLP - x1003,BANK DEPOSIT PROGRAM,--,$0,-$374.004
 07/11/2025 01:41:35 PM,Bought,900001003,Partnership / LLC / LLP - x1003,50 of SYF @ $7.041 (Order # 9291),--,$0,-$352.05
 07/11/2025 01:34:04 PM,Bought,900001003,Partnership / LLC / LLP - x1003,25 of QQQE @ $9.87 (Order # 7184),--,$0,-$246.75
 07/11/2025 01:31:56 PM,Sold,900001003,Partnership / LLC / LLP - x1003,145 of IBIT @ $6.709 (Order # 1807),--,$0,$972.804
 07/08/2025 03:00:00 AM,Sweep,900001003,Partnership / LLC / LLP - x1003,BANK DEPOSIT PROGRAM,--,$0,$8.889
 07/07/2025 12:38:03 PM,Bought,900001003,Partnership / LLC / LLP - x1003,63 of PSIX @ $7 (Order # 7152),--,$0,-$441
 07/07/2025 03:00:00 AM,Dividend,900001003,Partnership / LLC / LLP - x1003,0 of SHLD @ $0,--,$0,$4.155
 07/07/2025 03:00:00 AM,Sweep,900001003,Partnership / LLC / LLP - x1003,BANK DEPOSIT PROGRAM,--,$0,-$4.155
 07/07/2025 03:00:00 AM,Online Transfer,900001003,Partnership / LLC / LLP - x1003,ACH DEPOSIT REFID:142220650906;,--,$0,$432.111
 07/01/2025 03:00:00 AM,Dividend,900001003,Partnership / LLC / LLP - x1003,0 of QQQE @ $0,--,$0,$0.355
 07/01/2025 03:00:00 AM,Sweep,900001003,Partnership / LLC / LLP - x1003,BANK DEPOSIT PROGRAM,--,$0,"$1,015.406"
 06/30/2025 12:30:00 PM,Bought,900001003,Partnership / LLC / LLP - x1003,20 of GOOG @ $18.072 (Order # 6685),--,$0,-$361.44
 06/30/2025 03:00:00 AM,Interest Income,900001003,Partnership / LLC / LLP - x1003,MORGAN STANLEY PRIVATE BANK NA (Period 06/01-06/30),--,$0,$0.002
 06/30/2025 03:00:00 AM,Sweep,900001003,Partnership / LLC / LLP - x1003,BANK DEPOSIT PROGRAM,--,$0,-$0.002
 06/30/2025 03:00:00 AM,Sweep,900001003,Partnership / LLC / LLP - x1003,BANK DEPOSIT PROGRAM,--,$0,-$997.489
 06/30/2025 03:00:00 AM,Online Transfer,900001003,Partnership / LLC / LLP - x1003,ACH WITHDRAWL REFID:141656234906;,--,$0,-$654.321
 06/27/2025 04:17:29 PM,Sold,900001003,Partnership / LLC / LLP - x1003,50 of IBIT @ $6.101 (Order # 2090),--,$0,$305.024
 06/27/2025 04:16:16 PM,Sold,900001003,Partnership / LLC / LLP - x1003,100 of ETH @ $2.283 (Order # 8975),--,$0,$228.249
 06/27/2025 04:15:30 PM,Sold,900001003,Partnership / LLC / LLP - x1003,21 of AGX @ $22.106 (Order # 1104),--,$0,$464.216
 06/18/2025 03:00:00 AM,Qualified Dividend,900001003,Partnership / LLC / LLP - x1003,POWELL IND INC REC 06/18/25 PAY 06/18/25 RATE 0.00000000 QTY 0.00000000,--,$0,$3.157
 06/18/2025 03:00:00 AM,Sweep,900001003,Partnership / LLC / LLP - x1003,BANK DEPOSIT PROGRAM,--,$0,$984.497
 06/17/2025 03:00:00 AM,Sweep,900001003,Partnership / LLC / LLP - x1003,BANK DEPOSIT PROGRAM,--,$0,-$721.638
 06/17/2025 03:00:00 AM,Online Transfer,900001003,Partnership / LLC / LLP - x1003,ACH WITHDRAWL REFID:140614170906;,--,$0,-$987.654
 06/16/2025 12:30:01 PM,Sold,900001003,Partnership / LLC / LLP - x1003,175 of VGSH @ $5.845 (Order # 8761),--,$0,"$1,022.872"
 06/16/2025 03:00:00 AM,Qualified Dividend,900001003,Partnership / LLC / LLP - x1003,ALPHABET INC CL C REC 06/16/25 PAY 06/16/25 RATE 0.00000000 QTY 0.00000000,--,$0,$0.168
 06/16/2025 03:00:00 AM,Online Transfer,900001003,Partnership / LLC / LLP - x1003,ACH WITHDRAWL REFID:140479807906;,--,$0,-$301.234
 06/16/2025 03:00:00 AM,Sweep,900001003,Partnership / LLC / LLP - x1003,BANK DEPOSIT PROGRAM,--,$0,-$0.168
 06/11/2025 03:00:00 AM,Sweep,900001003,Partnership / LLC / LLP - x1003,BANK DEPOSIT PROGRAM,--,$0,-$271.959
 06/10/2025 02:53:44 PM,Sold,900001003,Partnership / LLC / LLP - x1003,40 of CRDO @ $6.799 (Order # 6841),--,$0,$271.959
 06/04/2025 03:00:00 AM,Dividend,900001003,Partnership / LLC / LLP - x1003,0 of VGSH @ $0,--,$0,$3.581
 06/04/2025 03:00:00 AM,Sweep,900001003,Partnership / LLC / LLP - x1003,BANK DEPOSIT PROGRAM,--,$0,-$3.581
 05/30/2025 03:00:00 AM,Interest Income,900001003,Partnership / LLC / LLP - x1003,MORGAN STANLEY PRIVATE BANK NA (Period 05/01-05/31),--,$0,$0.001
 05/30/2025 03:00:00 AM,Sweep,900001003,Partnership / LLC / LLP - x1003,BANK DEPOSIT PROGRAM,--,$0,-$0.001
 05/15/2025 03:00:00 AM,Qualified Dividend,900001003,Partnership / LLC / LLP - x1003,SYNCHRONY FINANCIAL REC 05/15/25 PAY 05/15/25 RATE 0.00000000 QTY 0.00000000,--,$0,$8.25
 05/15/2025 03:00:00 AM,Sweep,900001003,Partnership / LLC / LLP - x1003,BANK DEPOSIT PROGRAM,--,$0,$341.75
 05/14/2025 03:00:00 AM,Online Transfer,900001003,Partnership / LLC / LLP - x1003,ACH WITHDRAWL REFID:137682165906;,--,$0,-$350
 05/12/2025 03:00:00 AM,Sweep,900001003,Partnership / LLC / LLP - x1003,BANK DEPOSIT PROGRAM,--,$0,-$289.615
 05/09/2025 12:47:57 PM,Sold,900001003,Partnership / LLC / LLP - x1003,15 of VGSH @ $5.855 (Order # 5836),--,$0.003,$87.829
 05/09/2025 12:47:29 PM,Sold,900001003,Partnership / LLC / LLP - x1003,50 of PSIX @ $3.099 (Order # 7381),--,$0.005,$154.944
 05/09/2025 12:47:20 PM,Sold,900001003,Partnership / LLC / LLP - x1003,8 of VGSH @ $5.856 (Order # 2108),--,$0.002,$46.842
 05/09/2025 03:00:00 AM,Sweep,900001003,Partnership / LLC / LLP - x1003,BANK DEPOSIT PROGRAM,--,$0,$356.789
 05/08/2025 03:00:00 AM,Online Transfer,900001003,Partnership / LLC / LLP - x1003,ACH WITHDRAWL REFID:137243393906;,--,$0,-$356.789
 05/05/2025 03:00:00 AM,Dividend,900001003,Partnership / LLC / LLP - x1003,0 of VGSH @ $0,--,$0,$3.47
 05/05/2025 03:00:00 AM,Sweep,900001003,Partnership / LLC / LLP - x1003,BANK DEPOSIT PROGRAM,--,$0,$12.083
 05/02/2025 03:04:14 PM,Bought,900001003,Partnership / LLC / LLP - x1003,25 of QQQE @ $8.977 (Order # 9615),--,$0,-$224.436
 05/02/2025 03:03:05 PM,Bought,900001003,Partnership / LLC / LLP - x1003,8 of VGSH @ $5.855 (Order # 6286),--,$0,-$46.84
 05/02/2025 03:02:55 PM,Bought,900001003,Partnership / LLC / LLP - x1003,15 of VGSH @ $5.856 (Order # 3386),--,$0,-$87.833
 05/02/2025 02:56:06 PM,Sold,900001003,Partnership / LLC / LLP - x1003,61 of IBIT @ $5.542 (Order # 8197),--,$0.01,$338.077
 05/02/2025 02:36:17 PM,Bought,900001003,Partnership / LLC / LLP - x1003,8 of GOOG @ $16.565 (Order # 7282),--,$0,-$132.516
 05/02/2025 02:33:16 PM,Sold,900001003,Partnership / LLC / LLP - x1003,50 of PSIX @ $2.76 (Order # 1991),--,$0.004,$137.995
 05/01/2025 03:00:00 AM,Sweep,900001003,Partnership / LLC / LLP - x1003,BANK DEPOSIT PROGRAM,--,$0,-$6.413
 04/30/2025 03:00:00 AM,Qualified Dividend,900001003,Partnership / LLC / LLP - x1003,ARGAN INC REC 04/30/25 PAY 04/30/25 RATE 0.00000000 QTY 0.00000000,--,$0,$6.413
 04/30/2025 03:00:00 AM,Sweep,900001003,Partnership / LLC / LLP - x1003,BANK DEPOSIT PROGRAM,--,$0,-$0.002
 04/30/2025 03:00:00 AM,Interest Income,900001003,Partnership / LLC / LLP - x1003,MORGAN STANLEY PRIVATE BANK NA (Period 04/01-04/30),--,$0,$0.002
 04/30/2025 03:00:00 AM,Sweep,900001003,Partnership / LLC / LLP - x1003,BANK DEPOSIT PROGRAM,--,$0,$198.765
 04/29/2025 03:00:00 AM,Sweep,900001003,Partnership / LLC / LLP - x1003,BANK DEPOSIT PROGRAM,--,$0,-$340.936
 04/29/2025 03:00:00 AM,Online Transfer,900001003,Partnership / LLC / LLP - x1003,ACH WITHDRAWL REFID:136390051906;,--,$0,-$198.765
 04/28/2025 04:02:27 PM,Bought,900001003,Partnership / LLC / LLP - x1003,50 of VGSH @ $5.886 (Order # 5186),--,$0,-$294.275
 04/28/2025 04:01:16 PM,Sold,900001003,Partnership / LLC / LLP - x1003,10 of POWL @ $18.154 (Order # 8272),--,$0.006,$181.534
 04/28/2025 12:30:00 PM,Sold,900001003,Partnership / LLC / LLP - x1003,30 of AGX @ $15.123 (Order # 3710),--,$0.013,$453.677
 04/28/2025 03:00:00 AM,Sweep,900001003,Partnership / LLC / LLP - x1003,BANK DEPOSIT PROGRAM,--,$0,-$44.523
 04/25/2025 01:30:27 PM,Bought,900001003,Partnership / LLC / LLP - x1003,40 of VGSH @ $5.875 (Order # 6876),--,$0,-$234.98
 04/25/2025 01:21:58 PM,Bought,900001003,Partnership / LLC / LLP - x1003,11 of CLS @ $8.912 (Order # 5379),--,$0,-$98.032
 04/25/2025 01:08:08 PM,Sold,900001003,Partnership / LLC / LLP - x1003,225 of ETH @ $1.678 (Order # 8719),--,$0.011,$377.535
 04/22/2025 03:00:00 AM,Sweep,900001003,Partnership / LLC / LLP - x1003,BANK DEPOSIT PROGRAM,--,$0,$203.04
 04/21/2025 02:04:50 PM,Bought,900001003,Partnership / LLC / LLP - x1003,90 of PSIX @ $2.256 (Order # 1219),--,$0,-$203.04
 04/17/2025 03:00:00 AM,Sweep,900001003,Partnership / LLC / LLP - x1003,BANK DEPOSIT PROGRAM,--,$0,$254.8
 04/16/2025 04:57:57 PM,Bought,900001003,Partnership / LLC / LLP - x1003,175 of ETH @ $1.456 (Order # 4348),--,$0,-$254.8
 04/15/2025 03:00:00 AM,Sweep,900001003,Partnership / LLC / LLP - x1003,BANK DEPOSIT PROGRAM,--,$0,-$725.078
 04/14/2025 04:26:02 PM,Sold,900001003,Partnership / LLC / LLP - x1003,90 of IBIT @ $4.798 (Order # 8252),--,$0.013,$431.827
 04/14/2025 04:24:18 PM,Bought,900001003,Partnership / LLC / LLP - x1003,25 of CRDO @ $3.93 (Order # 6753),--,$0,-$98.238
 04/14/2025 04:22:56 PM,Bought,900001003,Partnership / LLC / LLP - x1003,85 of VGSH @ $5.861 (Order # 8945),--,$0,-$498.143
 04/14/2025 04:21:32 PM,Sold,900001003,Partnership / LLC / LLP - x1003,1145 of CLSK @ $0.777 (Order # 6617),--,$0.025,$889.632
 04/07/2025 03:00:00 AM,Sweep,900001003,Partnership / LLC / LLP - x1003,BANK DEPOSIT PROGRAM,--,$0,$8.834
 04/04/2025 05:41:16 PM,Bought,900001003,Partnership / LLC / LLP - x1003,25 of QQQ @ $42.444 (Order # 2604),--,$0,"-$1,061.1"
 04/04/2025 05:40:38 PM,Bought,900001003,Partnership / LLC / LLP - x1003,350 of SHLD @ $4.401 (Order # 9894),--,$0,"-$1,540.35"
 04/04/2025 05:22:13 PM,Sold,900001003,Partnership / LLC / LLP - x1003,143 of GOOG @ $14.998 (Order # 2722),--,$0.06,"$2,144.721"
 04/04/2025 05:21:36 PM,Sold,900001003,Partnership / LLC / LLP - x1003,60 of PLTR @ $7.465 (Order # 8774),--,$0.013,$447.895
 03/31/2025 03:00:00 AM,Sweep,900001003,Partnership / LLC / LLP - x1003,BANK DEPOSIT PROGRAM,--,$0,-$0.003
 03/31/2025 03:00:00 AM,Interest Income,900001003,Partnership / LLC / LLP - x1003,MORGAN STANLEY PRIVATE BANK NA (Period 03/01-03/31),--,$0,$0.003
 03/28/2025 03:00:00 AM,Sweep,900001003,Partnership / LLC / LLP - x1003,BANK DEPOSIT PROGRAM,--,$0,$590
 03/27/2025 03:00:00 AM,Sweep,900001003,Partnership / LLC / LLP - x1003,BANK DEPOSIT PROGRAM,--,$0,$133.44
 03/27/2025 03:00:00 AM,Online Transfer,900001003,Partnership / LLC / LLP - x1003,ACH WITHDRAWL REFID:133439627906;,--,$0,-$590
 03/26/2025 10:13:40 PM,Bought,900001003,Partnership / LLC / LLP - x1003,30 of CRDO @ $4.448 (Order # 5553),--,$0,-$133.44
 03/26/2025 03:00:00 AM,Sweep,900001003,Partnership / LLC / LLP - x1003,BANK DEPOSIT PROGRAM,--,$0,"$1,108.122"
 03/25/2025 12:48:56 PM,Bought,900001003,Partnership / LLC / LLP - x1003,50 of CLS @ $9.514 (Order # 6356),--,$0,-$475.675
 03/25/2025 12:42:43 PM,Bought,900001003,Partnership / LLC / LLP - x1003,325 of ETH @ $1.946 (Order # 2216),--,$0,-$632.447
 03/25/2025 03:00:00 AM,Sweep,900001003,Partnership / LLC / LLP - x1003,BANK DEPOSIT PROGRAM,--,$0,"-$1,332.88"
 03/24/2025 12:30:01 PM,Bought,900001003,Partnership / LLC / LLP - x1003,100 of CRDO @ $4.76 (Order # 6922),--,$0,-$476
 03/24/2025 12:30:01 PM,Sold,900001003,Partnership / LLC / LLP - x1003,1150 of ETHA @ $1.573 (Order # 9264),--,$0.051,"$1,808.88"
 03/19/2025 03:00:00 AM,Qualified Dividend,900001003,Partnership / LLC / LLP - x1003,POWELL IND INC REC 03/19/25 PAY 03/19/25 RATE 0.00000000 QTY 0.00000000,--,$0,$3.424
 03/19/2025 03:00:00 AM,Sweep,900001003,Partnership / LLC / LLP - x1003,BANK DEPOSIT PROGRAM,--,$0,-$3.424
 03/18/2025 03:00:00 AM,Sweep,900001003,Partnership / LLC / LLP - x1003,BANK DEPOSIT PROGRAM,--,$0,-$332.995
 03/17/2025 08:18:22 PM,Sold,900001003,Partnership / LLC / LLP - x1003,227 of ETHA @ $1.467 (Order # 4744),--,$0.01,$332.995
 03/17/2025 03:00:00 AM,Qualified Dividend,900001003,Partnership / LLC / LLP - x1003,ALPHABET INC CL C REC 03/17/25 PAY 03/17/25 RATE 0.00000000 QTY 0.00000000,--,$0,$2.86
 03/17/2025 03:00:00 AM,Sweep,900001003,Partnership / LLC / LLP - x1003,BANK DEPOSIT PROGRAM,--,$0,-$2.86
 03/12/2025 03:00:00 AM,Sweep,900001003,Partnership / LLC / LLP - x1003,BANK DEPOSIT PROGRAM,--,$0,$150
 03/11/2025 03:00:00 AM,Online Transfer,900001003,Partnership / LLC / LLP - x1003,ACH WITHDRAWL REFID:132051792906;,--,$0,-$150
 03/05/2025 03:00:00 AM,Sweep,900001003,Partnership / LLC / LLP - x1003,BANK DEPOSIT PROGRAM,--,$0,-$211.121
 03/04/2025 04:08:25 PM,Sold,900001003,Partnership / LLC / LLP - x1003,18 of GOOG @ $17.285 (Order # 7860),--,$0.009,$311.121
 03/04/2025 03:00:00 AM,Online Transfer,900001003,Partnership / LLC / LLP - x1003,ACH WITHDRAWL REFID:131450355906;,--,$0,-$100
 03/03/2025 03:00:00 AM,Sweep,900001003,Partnership / LLC / LLP - x1003,BANK DEPOSIT PROGRAM,--,$0,$250
 02/28/2025 03:00:00 AM,Interest Income,900001003,Partnership / LLC / LLP - x1003,MORGAN STANLEY PRIVATE BANK NA (Period 02/01-02/28),--,$0,$0.001
 02/28/2025 03:00:00 AM,Sweep,900001003,Partnership / LLC / LLP - x1003,BANK DEPOSIT PROGRAM,--,$0,-$0.001
 02/28/2025 03:00:00 AM,Online Transfer,900001003,Partnership / LLC / LLP - x1003,ACH WITHDRAWL REFID:131104998906;,--,$0,-$250
 02/26/2025 03:00:00 AM,Sweep,900001003,Partnership / LLC / LLP - x1003,BANK DEPOSIT PROGRAM,--,$0,-$1.745
 02/25/2025 01:18:10 PM,Bought,900001003,Partnership / LLC / LLP - x1003,61 of IBIT @ $4.906 (Order # 6743),--,$0,-$299.266
 02/25/2025 01:17:15 PM,Sold,900001003,Partnership / LLC / LLP - x1003,6 of BRK.B @ $50.17 (Order # 1993),--,$0.009,$301.011
 02/21/2025 03:00:00 AM,Sweep,900001003,Partnership / LLC / LLP - x1003,BANK DEPOSIT PROGRAM,--,$0,-$86.558
 02/20/2025 06:33:02 PM,Bought,900001003,Partnership / LLC / LLP - x1003,6 of BRK.B @ $48.231 (Order # 5576),--,$0,-$289.386
 02/20/2025 06:31:40 PM,Bought,900001003,Partnership / LLC / LLP - x1003,60 of PLTR @ $10.684 (Order # 2481),--,$0,-$641.01
 02/20/2025 06:30:30 PM,Sold,900001003,Partnership / LLC / LLP - x1003,1000 of CLSK @ $1.017 (Order # 3197),--,$0.029,"$1,016.954"
 02/19/2025 03:00:00 AM,Sweep,900001003,Partnership / LLC / LLP - x1003,BANK DEPOSIT PROGRAM,--,$0,-$224.813
 02/18/2025 04:02:58 PM,Sold,900001003,Partnership / LLC / LLP - x1003,30 of CRDO @ $7.494 (Order # 2849),--,$0.007,$224.813
 02/18/2025 03:00:00 AM,Qualified Dividend,900001003,Partnership / LLC / LLP - x1003,SYNCHRONY FINANCIAL REC 02/18/25 PAY 02/18/25 RATE 0.00000000 QTY 0.00000000,--,$0,$6.875
 02/18/2025 03:00:00 AM,Sweep,900001003,Partnership / LLC / LLP - x1003,BANK DEPOSIT PROGRAM,--,$0,-$6.875
 02/14/2025 03:00:00 AM,Sweep,900001003,Partnership / LLC / LLP - x1003,BANK DEPOSIT PROGRAM,--,$0,-$16.491
 02/13/2025 01:51:15 PM,Bought,900001003,Partnership / LLC / LLP - x1003,30 of CRDO @ $7.35 (Order # 3422),--,$0,-$220.5
 02/13/2025 01:49:08 PM,Sold,900001003,Partnership / LLC / LLP - x1003,5 of BRK.B @ $47.4 (Order # 3564),--,$0.007,$236.991
 02/10/2025 03:00:00 AM,Sweep,900001003,Partnership / LLC / LLP - x1003,BANK DEPOSIT PROGRAM,--,$0,$0.996
 02/07/2025 01:01:32 PM,Bought,900001003,Partnership / LLC / LLP - x1003,40 of CRDO @ $7.954 (Order # 4051),--,$0,-$318.16
 02/07/2025 12:44:58 PM,Sold,900001003,Partnership / LLC / LLP - x1003,150 of ETHA @ $2.115 (Order # 5488),--,$0.009,$317.164
 02/06/2025 03:00:00 AM,Sweep,900001003,Partnership / LLC / LLP - x1003,BANK DEPOSIT PROGRAM,--,$0,$357.988
 02/05/2025 01:03:30 PM,Bought,900001003,Partnership / LLC / LLP - x1003,50 of PSIX @ $4.024 (Order # 2720),--,$0,-$201.199
 02/05/2025 03:00:00 AM,Sweep,900001003,Partnership / LLC / LLP - x1003,BANK DEPOSIT PROGRAM,--,$0,-$124.446
 02/05/2025 03:00:00 AM,Online Transfer,900001003,Partnership / LLC / LLP - x1003,ACH WITHDRAWL REFID:129086552906;,--,$0,-$156.789
 02/04/2025 01:00:43 PM,Bought,900001003,Partnership / LLC / LLP - x1003,70 of PSIX @ $4.112 (Order # 4869),--,$0,-$287.85
 02/04/2025 12:57:34 PM,Sold,900001003,Partnership / LLC / LLP - x1003,350 of OSOL @ $0.748 (Order # 1589),--,$0.008,$261.699
 02/04/2025 12:57:30 PM,Sold,900001003,Partnership / LLC / LLP - x1003,200 of OSOL @ $0.756 (Order # 1589),--,$0.5,$150.597
 02/04/2025 03:00:00 AM,Sweep,900001003,Partnership / LLC / LLP - x1003,BANK DEPOSIT PROGRAM,--,$0,-$210.449
 02/03/2025 01:15:17 PM,Bought,900001003,Partnership / LLC / LLP - x1003,150 of ETHA @ $1.99 (Order # 9708),--,$0,-$298.499
 02/03/2025 01:14:50 PM,Sold,900001003,Partnership / LLC / LLP - x1003,62 of IBIT @ $5.509 (Order # 4646),--,$0.01,$341.516
 02/03/2025 01:13:04 PM,Bought,900001003,Partnership / LLC / LLP - x1003,550 of OSOL @ $0.713 (Order # 7962),--,$0.495,-$392.645
 02/03/2025 01:11:12 PM,Bought,900001003,Partnership / LLC / LLP - x1003,750 of ETHA @ $1.988 (Order # 2022),--,$0,"-$1,490.993"
 02/03/2025 01:10:30 PM,Sold,900001003,Partnership / LLC / LLP - x1003,728 of IAUM @ $2.818 (Order # 5440),--,$0.058,"$2,051.07"
 02/03/2025 03:00:00 AM,Sweep,900001003,Partnership / LLC / LLP - x1003,BANK DEPOSIT PROGRAM,--,$0,-$4.125
 01/31/2025 03:00:00 AM,Qualified Dividend,900001003,Partnership / LLC / LLP - x1003,ARGAN INC REC 01/31/25 PAY 01/31/25 RATE 0.00000000 QTY 0.00000000,--,$0,$4.125
 01/31/2025 03:00:00 AM,Interest Income,900001003,Partnership / LLC / LLP - x1003,MORGAN STANLEY PRIVATE BANK NA (Period 01/01-01/31),--,$0,$0.007
 01/31/2025 03:00:00 AM,Sweep,900001003,Partnership / LLC / LLP - x1003,BANK DEPOSIT PROGRAM,--,$0,-$0.007
 01/29/2025 03:00:00 AM,Sweep,900001003,Partnership / LLC / LLP - x1003,BANK DEPOSIT PROGRAM,--,$0,"$1,050"
 01/28/2025 03:00:00 AM,Sweep,900001003,Partnership / LLC / LLP - x1003,BANK DEPOSIT PROGRAM,--,$0,-$812.117
 01/28/2025 03:00:00 AM,Online Transfer,900001003,Partnership / LLC / LLP - x1003,ACH WITHDRAWL REFID:128331232906;,--,$0,"-$1,050"
 01/27/2025 02:57:55 PM,Bought,900001003,Partnership / LLC / LLP - x1003,21 of AGX @ $14.153 (Order # 4459),--,$0,-$297.203
 01/27/2025 02:57:09 PM,Sold,900001003,Partnership / LLC / LLP - x1003,15 of SFM @ $14.916 (Order # 8687),--,$0.007,$223.726
 01/27/2025 12:52:35 PM,Bought,900001003,Partnership / LLC / LLP - x1003,16 of ETHA @ $2.376 (Order # 1235),--,$0,-$38.008
 01/27/2025 12:50:18 PM,Sold,900001003,Partnership / LLC / LLP - x1003,25 of BRK.B @ $46.577 (Order # 2136),--,$0.033,"$1,164.382"
 01/27/2025 12:49:23 PM,Bought,900001003,Partnership / LLC / LLP - x1003,10 of POWL @ $24.078 (Order # 2412),--,$0,-$240.78
 01/27/2025 03:00:00 AM,Sweep,900001003,Partnership / LLC / LLP - x1003,BANK DEPOSIT PROGRAM,--,$0,-$199.667
 01/24/2025 04:57:23 PM,Bought,900001003,Partnership / LLC / LLP - x1003,40 of AGX @ $16.829 (Order # 3649),--,$0,-$673.163
 01/24/2025 04:56:49 PM,Sold,900001003,Partnership / LLC / LLP - x1003,200 of PSIX @ $4.364 (Order # 7743),--,$0.025,$872.83
 01/23/2025 03:00:00 AM,Sweep,900001003,Partnership / LLC / LLP - x1003,BANK DEPOSIT PROGRAM,--,$0,"$1,232.925"
 01/22/2025 05:41:41 PM,Bought,900001003,Partnership / LLC / LLP - x1003,30 of AGX @ $18.485 (Order # 1180),--,$0,-$554.55
 01/22/2025 02:17:31 PM,Sold,900001003,Partnership / LLC / LLP - x1003,141 of PSIX @ $3.945 (Order # 6977),--,$0.016,$556.192
 01/22/2025 03:00:00 AM,Sweep,900001003,Partnership / LLC / LLP - x1003,BANK DEPOSIT PROGRAM,--,$0,"$1,598.004"
 01/22/2025 03:00:00 AM,Online Transfer,900001003,Partnership / LLC / LLP - x1003,ACH WITHDRAWL REFID:127815318906;,--,$0,"-$1,234.567"
 01/21/2025 04:19:47 PM,Sold,900001003,Partnership / LLC / LLP - x1003,55 of OKTA @ $8.911 (Order # 3497),--,$0.014,$490.115
 01/21/2025 04:16:43 PM,Bought,900001003,Partnership / LLC / LLP - x1003,445 of CLSK @ $1.121 (Order # 6478),--,$0,-$498.841
 01/21/2025 04:05:09 PM,Bought,900001003,Partnership / LLC / LLP - x1003,400 of ETHA @ $2.536 (Order # 3633),--,$0,"-$1,014.2"
 01/21/2025 04:03:24 PM,Sold,900001003,Partnership / LLC / LLP - x1003,40 of POWL @ $27.979 (Order # 9934),--,$0.032,"$1,119.127"
 01/21/2025 12:30:00 PM,Bought,900001003,Partnership / LLC / LLP - x1003,141 of PSIX @ $3.505 (Order # 4044),--,$0,-$494.205
 01/21/2025 03:00:00 AM,Sweep,900001003,Partnership / LLC / LLP - x1003,BANK DEPOSIT PROGRAM,--,$0,$206.655
 01/21/2025 03:00:00 AM,Online Transfer,900001003,Partnership / LLC / LLP - x1003,ACH WITHDRAWL REFID:127643219906;,--,$0,"-$1,200"
 01/17/2025 01:11:11 PM,Bought,900001003,Partnership / LLC / LLP - x1003,15 of SFM @ $13.777 (Order # 2558),--,$0,-$206.655
 01/16/2025 03:00:00 AM,Sweep,900001003,Partnership / LLC / LLP - x1003,BANK DEPOSIT PROGRAM,--,$0,-$679.224
 01/15/2025 03:36:31 PM,Sold,900001003,Partnership / LLC / LLP - x1003,50 of SFM @ $13.904 (Order # 6998),--,$0.02,$695.154
 01/15/2025 02:38:36 PM,Bought,900001003,Partnership / LLC / LLP - x1003,55 of OKTA @ $8.392 (Order # 7758),--,$0,-$461.553
 01/15/2025 01:18:08 PM,Bought,900001003,Partnership / LLC / LLP - x1003,200 of PSIX @ $3.505 (Order # 5895),--,$0,-$701.076
 01/15/2025 01:17:15 PM,Sold,900001003,Partnership / LLC / LLP - x1003,27 of MSFT @ $42.472 (Order # 8920),--,$0.032,"$1,146.699"
 01/15/2025 03:00:00 AM,Sweep,900001003,Partnership / LLC / LLP - x1003,BANK DEPOSIT PROGRAM,--,$0,"-$2,436.811"
 01/14/2025 05:38:58 PM,Sold,900001003,Partnership / LLC / LLP - x1003,13 of IWF @ $39.703 (Order # 1185),--,$0.015,$516.124
 01/14/2025 05:22:23 PM,Sold,900001003,Partnership / LLC / LLP - x1003,150 of SYF @ $6.607 (Order # 1180),--,$0.028,$991.086
 01/14/2025 05:21:17 PM,Sold,900001003,Partnership / LLC / LLP - x1003,8 of IBIT @ $5.512 (Order # 9208),--,$0.002,$44.094
 01/14/2025 01:09:54 PM,Sold,900001003,Partnership / LLC / LLP - x1003,8 of BRK.B @ $44.521 (Order # 2700),--,$0.01,$356.154
 01/14/2025 12:30:00 PM,Sold,900001003,Partnership / LLC / LLP - x1003,24 of AMZN @ $22.057 (Order # 6528),--,$0.015,$529.353
 01/14/2025 03:00:00 AM,Sweep,900001003,Partnership / LLC / LLP - x1003,BANK DEPOSIT PROGRAM,--,$0,$25.476
 01/13/2025 01:26:24 PM,Bought,900001003,Partnership / LLC / LLP - x1003,11 of ETHA @ $2.316 (Order # 4248),--,$0,-$25.476
 01/07/2025 03:00:00 AM,Sweep,900001003,Partnership / LLC / LLP - x1003,BANK DEPOSIT PROGRAM,--,$0,-$11.485
 01/06/2025 12:46:01 PM,Bought,900001003,Partnership / LLC / LLP - x1003,1700 of CLSK @ $1.11 (Order # 6577),--,$0,"-$1,886.507"
 01/06/2025 12:39:14 PM,Sold,900001003,Partnership / LLC / LLP - x1003,725 of IAUM @ $2.618 (Order # 5790),--,$0.053,"$1,897.992"
 01/02/2025 03:00:00 AM,Sweep,900001003,Partnership / LLC / LLP - x1003,BANK DEPOSIT PROGRAM,--,$0,$59.569
 12/31/2024 12:49:45 PM,Bought,900001003,Partnership / LLC / LLP - x1003,13 of IWF @ $40.571 (Order # 4593),--,$0,-$527.423
 12/31/2024 12:48:57 PM,Bought,900001003,Partnership / LLC / LLP - x1003,8 of IBIT @ $5.447 (Order # 9627),--,$0,-$43.576
 12/31/2024 12:48:57 PM,Bought,900001003,Partnership / LLC / LLP - x1003,62 of IBIT @ $5.447 (Order # 9627),--,$0,-$337.683
 12/31/2024 12:47:43 PM,Bought,900001003,Partnership / LLC / LLP - x1003,250 of IAUM @ $2.608 (Order # 1356),--,$0,-$651.905
 12/31/2024 12:45:37 PM,Bought,900001003,Partnership / LLC / LLP - x1003,78 of GOOG @ $19.218 (Order # 2426),--,$0,"-$1,498.982"
 12/31/2024 03:00:00 AM,Interest Income,900001003,Partnership / LLC / LLP - x1003,MORGAN STANLEY PRIVATE BANK NA (Period 12/01-12/31),--,$0,$0.002
 12/31/2024 03:00:00 AM,Sweep,900001003,Partnership / LLC / LLP - x1003,BANK DEPOSIT PROGRAM,--,$0,-$0.002
 12/31/2024 03:00:00 AM,Online Transfer,900001003,Partnership / LLC / LLP - x1003,ACH DEPOSIT REFID:125929219906;,--,$0,"$3,000"
 12/27/2024 03:00:00 AM,Sweep,900001003,Partnership / LLC / LLP - x1003,BANK DEPOSIT PROGRAM,--,$0,-$63.61
 12/26/2024 03:39:09 PM,Bought,900001003,Partnership / LLC / LLP - x1003,150 of PSIX @ $3.28 (Order # 2444),--,$0,-$491.945
 12/26/2024 03:00:00 AM,Online Transfer,900001003,Partnership / LLC / LLP - x1003,ACH DEPOSIT REFID:125555946906;,--,$0,$555.555
 12/18/2024 03:00:00 AM,Qualified Dividend,900001003,Partnership / LLC / LLP - x1003,POWELL IND INC REC 12/18/24 PAY 12/18/24 RATE 0.00000000 QTY 0.00000000,--,$0,$4.187
 12/18/2024 03:00:00 AM,Sweep,900001003,Partnership / LLC / LLP - x1003,BANK DEPOSIT PROGRAM,--,$0,-$4.187
 12/17/2024 03:00:00 AM,Sweep,900001003,Partnership / LLC / LLP - x1003,BANK DEPOSIT PROGRAM,--,$0,$380
 12/16/2024 03:00:00 AM,Qualified Dividend,900001003,Partnership / LLC / LLP - x1003,ALPHABET INC CL C REC 12/16/24 PAY 12/16/24 RATE 0.00000000 QTY 0.00000000,--,$0,$1.66
 12/16/2024 03:00:00 AM,Sweep,900001003,Partnership / LLC / LLP - x1003,BANK DEPOSIT PROGRAM,--,$0,-$1.66
 12/16/2024 03:00:00 AM,Online Transfer,900001003,Partnership / LLC / LLP - x1003,ACH WITHDRAWL REFID:124599598906;,--,$0,-$380
 12/12/2024 03:00:00 AM,Qualified Dividend,900001003,Partnership / LLC / LLP - x1003,MICROSOFT CORP REC 12/12/24 PAY 12/12/24 RATE 0.00000000 QTY 0.00000000,--,$0,$2.241
 12/12/2024 03:00:00 AM,Sweep,900001003,Partnership / LLC / LLP - x1003,BANK DEPOSIT PROGRAM,--,$0,-$2.241
 11/29/2024 03:00:00 AM,Sweep,900001003,Partnership / LLC / LLP - x1003,BANK DEPOSIT PROGRAM,--,$0,-$0.005
 11/29/2024 03:00:00 AM,Interest Income,900001003,Partnership / LLC / LLP - x1003,MORGAN STANLEY PRIVATE BANK NA (Period 11/01-11/30),--,$0,$0.005
 11/25/2024 03:00:00 AM,Sweep,900001003,Partnership / LLC / LLP - x1003,BANK DEPOSIT PROGRAM,--,$0,$0.014
 11/22/2024 03:51:37 PM,Bought,900001003,Partnership / LLC / LLP - x1003,200 of ETHA @ $2.505 (Order # 6236),--,$0,-$501
 11/22/2024 03:21:04 PM,Sold,900001003,Partnership / LLC / LLP - x1003,30 of GOOG @ $16.7 (Order # 9251),--,$0.014,$500.986
 11/20/2024 03:00:00 AM,Sweep,900001003,Partnership / LLC / LLP - x1003,BANK DEPOSIT PROGRAM,--,$0,$184.124
 11/19/2024 01:12:55 PM,Bought,900001003,Partnership / LLC / LLP - x1003,90 of IBIT @ $5.253 (Order # 7104),--,$0,-$472.725
 11/19/2024 01:08:00 PM,Sold,900001003,Partnership / LLC / LLP - x1003,7 of MSFT @ $41.23 (Order # 4989),--,$0.009,$288.601
 11/15/2024 03:00:00 AM,Qualified Dividend,900001003,Partnership / LLC / LLP - x1003,SYNCHRONY FINANCIAL REC 11/15/24 PAY 11/15/24 RATE 0.00000000 QTY 0.00000000,--,$0,$10.625
 11/15/2024 03:00:00 AM,Sweep,900001003,Partnership / LLC / LLP - x1003,BANK DEPOSIT PROGRAM,--,$0,-$547.441
 11/14/2024 12:54:26 PM,Bought,900001003,Partnership / LLC / LLP - x1003,295 of IBIT @ $5.075 (Order # 9958),--,$0,"-$1,497.125"
 11/14/2024 12:44:52 PM,Sold,900001003,Partnership / LLC / LLP - x1003,796 of IAUM @ $2.555 (Order # 5535),--,$0.057,"$2,033.941"
 11/13/2024 03:00:00 AM,Sweep,900001003,Partnership / LLC / LLP - x1003,BANK DEPOSIT PROGRAM,--,$0,$256.141
 11/12/2024 03:00:00 AM,Sweep,900001003,Partnership / LLC / LLP - x1003,BANK DEPOSIT PROGRAM,--,$0,"$2,060.035"
 11/12/2024 03:00:00 AM,Transfer,900001003,Partnership / LLC / LLP - x1003,ACH WITHDRAWL REFID:121581138906;,--,$0,-$256.141
 11/11/2024 01:06:29 PM,Bought,900001003,Partnership / LLC / LLP - x1003,429 of IBIT @ $4.723 (Order # 4890),--,$0,"-$2,026.167"
 11/11/2024 01:03:17 PM,Bought,900001003,Partnership / LLC / LLP - x1003,7 of MSFT @ $42.244 (Order # 4940),--,$0,-$295.708
 11/11/2024 01:02:06 PM,Sold,900001003,Partnership / LLC / LLP - x1003,100 of IAUM @ $2.619 (Order # 1383),--,$0.008,$261.84
 11/08/2024 03:00:00 AM,Sweep,900001003,Partnership / LLC / LLP - x1003,BANK DEPOSIT PROGRAM,--,$0,"-$2,240.623"
 11/07/2024 05:26:55 PM,Sold,900001003,Partnership / LLC / LLP - x1003,110 of IAUM @ $2.684 (Order # 1666),--,$0.009,$295.252
 11/07/2024 05:26:08 PM,Sold,900001003,Partnership / LLC / LLP - x1003,100 of IAUM @ $2.685 (Order # 5762),--,$0.008,$268.44
 11/07/2024 05:25:32 PM,Sold,900001003,Partnership / LLC / LLP - x1003,200 of IAUM @ $2.683 (Order # 8878),--,$0.015,$536.482
 11/07/2024 05:24:41 PM,Sold,900001003,Partnership / LLC / LLP - x1003,425 of IAUM @ $2.684 (Order # 1969),--,$0.032,"$1,140.449"
 11/06/2024 03:00:00 AM,Sweep,900001003,Partnership / LLC / LLP - x1003,BANK DEPOSIT PROGRAM,--,$0,$400
 11/05/2024 03:00:00 AM,Sweep,900001003,Partnership / LLC / LLP - x1003,BANK DEPOSIT PROGRAM,--,$0,-$379.985
 11/05/2024 03:00:00 AM,Transfer,900001003,Partnership / LLC / LLP - x1003,ACH WITHDRAWL REFID:121091038906;,--,$0,-$400
 11/04/2024 12:34:00 PM,Sold,900001003,Partnership / LLC / LLP - x1003,5 of BRK.B @ $45 (Order # 2763),--,$0.007,$224.993
 11/04/2024 12:34:00 PM,Sold,900001003,Partnership / LLC / LLP - x1003,6 of BRK.B @ $45 (Order # 2120),--,$0.008,$269.992
 11/04/2024 03:00:00 AM,Sweep,900001003,Partnership / LLC / LLP - x1003,BANK DEPOSIT PROGRAM,--,$0,$28.901
 11/04/2024 03:00:00 AM,Transfer,900001003,Partnership / LLC / LLP - x1003,ACH WITHDRAWL REFID:120988178906;,--,$0,-$115
 11/01/2024 03:22:02 PM,Bought,900001003,Partnership / LLC / LLP - x1003,110 of IAUM @ $2.737 (Order # 5631),--,$0,-$301.07
 11/01/2024 12:58:39 PM,Bought,900001003,Partnership / LLC / LLP - x1003,200 of IAUM @ $2.75 (Order # 3227),--,$0,-$549.97
 11/01/2024 12:58:39 PM,Bought,900001003,Partnership / LLC / LLP - x1003,425 of IAUM @ $2.75 (Order # 3227),--,$0,"-$1,168.746"
 11/01/2024 12:58:39 PM,Bought,900001003,Partnership / LLC / LLP - x1003,100 of IAUM @ $2.751 (Order # 3227),--,$0,-$275.1
 11/01/2024 12:52:28 PM,Sold,900001003,Partnership / LLC / LLP - x1003,806 of ZETA @ $2.811 (Order # 9667),--,$0.063,"$2,265.985"
 11/01/2024 03:00:00 AM,Sweep,900001003,Partnership / LLC / LLP - x1003,BANK DEPOSIT PROGRAM,--,$0,"$1,100.615"
 10/31/2024 01:28:00 PM,Bought,900001003,Partnership / LLC / LLP - x1003,27 of MSFT @ $40.764 (Order # 7681),--,$0,"-$1,100.615"
 10/31/2024 03:00:00 AM,Sweep,900001003,Partnership / LLC / LLP - x1003,BANK DEPOSIT PROGRAM,--,$0,-$0.003
 10/31/2024 03:00:00 AM,Interest,900001003,Partnership / LLC / LLP - x1003,MORGAN STANLEY PRIVATE BANK NA (Period 10/01-10/31),--,$0,$0.003
 10/30/2024 03:00:00 AM,Sweep,900001003,Partnership / LLC / LLP - x1003,BANK DEPOSIT PROGRAM,--,$0,$292.995
 10/29/2024 12:56:27 PM,Bought,900001003,Partnership / LLC / LLP - x1003,130 of PSIX @ $2.25 (Order # 8401),--,$0.495,-$292.995
 10/28/2024 03:00:00 AM,Sweep,900001003,Partnership / LLC / LLP - x1003,BANK DEPOSIT PROGRAM,--,$0,"-$1,536.878"
 10/25/2024 04:33:32 PM,Bought,900001003,Partnership / LLC / LLP - x1003,80 of AGX @ $12.526 (Order # 6703),--,$0,"-$1,002.08"
 10/25/2024 04:26:16 PM,Sold,900001003,Partnership / LLC / LLP - x1003,50 of POWL @ $25.354 (Order # 3299),--,$0.036,"$1,267.639"
 10/25/2024 03:54:11 PM,Sold,900001003,Partnership / LLC / LLP - x1003,125 of ZETA @ $2.649 (Order # 5759),--,$0.01,$331.113
 10/25/2024 03:52:51 PM,Sold,900001003,Partnership / LLC / LLP - x1003,37 of POWL @ $25.412 (Order # 2964),--,$0.027,$940.206
 10/17/2024 03:00:00 AM,Sweep,900001003,Partnership / LLC / LLP - x1003,BANK DEPOSIT PROGRAM,--,$0,$392.121
 10/16/2024 04:00:18 PM,Bought,900001003,Partnership / LLC / LLP - x1003,125 of ZETA @ $3.137 (Order # 4609),--,$0,-$392.121
 10/15/2024 03:00:00 AM,Sweep,900001003,Partnership / LLC / LLP - x1003,BANK DEPOSIT PROGRAM,--,$0,-$383.756
 10/14/2024 01:02:01 PM,Sold,900001003,Partnership / LLC / LLP - x1003,153 of TEN @ $2.522 (Order # 7657),--,$0.011,$385.776
 10/14/2024 01:00:35 PM,Bought,900001003,Partnership / LLC / LLP - x1003,37 of POWL @ $26.67 (Order # 5938),--,$0,-$986.79
 10/14/2024 12:59:09 PM,Sold,900001003,Partnership / LLC / LLP - x1003,206 of PPC @ $4.462 (Order # 3334),--,$0.026,$919.065
 10/14/2024 12:47:16 PM,Bought,900001003,Partnership / LLC / LLP - x1003,113 of GOOG @ $16.68 (Order # 4560),--,$0,"-$1,884.816"
 10/11/2024 01:39:00 PM,Sold,900001003,Partnership / LLC / LLP - x1003,133 of APP @ $14.666 (Order # 5064),--,$0.055,"$1,950.521"
 10/11/2024 03:00:00 AM,Sweep,900001003,Partnership / LLC / LLP - x1003,BANK DEPOSIT PROGRAM,--,$0,"$1,116.5"
 10/10/2024 12:30:01 PM,Bought,900001003,Partnership / LLC / LLP - x1003,350 of ZETA @ $3.19 (Order # 7392),--,$0,"-$1,116.5"
 10/10/2024 03:00:00 AM,Sweep,900001003,Partnership / LLC / LLP - x1003,BANK DEPOSIT PROGRAM,--,$0,-$840.165
 10/09/2024 06:25:19 PM,Bought,900001003,Partnership / LLC / LLP - x1003,50 of POWL @ $25.3 (Order # 4286),--,$0,"-$1,265"
 10/09/2024 03:32:33 PM,Bought,900001003,Partnership / LLC / LLP - x1003,100 of IAUM @ $2.604 (Order # 9978),--,$0,-$260.35
 10/09/2024 03:27:05 PM,Sold,900001003,Partnership / LLC / LLP - x1003,250 of TLT @ $9.462 (Order # 5042),--,$0.066,"$2,365.515"
 10/08/2024 03:00:00 AM,Sweep,900001003,Partnership / LLC / LLP - x1003,BANK DEPOSIT PROGRAM,--,$0,-$254.135
 10/07/2024 12:45:55 PM,Bought,900001003,Partnership / LLC / LLP - x1003,226 of ZETA @ $3.084 (Order # 5689),--,$0,-$697.086
 10/07/2024 12:42:56 PM,Sold,900001003,Partnership / LLC / LLP - x1003,100 of TLT @ $9.513 (Order # 9231),--,$0.027,$951.221
 10/04/2024 03:00:00 AM,Dividend,900001003,Partnership / LLC / LLP - x1003,0 of TLT @ $0,--,$0,$11.051
 10/04/2024 03:00:00 AM,Sweep,900001003,Partnership / LLC / LLP - x1003,BANK DEPOSIT PROGRAM,--,$0,$385.831
 10/03/2024 12:30:00 PM,Bought,900001003,Partnership / LLC / LLP - x1003,153 of TEN @ $2.594 (Order # 8490),--,$0,-$396.882
 10/03/2024 03:00:00 AM,Sweep,900001003,Partnership / LLC / LLP - x1003,BANK DEPOSIT PROGRAM,--,$0,"$1,914.278"
 10/02/2024 01:07:07 PM,Bought,900001003,Partnership / LLC / LLP - x1003,206 of PPC @ $4.846,--,$0,-$998.278
 10/02/2024 01:06:20 PM,Bought,900001003,Partnership / LLC / LLP - x1003,40 of POWL @ $22.9 (Order # 5299),--,$0,-$916
 10/02/2024 03:00:00 AM,Sweep,900001003,Partnership / LLC / LLP - x1003,BANK DEPOSIT PROGRAM,--,$0,"-$2,172.8"
 10/01/2024 05:35:48 PM,Sold,900001003,Partnership / LLC / LLP - x1003,800 of IAUM @ $2.658 (Order # 8721),--,$0.06,"$2,126.327"
 10/01/2024 12:30:00 PM,Sold,900001003,Partnership / LLC / LLP - x1003,280 of ZEO @ $0.166 (Order # 4077),--,$0.002,$46.473
 09/30/2024 03:00:00 AM,Sweep,900001003,Partnership / LLC / LLP - x1003,BANK DEPOSIT PROGRAM,--,$0,-$0.041
 09/30/2024 03:00:00 AM,Interest,900001003,Partnership / LLC / LLP - x1003,MORGAN STANLEY PRIVATE BANK NA (Period 09/01-09/30),--,$0,$0.041
 09/30/2024 03:00:00 AM,Sweep,900001003,Partnership / LLC / LLP - x1003,BANK DEPOSIT PROGRAM,--,$0,$935.289
 09/27/2024 01:36:26 PM,Bought,900001003,Partnership / LLC / LLP - x1003,230 of ZETA @ $2.95 (Order # 3096),--,$0,-$678.5
 09/27/2024 03:00:00 AM,Transfer,900001003,Partnership / LLC / LLP - x1003,ACH WITHDRAWL REFID:118130616906;,--,$0,-$256.789
 09/20/2024 03:00:00 AM,Sweep,900001003,Partnership / LLC / LLP - x1003,BANK DEPOSIT PROGRAM,--,$0,$102.654
 09/19/2024 01:32:52 PM,Bought,900001003,Partnership / LLC / LLP - x1003,280 of ZEO @ $0.367 (Order # 1159),--,$0,-$102.654
 09/18/2024 03:00:00 AM,Dividend,900001003,Partnership / LLC / LLP - x1003,0 of POWL @ $0,--,$0,$4.876
 09/18/2024 03:00:00 AM,Sweep,900001003,Partnership / LLC / LLP - x1003,BANK DEPOSIT PROGRAM,--,$0,-$4.876
 09/17/2024 03:00:00 AM,Sweep,900001003,Partnership / LLC / LLP - x1003,BANK DEPOSIT PROGRAM,--,$0,"$6,652.031"
 09/16/2024 02:57:21 PM,Bought,900001003,Partnership / LLC / LLP - x1003,425 of SYF @ $4.709 (Order # 1439),--,$0,"-$2,001.227"
 09/16/2024 12:40:00 PM,Bought,900001003,Partnership / LLC / LLP - x1003,118 of POWL @ $16.688 (Order # 1860),--,$0,"-$1,969.184"
 09/16/2024 12:30:02 PM,Bought,900001003,Partnership / LLC / LLP - x1003,133 of APP @ $11.14 (Order # 7758),--,$0,"-$1,481.62"
 09/16/2024 03:00:00 AM,Transfer,900001003,Partnership / LLC / LLP - x1003,ACH WITHDRAWL REFID:117173213906;,--,$0,"-$1,200"
 09/12/2024 03:00:00 AM,Dividend,900001003,Partnership / LLC / LLP - x1003,0 of MSFT @ $0,--,$0,$9
 09/12/2024 03:00:00 AM,Sweep,900001003,Partnership / LLC / LLP - x1003,BANK DEPOSIT PROGRAM,--,$0,"$1,997.8"
 09/11/2024 03:01:52 PM,Bought,900001003,Partnership / LLC / LLP - x1003,800 of IAUM @ $2.509 (Order # 5760),--,$0,"-$2,006.8"
 09/11/2024 03:00:00 AM,Sweep,900001003,Partnership / LLC / LLP - x1003,BANK DEPOSIT PROGRAM,--,$0,$600
 09/10/2024 03:00:00 AM,Sweep,900001003,Partnership / LLC / LLP - x1003,BANK DEPOSIT PROGRAM,--,$0,$254.282
 09/10/2024 03:00:00 AM,Transfer,900001003,Partnership / LLC / LLP - x1003,ACH WITHDRAWL REFID:116766563906;,--,$0,-$600
 09/09/2024 01:17:50 PM,Bought,900001003,Partnership / LLC / LLP - x1003,100 of TLT @ $9.94 (Order # 4530),--,$0,-$993.95
 09/09/2024 01:16:59 PM,Bought,900001003,Partnership / LLC / LLP - x1003,1203 of IAUM @ $2.495 (Order # 9817),--,$0,"-$3,001.088"
 09/09/2024 12:49:01 PM,Sold,900001003,Partnership / LLC / LLP - x1003,73 of RGA @ $21 (Order # 1980),--,$0.043,"$1,532.956"
 09/09/2024 12:49:01 PM,Sold,900001003,Partnership / LLC / LLP - x1003,20 of RGA @ $21 (Order # 9521),--,$0.012,$419.988
 09/09/2024 12:36:28 PM,Sold,900001003,Partnership / LLC / LLP - x1003,365 of PSIX @ $1.775 (Order # 5723),--,$0.019,$647.85
 09/09/2024 12:36:27 PM,Sold,900001003,Partnership / LLC / LLP - x1003,250 of PSIX @ $1.79 (Order # 5723),--,$0.013,$447.483
 09/09/2024 12:36:24 PM,Sold,900001003,Partnership / LLC / LLP - x1003,385 of PSIX @ $1.8 (Order # 5723),--,$0.515,$692.479
 09/09/2024 03:00:00 AM,Sweep,900001003,Partnership / LLC / LLP - x1003,BANK DEPOSIT PROGRAM,--,$0,$592.855
 09/06/2024 01:27:56 PM,Bought,900001003,Partnership / LLC / LLP - x1003,250 of TLT @ $9.994 (Order # 4438),--,$0,"-$2,498.42"
 09/06/2024 01:25:38 PM,Sold,900001003,Partnership / LLC / LLP - x1003,41 of BRK.B @ $46.479 (Order # 7900),--,$0.053,"$1,905.565"
 09/06/2024 03:00:00 AM,Sweep,900001003,Partnership / LLC / LLP - x1003,BANK DEPOSIT PROGRAM,--,$0,"$3,950.612"
 09/05/2024 02:47:00 PM,Bought,900001003,Partnership / LLC / LLP - x1003,1000 of PSIX @ $1.95 (Order # 3978),--,$0.495,"-$1,950.495"
 09/05/2024 12:39:54 PM,Bought,900001003,Partnership / LLC / LLP - x1003,796 of IAUM @ $2.513 (Order # 4454),--,$0,"-$2,000.117"
 09/05/2024 03:00:00 AM,Sweep,900001003,Partnership / LLC / LLP - x1003,BANK DEPOSIT PROGRAM,--,$0,"$1,520.573"
 09/04/2024 02:16:07 PM,Bought,900001003,Partnership / LLC / LLP - x1003,41 of BRK.B @ $47.8 (Order # 8395),--,$0,"-$1,959.8"
 09/04/2024 01:40:18 PM,Sold,900001003,Partnership / LLC / LLP - x1003,20 of RGA @ $21.962 (Order # 2684),--,$0.013,$439.227
 09/04/2024 03:00:00 AM,Sweep,900001003,Partnership / LLC / LLP - x1003,BANK DEPOSIT PROGRAM,--,$0,"-$16,723.976"
 09/03/2024 12:54:52 PM,Sold,900001003,Partnership / LLC / LLP - x1003,32 of MSFT @ $41.748 (Order # 9001),--,$0.038,"$1,335.902"
 09/03/2024 12:51:44 PM,Sold,900001003,Partnership / LLC / LLP - x1003,184 of POWL @ $15.76 (Order # 2778),--,$0.081,"$2,899.756"
 09/03/2024 12:47:26 PM,Sold,900001003,Partnership / LLC / LLP - x1003,256 of BLBD @ $4.935 (Order # 5661),--,$0.036,"$1,263.32"
 09/03/2024 12:46:42 PM,Sold,900001003,Partnership / LLC / LLP - x1003,200 of MOD @ $11.803 (Order # 7051),--,$0.066,"$2,360.531"
 09/03/2024 12:46:11 PM,Sold,900001003,Partnership / LLC / LLP - x1003,22 of ANF @ $14.678 (Order # 6934),--,$0.009,$322.907
 09/03/2024 12:42:25 PM,Sold,900001003,Partnership / LLC / LLP - x1003,31 of MSFT @ $41.753 (Order # 1492),--,$0.036,"$1,294.296"
 09/03/2024 12:41:48 PM,Sold,900001003,Partnership / LLC / LLP - x1003,7 of MSFT @ $41.718 (Order # 9987),--,$0.009,$292.014
 09/03/2024 12:40:17 PM,Sold,900001003,Partnership / LLC / LLP - x1003,297 of MOD @ $11.922 (Order # 5631),--,$0.099,"$3,540.73"
 09/03/2024 12:34:35 PM,Sold,900001003,Partnership / LLC / LLP - x1003,41 of MSFT @ $41.592 (Order # 1713),--,$0.048,"$1,705.203"
 09/03/2024 12:33:24 PM,Sold,900001003,Partnership / LLC / LLP - x1003,38 of MSFT @ $41.692 (Order # 7760),--,$0.045,"$1,584.231"
 09/03/2024 12:32:45 PM,Sold,900001003,Partnership / LLC / LLP - x1003,3 of MSFT @ $41.697 (Order # 3760),--,$0.004,$125.086
 08/30/2024 03:00:00 AM,Interest,900001003,Partnership / LLC / LLP - x1003,MORGAN STANLEY PRIVATE BANK NA (Period 08/01-08/31),--,$0,$0.049
 08/30/2024 03:00:00 AM,Sweep,900001003,Partnership / LLC / LLP - x1003,BANK DEPOSIT PROGRAM,--,$0,-$0.049
 08/30/2024 03:00:00 AM,Sweep,900001003,Partnership / LLC / LLP - x1003,BANK DEPOSIT PROGRAM,--,$0,-$0.436
 08/29/2024 06:53:51 PM,Bought,900001003,Partnership / LLC / LLP - x1003,22 of ANF @ $14.271 (Order # 8484),--,$0,-$313.968
 08/29/2024 06:51:51 PM,Sold,900001003,Partnership / LLC / LLP - x1003,22 of ANF @ $14.292 (Order # 7130),--,$0.009,$314.404
 08/27/2024 03:00:00 AM,Dividend,900001003,Partnership / LLC / LLP - x1003,0 of RGA @ $0,--,$0,$6.497
 08/27/2024 03:00:00 AM,Sweep,900001003,Partnership / LLC / LLP - x1003,BANK DEPOSIT PROGRAM,--,$0,-$6.497
 08/22/2024 03:00:00 AM,Sweep,900001003,Partnership / LLC / LLP - x1003,BANK DEPOSIT PROGRAM,--,$0,"$1,331.122"
 08/21/2024 04:44:23 PM,Bought,900001003,Partnership / LLC / LLP - x1003,13 of BRK.B @ $44.582 (Order # 1188),--,$0,-$579.565
 08/21/2024 04:43:50 PM,Sold,900001003,Partnership / LLC / LLP - x1003,255 of ZETA @ $2.368 (Order # 6835),--,$0.017,$603.819
 08/21/2024 04:38:18 PM,Bought,900001003,Partnership / LLC / LLP - x1003,32 of MSFT @ $42.356 (Order # 9724),--,$0,"-$1,355.376"
 08/21/2024 03:00:00 AM,Sweep,900001003,Partnership / LLC / LLP - x1003,BANK DEPOSIT PROGRAM,--,$0,"-$1,338.847"
 08/20/2024 12:30:01 PM,Sold,900001003,Partnership / LLC / LLP - x1003,32 of AMZN @ $17.793 (Order # 7663),--,$0.016,$569.359
 08/20/2024 12:30:00 PM,Sold,900001003,Partnership / LLC / LLP - x1003,305 of IAUM @ $2.523 (Order # 9286),--,$0.022,$769.488
 08/20/2024 03:00:00 AM,Sweep,900001003,Partnership / LLC / LLP - x1003,BANK DEPOSIT PROGRAM,--,$0,$637.039
 08/19/2024 01:35:15 PM,Bought,900001003,Partnership / LLC / LLP - x1003,6 of BRK.B @ $44.852 (Order # 9002),--,$0,-$269.111
 08/19/2024 01:34:24 PM,Bought,900001003,Partnership / LLC / LLP - x1003,22 of ANF @ $16.724 (Order # 5850),--,$0,-$367.928
 08/19/2024 03:00:00 AM,Sweep,900001003,Partnership / LLC / LLP - x1003,BANK DEPOSIT PROGRAM,--,$0,$308.124
 08/16/2024 03:00:25 PM,Bought,900001003,Partnership / LLC / LLP - x1003,200 of MOD @ $10.866 (Order # 5307),--,$0,"-$2,173.112"
 08/16/2024 02:59:42 PM,Bought,900001003,Partnership / LLC / LLP - x1003,40 of RGA @ $20.833 (Order # 7161),--,$0,-$833.3
 08/16/2024 12:30:00 PM,Sold,900001003,Partnership / LLC / LLP - x1003,574 of IAU @ $4.701 (Order # 9922),--,$0.076,"$2,698.288"
 08/16/2024 03:00:00 AM,Sweep,900001003,Partnership / LLC / LLP - x1003,BANK DEPOSIT PROGRAM,--,$0,$621.432
 08/15/2024 03:12:15 PM,Bought,900001003,Partnership / LLC / LLP - x1003,255 of ZETA @ $2.437 (Order # 2646),--,$0,-$621.432
 08/15/2024 03:00:00 AM,Sweep,900001003,Partnership / LLC / LLP - x1003,BANK DEPOSIT PROGRAM,--,$0,"-$1,115.814"
 08/14/2024 06:26:55 PM,Bought,900001003,Partnership / LLC / LLP - x1003,256 of BLBD @ $4.686 (Order # 3740),--,$0,"-$1,199.613"
 08/14/2024 12:30:00 PM,Sold,900001003,Partnership / LLC / LLP - x1003,500 of IAU @ $4.631 (Order # 6261),--,$0.065,"$2,315.427"
 08/14/2024 03:00:00 AM,Sweep,900001003,Partnership / LLC / LLP - x1003,BANK DEPOSIT PROGRAM,--,$0,"$2,037.4"
 08/13/2024 01:03:39 PM,Bought,900001003,Partnership / LLC / LLP - x1003,30 of BRK.B @ $42.815 (Order # 9652),--,$0,"-$1,284.453"
 08/13/2024 12:56:19 PM,Bought,900001003,Partnership / LLC / LLP - x1003,305 of IAUM @ $2.469 (Order # 1580),--,$0,-$752.947
 08/13/2024 03:00:00 AM,Sweep,900001003,Partnership / LLC / LLP - x1003,BANK DEPOSIT PROGRAM,--,$0,"$13,451.066"
 08/12/2024 06:42:29 PM,Bought,900001003,Partnership / LLC / LLP - x1003,73 of RGA @ $20.35 (Order # 3747),--,$0,"-$1,485.524"
 08/12/2024 04:47:40 PM,Bought,900001003,Partnership / LLC / LLP - x1003,297 of MOD @ $10.102 (Order # 5698),--,$0,"-$3,000.294"
 08/12/2024 04:45:16 PM,Bought,900001003,Partnership / LLC / LLP - x1003,184 of POWL @ $16.294 (Order # 6195),--,$0,"-$2,998.096"
 08/12/2024 04:43:50 PM,Bought,900001003,Partnership / LLC / LLP - x1003,100 of SFM @ $9.68 (Order # 9290),--,$0,-$967.95
 08/12/2024 03:30:37 PM,Bought,900001003,Partnership / LLC / LLP - x1003,1074 of IAU @ $4.655 (Order # 6767),--,$0,"-$4,999.202"
 08/08/2024 03:00:00 AM,Sweep,900001003,Partnership / LLC / LLP - x1003,BANK DEPOSIT PROGRAM,--,$0,"-$1,676.827"
 08/07/2024 12:30:00 PM,Sold,900001003,Partnership / LLC / LLP - x1003,360 of TECB @ $4.658 (Order # 2468),--,$0.047,"$1,676.827"
 08/05/2024 03:00:00 AM,Sweep,900001003,Partnership / LLC / LLP - x1003,BANK DEPOSIT PROGRAM,--,$0,"-$2,500"
 08/02/2024 03:00:00 AM,Transfer,900001003,Partnership / LLC / LLP - x1003,ACH DEPOSIT REFID:113743656906;,--,$0,"$2,500"
 08/01/2024 03:00:00 AM,Sweep,900001003,Partnership / LLC / LLP - x1003,BANK DEPOSIT PROGRAM,--,$0,"-$11,377.876"
 07/31/2024 01:28:07 PM,Sold,900001003,Partnership / LLC / LLP - x1003,1767 of TECB @ $4.907 (Order # 5267),--,$0.242,"$8,670.398"
 07/31/2024 01:24:23 PM,Sold,900001003,Partnership / LLC / LLP - x1003,117 of TSLA @ $23.142 (Order # 8792),--,$0.076,"$2,707.478"
 07/31/2024 03:00:00 AM,Sweep,900001003,Partnership / LLC / LLP - x1003,BANK DEPOSIT PROGRAM,--,$0,-$0.003
 07/31/2024 03:00:00 AM,Interest,900001003,Partnership / LLC / LLP - x1003,MORGAN STANLEY PRIVATE BANK NA (Period 07/01-07/31),--,$0,$0.003
 07/09/2024 03:00:00 AM,Sweep,900001003,Partnership / LLC / LLP - x1003,BANK DEPOSIT PROGRAM,--,$0,$222.222
 07/08/2024 03:00:00 AM,Sweep,900001003,Partnership / LLC / LLP - x1003,BANK DEPOSIT PROGRAM,--,$0,-$420.107
 07/08/2024 03:00:00 AM,Transfer,900001003,Partnership / LLC / LLP - x1003,ACH WITHDRAWL REFID:111644228906;,--,$0,-$222.222
 07/05/2024 03:34:25 PM,Bought,900001003,Partnership / LLC / LLP - x1003,1767 of TECB @ $5.153 (Order # 9670),--,$0,"-$9,105.333"
 07/05/2024 03:28:08 PM,Sold,900001003,Partnership / LLC / LLP - x1003,679 of JEPQ @ $5.586 (Order # 8376),--,$0.106,"$3,792.967"
 07/05/2024 03:20:02 PM,Sold,900001003,Partnership / LLC / LLP - x1003,21 of VOO @ $50.873 (Order # 6227),--,$0.03,"$1,068.305"
 07/05/2024 03:19:11 PM,Sold,900001003,Partnership / LLC / LLP - x1003,100 of MSFT @ $46.643 (Order # 1233),--,$0.13,"$4,664.168"
 07/03/2024 03:00:00 AM,Dividend,900001003,Partnership / LLC / LLP - x1003,0 of JEPQ @ $0,--,$0,$28.596
 07/03/2024 03:00:00 AM,Sweep,900001003,Partnership / LLC / LLP - x1003,BANK DEPOSIT PROGRAM,--,$0,-$28.596
 07/02/2024 03:00:00 AM,Dividend,900001003,Partnership / LLC / LLP - x1003,0 of VOO @ $0,--,$0,$3.745
 07/02/2024 03:00:00 AM,Sweep,900001003,Partnership / LLC / LLP - x1003,BANK DEPOSIT PROGRAM,--,$0,-$3.745
 06/28/2024 03:00:00 AM,Sweep,900001003,Partnership / LLC / LLP - x1003,BANK DEPOSIT PROGRAM,--,$0,-$0.001
 06/28/2024 03:00:00 AM,Interest,900001003,Partnership / LLC / LLP - x1003,MORGAN STANLEY PRIVATE BANK NA (Period 06/01-06/30),--,$0,$0.001
 06/27/2024 03:00:00 AM,Sweep,900001003,Partnership / LLC / LLP - x1003,BANK DEPOSIT PROGRAM,--,$0,$345.678
 06/26/2024 03:00:00 AM,Transfer,900001003,Partnership / LLC / LLP - x1003,ACH WITHDRAWL REFID:110696153906;,--,$0,-$345.678
 06/25/2024 03:00:00 AM,Sweep,900001003,Partnership / LLC / LLP - x1003,BANK DEPOSIT PROGRAM,--,$0,-$456.254
 06/24/2024 12:30:00 PM,Sold,900001003,Partnership / LLC / LLP - x1003,201 of SVOL @ $2.27 (Order # 6925),--,$0.013,$456.254
 06/17/2024 03:00:00 AM,Dividend,900001003,Partnership / LLC / LLP - x1003,0 of TECB @ $0,--,$0,$0.479
 06/17/2024 03:00:00 AM,Sweep,900001003,Partnership / LLC / LLP - x1003,BANK DEPOSIT PROGRAM,--,$0,-$0.479
 06/13/2024 03:00:00 AM,Dividend,900001003,Partnership / LLC / LLP - x1003,0 of MSFT @ $0,--,$0,$25.95
 06/13/2024 03:00:00 AM,Sweep,900001003,Partnership / LLC / LLP - x1003,BANK DEPOSIT PROGRAM,--,$0,-$25.95
 06/05/2024 03:00:00 AM,Dividend,900001003,Partnership / LLC / LLP - x1003,0 of JEPQ @ $0,--,$0,$30.535
 06/05/2024 03:00:00 AM,Sweep,900001003,Partnership / LLC / LLP - x1003,BANK DEPOSIT PROGRAM,--,$0,-$30.535
 06/03/2024 03:00:00 AM,Sweep,900001003,Partnership / LLC / LLP - x1003,BANK DEPOSIT PROGRAM,--,$0,-$6.03
 05/31/2024 03:00:00 AM,Sweep,900001003,Partnership / LLC / LLP - x1003,BANK DEPOSIT PROGRAM,--,$0,-$0.017
 05/31/2024 03:00:00 AM,Interest,900001003,Partnership / LLC / LLP - x1003,MORGAN STANLEY PRIVATE BANK NA (Period 05/01-05/31),--,$0,$0.017
 05/31/2024 03:00:00 AM,Dividend,900001003,Partnership / LLC / LLP - x1003,0 of SVOL @ $0,--,$0,$6.03
 05/28/2024 03:00:00 AM,Sweep,900001003,Partnership / LLC / LLP - x1003,BANK DEPOSIT PROGRAM,--,$0,"$4,715.815"
 05/24/2024 03:00:00 AM,Sweep,900001003,Partnership / LLC / LLP - x1003,BANK DEPOSIT PROGRAM,--,$0,$678.91
 05/23/2024 12:30:01 PM,Bought,900001003,Partnership / LLC / LLP - x1003,367 of JEPQ @ $5.452 (Order # 4881),--,$0,"-$2,000.884"
 05/23/2024 12:30:00 PM,Bought,900001003,Partnership / LLC / LLP - x1003,32 of AMZN @ $18.36 (Order # 5419),--,$0,-$587.52
 05/23/2024 12:30:00 PM,Bought,900001003,Partnership / LLC / LLP - x1003,117 of TSLA @ $18.183 (Order # 4133),--,$0,"-$2,127.411"
 05/23/2024 03:00:00 AM,Transfer,900001003,Partnership / LLC / LLP - x1003,ACH WITHDRAWL REFID:108033051906;,--,$0,-$678.91
 05/17/2024 03:00:00 AM,Sweep,900001003,Partnership / LLC / LLP - x1003,BANK DEPOSIT PROGRAM,--,$0,"-$4,109.535"
 05/16/2024 03:00:00 AM,Sweep,900001003,Partnership / LLC / LLP - x1003,BANK DEPOSIT PROGRAM,--,$0,$999.999
 05/15/2024 05:25:11 PM,Sold,900001003,Partnership / LLC / LLP - x1003,73 of MSFT @ $42.356 (Order # 8497),--,$0.025,"$3,091.962"
 05/15/2024 04:13:25 PM,Sold,900001003,Partnership / LLC / LLP - x1003,53 of MSFT @ $42.222 (Order # 6862),--,$0.018,"$2,237.747"
 05/15/2024 12:30:00 PM,Bought,900001003,Partnership / LLC / LLP - x1003,226 of JEPQ @ $5.399 (Order # 8419),--,$0,"-$1,220.174"
 05/15/2024 03:00:00 AM,Transfer,900001003,Partnership / LLC / LLP - x1003,ACH WITHDRAWL REFID:107412050906;,--,$0,-$999.999
 05/14/2024 03:00:00 AM,Sweep,900001003,Partnership / LLC / LLP - x1003,BANK DEPOSIT PROGRAM,--,$0,"-$2,275.899"
 05/10/2024 12:47:36 PM,Sold,900001003,Partnership / LLC / LLP - x1003,120 of AMZN @ $18.966 (Order # 1340),--,$0.019,"$2,275.899"
 05/06/2024 03:00:00 AM,Dividend,900001003,Partnership / LLC / LLP - x1003,0 of JEPQ @ $0,--,$0,$3.708
 05/06/2024 03:00:00 AM,Sweep,900001003,Partnership / LLC / LLP - x1003,BANK DEPOSIT PROGRAM,--,$0,-$3.708
 05/01/2024 03:00:00 AM,Sweep,900001003,Partnership / LLC / LLP - x1003,BANK DEPOSIT PROGRAM,--,$0,-$6.03
 04/30/2024 03:00:00 AM,Interest,900001003,Partnership / LLC / LLP - x1003,MORGAN STANLEY PRIVATE BANK NA (Period 04/01-04/30),--,$0,$0.001
 04/30/2024 03:00:00 AM,Sweep,900001003,Partnership / LLC / LLP - x1003,BANK DEPOSIT PROGRAM,--,$0,-$0.001
 04/30/2024 03:00:00 AM,Dividend,900001003,Partnership / LLC / LLP - x1003,0 of SVOL @ $0,--,$0,$6.03
 04/26/2024 03:00:00 AM,Sweep,900001003,Partnership / LLC / LLP - x1003,BANK DEPOSIT PROGRAM,--,$0,$451.245
 04/25/2024 03:00:00 AM,Sweep,900001003,Partnership / LLC / LLP - x1003,BANK DEPOSIT PROGRAM,--,$0,-$444.444
 04/24/2024 12:30:00 PM,Bought,900001003,Partnership / LLC / LLP - x1003,201 of SVOL @ $2.245 (Order # 5381),--,$0,-$451.245
 04/24/2024 03:00:00 AM,Transfer,900001003,Partnership / LLC / LLP - x1003,ACH DEPOSIT REFID:105830683906;,--,$0,$444.444
 04/15/2024 03:00:00 AM,Sweep,900001003,Partnership / LLC / LLP - x1003,BANK DEPOSIT PROGRAM,--,$0,$258.696
 04/12/2024 03:00:00 AM,Sweep,900001003,Partnership / LLC / LLP - x1003,BANK DEPOSIT PROGRAM,--,$0,$600
 04/11/2024 04:11:21 PM,Bought,900001003,Partnership / LLC / LLP - x1003,48 of JEPQ @ $5.39 (Order # 6359),--,$0,-$258.696
 04/11/2024 03:00:00 AM,Sweep,900001003,Partnership / LLC / LLP - x1003,BANK DEPOSIT PROGRAM,--,$0,-$852.993
 04/11/2024 03:00:00 AM,Transfer,900001003,Partnership / LLC / LLP - x1003,ACH WITHDRAWL REFID:104927305906;,--,$0,-$600
 04/09/2024 12:30:01 PM,Sold,900001003,Partnership / LLC / LLP - x1003,20 of MSFT @ $42.65 (Order # 6668),--,$0.007,$852.993
 04/04/2024 03:00:00 AM,Dividend,900001003,Partnership / LLC / LLP - x1003,0 of JEPQ @ $0,--,$0,$1.624
 04/04/2024 03:00:00 AM,Sweep,900001003,Partnership / LLC / LLP - x1003,BANK DEPOSIT PROGRAM,--,$0,-$1.624
 04/01/2024 03:00:00 AM,Sweep,900001003,Partnership / LLC / LLP - x1003,BANK DEPOSIT PROGRAM,--,$0,$5.072
 03/28/2024 03:00:00 AM,Sweep,900001003,Partnership / LLC / LLP - x1003,BANK DEPOSIT PROGRAM,--,$0,-$0.001
 03/28/2024 03:00:00 AM,Interest,900001003,Partnership / LLC / LLP - x1003,MORGAN STANLEY PRIVATE BANK NA (Period 03/01-03/31),--,$0,$0.001
 03/28/2024 03:00:00 AM,Sweep,900001003,Partnership / LLC / LLP - x1003,BANK DEPOSIT PROGRAM,--,$0,-$5.072
 03/27/2024 03:00:00 AM,Dividend,900001003,Partnership / LLC / LLP - x1003,0 of VOO @ $0,--,$0,$3.24
 03/27/2024 03:00:00 AM,Dividend,900001003,Partnership / LLC / LLP - x1003,0 of TECB @ $0,--,$0,$1.832
 03/27/2024 03:00:00 AM,Sweep,900001003,Partnership / LLC / LLP - x1003,BANK DEPOSIT PROGRAM,--,$0,-$5.072
 03/19/2024 03:00:00 AM,Sweep,900001003,Partnership / LLC / LLP - x1003,BANK DEPOSIT PROGRAM,--,$0,$201.628
 03/15/2024 02:04:13 PM,Bought,900001003,Partnership / LLC / LLP - x1003,38 of JEPQ @ $5.306 (Order # 6733),--,$0,-$201.628
 03/15/2024 03:00:00 AM,Sweep,900001003,Partnership / LLC / LLP - x1003,BANK DEPOSIT PROGRAM,--,$0,$600
 03/14/2024 03:00:00 AM,Dividend,900001003,Partnership / LLC / LLP - x1003,0 of MSFT @ $0,--,$0,$27.45
 03/14/2024 03:00:00 AM,Sweep,900001003,Partnership / LLC / LLP - x1003,BANK DEPOSIT PROGRAM,--,$0,-$27.45
 03/14/2024 03:00:00 AM,Transfer,900001003,Partnership / LLC / LLP - x1003,ACH WITHDRAWL REFID:102576950906;,--,$0,-$600
 03/13/2024 03:00:00 AM,Sweep,900001003,Partnership / LLC / LLP - x1003,BANK DEPOSIT PROGRAM,--,$0,-$726.528
 03/11/2024 12:33:14 PM,Sold,900001003,Partnership / LLC / LLP - x1003,18 of BRK.B @ $40.363 (Order # 4897),--,$0.006,$726.528
 01/31/2024 03:00:00 AM,Interest,900001003,Partnership / LLC / LLP - x1003,MORGAN STANLEY PRIVATE BANK NA (Period 01/01-01/31),--,$0,$0.003
 01/31/2024 03:00:00 AM,Sweep,900001003,Partnership / LLC / LLP - x1003,BANK DEPOSIT PROGRAM,--,$0,-$0.003
