"900001001, as of 06/14/26 at 11:52 PM EST"
Date / Time,Type,Account #,Account Name,Description,Fee,Comm,Amount
 06/12/2026 07:34:35 PM,Bought,900001001,Traditional IRA - x1001,100 of SPCX @ $16.719 (Order # 8808),--,$0,"-$1,671.9"
 06/12/2026 05:32:50 PM,Sold,900001001,Traditional IRA - x1001,50 of SPCX @ $16.599 (Order # 1966),--,$0.018,$829.931
 06/12/2026 04:02:00 PM,Bought,900001001,Traditional IRA - x1001,50 of SPCX @ $16.234 (Order # 8341),--,$0,-$811.7
 06/12/2026 04:00:05 PM,Sold,900001001,Traditional IRA - x1001,5 of AGX @ $64.168 (Order # 2191),--,$0.007,$320.833
 06/12/2026 04:00:02 PM,Sold,900001001,Traditional IRA - x1001,35 of AUGO @ $6.089 (Order # 8181),--,$0.005,$213.109
 06/12/2026 04:00:02 PM,Sold,900001001,Traditional IRA - x1001,5 of FN @ $61.101 (Order # 7652),--,$0.007,$305.498
 06/12/2026 03:36:04 PM,Sold,900001001,Traditional IRA - x1001,50 of SPCX @ $16.151 (Order # 4080),--,$0.017,$807.526
 06/12/2026 03:35:05 PM,Sold,900001001,Traditional IRA - x1001,150 of SPCX @ $16.178 (Order # 3006),--,$0.05,"$2,426.647"
 06/12/2026 03:32:35 PM,Bought,900001001,Traditional IRA - x1001,50 of SPCX @ $15.935 (Order # 9449),--,$0,-$796.75
 06/12/2026 03:21:37 PM,Bought,900001001,Traditional IRA - x1001,50 of SPCX @ $16.299 (Order # 6278),--,$0,-$814.95
 06/12/2026 03:08:21 PM,Bought,900001001,Traditional IRA - x1001,50 of SPCX @ $16.627 (Order # 4721),--,$0,-$831.35
 06/12/2026 02:39:37 PM,Sold,900001001,Traditional IRA - x1001,100 of SPCX @ $16.959 (Order # 4498),--,$0.035,"$1,695.863"
 06/12/2026 02:27:01 PM,Bought,900001001,Traditional IRA - x1001,10 of MSFT @ $38.749 (Order # 5779),--,$0,-$387.49
 06/12/2026 02:26:10 PM,Sold,900001001,Traditional IRA - x1001,1000 of BTG @ $0.423 (Order # 9914),--,$0.009,$422.471
 06/12/2026 02:24:26 PM,Sold,900001001,Traditional IRA - x1001,200 of SPCX @ $16.999 (Order # 5803),--,$0.071,"$3,399.725"
 06/12/2026 02:20:35 PM,Bought,900001001,Traditional IRA - x1001,100 of SPCX @ $16.783 (Order # 2419),--,$0,"-$1,678.3"
 06/12/2026 02:20:35 PM,Bought,900001001,Traditional IRA - x1001,100 of SPCX @ $16.784 (Order # 2419),--,$0,"-$1,678.399"
 06/12/2026 02:18:29 PM,Bought,900001001,Traditional IRA - x1001,100 of SPCX @ $16.712 (Order # 8919),--,$0,"-$1,671.2"
 06/12/2026 02:17:20 PM,Sold,900001001,Traditional IRA - x1001,300 of SPCX @ $16.561 (Order # 1843),--,$0.103,"$4,968.041"
 06/12/2026 02:15:18 PM,Bought,900001001,Traditional IRA - x1001,50 of SPCX @ $16.828 (Order # 2026),--,$0,-$841.375
 06/12/2026 02:09:43 PM,Sold,900001001,Traditional IRA - x1001,10 of BE @ $25.917 (Order # 9930),--,$0.006,$259.164
 06/12/2026 02:07:48 PM,Sold,900001001,Traditional IRA - x1001,100 of MXL @ $8.486 (Order # 4270),--,$0.018,$848.58
 06/12/2026 02:07:26 PM,Bought,900001001,Traditional IRA - x1001,100 of SPCX @ $17.055 (Order # 1076),--,$0,"-$1,705.5"
 06/12/2026 02:05:17 PM,Sold,900001001,Traditional IRA - x1001,25 of CRWV @ $10.346 (Order # 3828),--,$0.006,$258.644
 06/12/2026 02:04:51 PM,Sold,900001001,Traditional IRA - x1001,25 of CRWV @ $10.316 (Order # 1351),--,$0.006,$257.894
 06/12/2026 02:03:58 PM,Sold,900001001,Traditional IRA - x1001,50 of SPCX @ $17.302 (Order # 2856),--,$0.018,$865.081
 06/12/2026 01:43:32 PM,Sold,900001001,Traditional IRA - x1001,100 of SPCX @ $17.276 (Order # 7026),--,$0.036,"$1,727.584"
 06/12/2026 01:41:05 PM,Sold,900001001,Traditional IRA - x1001,100 of GDMN @ $8.099 (Order # 7565),--,$0.017,$809.881
 06/12/2026 01:35:32 PM,Sold,900001001,Traditional IRA - x1001,50 of SPCX @ $17.123 (Order # 2100),--,$0.018,$856.131
 06/12/2026 01:34:14 PM,Bought,900001001,Traditional IRA - x1001,100 of SPCX @ $17.019 (Order # 3142),--,$0,"-$1,701.85"
 06/12/2026 01:31:45 PM,Bought,900001001,Traditional IRA - x1001,100 of SPCX @ $16.999 (Order # 1474),--,$0,"-$1,699.9"
 06/12/2026 01:22:08 PM,Sold,900001001,Traditional IRA - x1001,7 of SOXX @ $60.199 (Order # 7785),--,$0.009,$421.384
 06/12/2026 12:58:10 PM,Sold,900001001,Traditional IRA - x1001,66 of SPCX @ $17.294 (Order # 8235),--,$0.024,"$1,141.379"
 06/12/2026 12:57:04 PM,Sold,900001001,Traditional IRA - x1001,100 of SPCX @ $17.151 (Order # 4277),--,$0.036,"$1,715.062"
 06/12/2026 12:54:18 PM,Bought,900001001,Traditional IRA - x1001,100 of SPCX @ $17.219 (Order # 5072),--,$0,"-$1,721.85"
 06/12/2026 12:53:22 PM,Bought,900001001,Traditional IRA - x1001,100 of SPCX @ $16.978 (Order # 1842),--,$0,"-$1,697.8"
 06/12/2026 12:52:18 PM,Sold,900001001,Traditional IRA - x1001,100 of SPCX @ $16.999 (Order # 2711),--,$0.036,"$1,699.862"
 06/12/2026 12:48:06 PM,Sold,900001001,Traditional IRA - x1001,100 of SPCX @ $16.899 (Order # 1046),--,$0.035,"$1,689.863"
 06/12/2026 12:39:50 PM,Sold,900001001,Traditional IRA - x1001,100 of SPCX @ $16.799 (Order # 1216),--,$0.035,"$1,679.863"
 06/12/2026 12:20:45 PM,Sold,900001001,Traditional IRA - x1001,100 of SPCX @ $16.699 (Order # 2971),--,$0.035,"$1,669.863"
 06/12/2026 12:16:55 PM,Sold,900001001,Traditional IRA - x1001,100 of SPCX @ $16.599 (Order # 7194),--,$0.035,"$1,659.863"
 06/12/2026 12:16:54 PM,Sold,900001001,Traditional IRA - x1001,5 of SPCX @ $16.52 (Order # 8636),--,$0.002,$82.596
 06/12/2026 12:16:39 PM,Sold,900001001,Traditional IRA - x1001,29 of SPCX @ $16.46 (Order # 3628),--,$0.01,$477.329
 06/12/2026 12:15:54 PM,Sold,900001001,Traditional IRA - x1001,100 of SPCX @ $16.463 (Order # 2826),--,$0.034,"$1,646.269"
 06/12/2026 12:09:48 PM,Sold,900001001,Traditional IRA - x1001,200 of SPCX @ $16.295 (Order # 5186),--,$0.068,"$3,258.866"
 06/12/2026 12:04:13 PM,Sold,900001001,Traditional IRA - x1001,200 of SPCX @ $15.628 (Order # 5792),--,$0.065,"$3,125.531"
 06/12/2026 12:02:19 PM,Bought,900001001,Traditional IRA - x1001,200 of SPCX @ $15.899 (Order # 2401),--,$0,"-$3,179.8"
 06/12/2026 12:01:09 PM,Bought,900001001,Traditional IRA - x1001,100 of SPCX @ $16.329 (Order # 9890),--,$0,"-$1,632.9"
 06/12/2026 11:59:57 AM,Bought,900001001,Traditional IRA - x1001,100 of SPCX @ $16.199 (Order # 6650),--,$0,"-$1,619.9"
 06/12/2026 11:59:40 AM,Bought,900001001,Traditional IRA - x1001,15 of SOXX @ $58.999 (Order # 3167),--,$0,-$884.985
 06/12/2026 11:57:58 AM,Bought,900001001,Traditional IRA - x1001,100 of SPCX @ $16.399 (Order # 4805),--,$0,"-$1,639.9"
 06/12/2026 11:55:27 AM,Bought,900001001,Traditional IRA - x1001,50 of SPCX @ $16.5 (Order # 5784),--,$0,-$825
 06/12/2026 11:52:36 AM,Bought,900001001,Traditional IRA - x1001,400 of SPCX @ $15.944 (Order # 9654),--,$0,"-$6,377.6"
 06/12/2026 11:49:43 AM,Bought,900001001,Traditional IRA - x1001,100 of SPCX @ $15.998 (Order # 2352),--,$0,"-$1,599.8"
 06/12/2026 11:46:46 AM,Bought,900001001,Traditional IRA - x1001,200 of SPCX @ $15 (Order # 8438),--,$0,"-$3,000"
 06/12/2026 11:43:42 AM,Sold,900001001,Traditional IRA - x1001,20 of FMX @ $12.947 (Order # 1080),--,$0.006,$258.924
 06/12/2026 11:42:33 AM,Bought,900001001,Traditional IRA - x1001,50 of ICHR @ $8.599 (Order # 9106),--,$0,-$429.95
 06/12/2026 11:40:51 AM,Sold,900001001,Traditional IRA - x1001,175 of EPR @ $6.068 (Order # 5755),--,$0.022,"$1,061.877"
 06/12/2026 11:36:31 AM,Bought,900001001,Traditional IRA - x1001,10 of CRDO @ $25.478 (Order # 6584),--,$0,-$254.78
 06/12/2026 11:35:24 AM,Bought,900001001,Traditional IRA - x1001,50 of PSIX @ $4.202 (Order # 7149),--,$0,-$210.075
 06/12/2026 11:32:25 AM,Bought,900001001,Traditional IRA - x1001,5 of FN @ $60.479 (Order # 1661),--,$0,-$302.395
 06/12/2026 11:31:49 AM,Bought,900001001,Traditional IRA - x1001,100 of COPJ @ $4.287 (Order # 7384),--,$0,-$428.699
 06/12/2026 11:31:45 AM,Bought,900001001,Traditional IRA - x1001,30 of CRDO @ $25.399 (Order # 8217),--,$0,-$761.97
 06/12/2026 11:30:50 AM,Bought,900001001,Traditional IRA - x1001,25 of CRWV @ $10.468 (Order # 1346),--,$0,-$261.7
 06/12/2026 11:30:18 AM,Bought,900001001,Traditional IRA - x1001,144 of SPMO @ $15.324 (Order # 6993),--,$0,"-$2,206.64"
 06/12/2026 11:28:28 AM,Bought,900001001,Traditional IRA - x1001,60 of GDMN @ $8.056 (Order # 4875),--,$0,-$483.36
 06/12/2026 11:28:28 AM,Bought,900001001,Traditional IRA - x1001,40 of GDMN @ $8.059 (Order # 4875),--,$0,-$322.36
 06/12/2026 11:28:28 AM,Bought,900001001,Traditional IRA - x1001,40 of GDMN @ $8.06 (Order # 4875),--,$0,-$322.4
 06/12/2026 11:28:28 AM,Bought,900001001,Traditional IRA - x1001,160 of GDMN @ $8.057 (Order # 4875),--,$0,"-$1,289.12"
 06/12/2026 10:45:15 AM,Sold,900001001,Traditional IRA - x1001,150 of BLOX @ $1.669 (Order # 1124),--,$0.006,$250.341
 06/12/2026 10:39:09 AM,Sold,900001001,Traditional IRA - x1001,5555 of BTG @ $0.413 (Order # 4840),--,$0.048,"$2,294.115"
 06/12/2026 10:22:53 AM,Sold,900001001,Traditional IRA - x1001,20 of NEM @ $9.838 (Order # 6474),--,$0.005,$196.755
 06/12/2026 10:22:05 AM,Sold,900001001,Traditional IRA - x1001,10 of VRT @ $30.104 (Order # 3654),--,$0.007,$301.028
 06/12/2026 10:20:45 AM,Bought,900001001,Traditional IRA - x1001,75 of MKOR @ $6.711 (Order # 2069),--,$0,-$503.288
 06/12/2026 10:19:49 AM,Sold,900001001,Traditional IRA - x1001,100 of ARKX @ $3.405 (Order # 3825),--,$0.008,$340.484
 06/12/2026 10:19:07 AM,Sold,900001001,Traditional IRA - x1001,100 of PSTL @ $2.405 (Order # 9429),--,$0.005,$240.468
 06/12/2026 10:18:05 AM,Sold,900001001,Traditional IRA - x1001,200 of BLOX @ $1.676 (Order # 3293),--,$0.007,$335.213
 06/12/2026 10:17:35 AM,Bought,900001001,Traditional IRA - x1001,25 of CRWV @ $9.987 (Order # 8120),--,$0,-$249.663
 06/12/2026 10:16:57 AM,Bought,900001001,Traditional IRA - x1001,15 of TTMI @ $19.429 (Order # 5903),--,$0,-$291.435
 06/12/2026 10:16:05 AM,Sold,900001001,Traditional IRA - x1001,7 of MYRG @ $44.215 (Order # 1770),--,$0.007,$309.498
 06/12/2026 10:15:41 AM,Sold,900001001,Traditional IRA - x1001,15 of NBIS @ $23.503 (Order # 1210),--,$0.008,$352.532
 06/12/2026 10:15:13 AM,Sold,900001001,Traditional IRA - x1001,57 of AUGO @ $5.996 (Order # 1007),--,$0.008,$341.763
 06/12/2026 10:12:06 AM,Sold,900001001,Traditional IRA - x1001,100 of SPMO @ $15.275 (Order # 9035),--,$0.032,"$1,527.416"
 06/12/2026 10:10:24 AM,Sold,900001001,Traditional IRA - x1001,100 of SPMO @ $15.287 (Order # 3154),--,$0.032,"$1,528.616"
 06/12/2026 10:07:44 AM,Bought,900001001,Traditional IRA - x1001,300 of ARKX @ $3.404 (Order # 8621),--,$0,"-$1,021.2"
 06/12/2026 10:06:43 AM,Sold,900001001,Traditional IRA - x1001,50 of EWY @ $19.779 (Order # 5275),--,$0.021,$988.903
 06/12/2026 10:05:09 AM,Bought,900001001,Traditional IRA - x1001,200 of IBIT @ $3.588 (Order # 7487),--,$0,-$717.5
 06/12/2026 10:03:34 AM,Bought,900001001,Traditional IRA - x1001,150 of MRK @ $12.06 (Order # 8788),--,$0,"-$1,808.981"
 06/12/2026 10:02:52 AM,Bought,900001001,Traditional IRA - x1001,50 of UNH @ $40.665 (Order # 1166),--,$0,"-$2,033.225"
 06/12/2026 10:02:10 AM,Bought,900001001,Traditional IRA - x1001,50 of CRDO @ $25.104 (Order # 5193),--,$0,"-$1,255.2"
 06/12/2026 10:00:19 AM,Sold,900001001,Traditional IRA - x1001,320 of GDMN @ $7.899 (Order # 9335),--,$0.053,"$2,527.621"
 06/12/2026 09:59:24 AM,Bought,900001001,Traditional IRA - x1001,155 of SMCI @ $3.031 (Order # 2576),--,$0,-$469.805
 06/12/2026 09:59:24 AM,Bought,900001001,Traditional IRA - x1001,95 of SMCI @ $3.032 (Order # 2576),--,$0,-$287.997
 06/12/2026 09:58:04 AM,Sold,900001001,Traditional IRA - x1001,350 of ET @ $1.918 (Order # 2979),--,$0.014,$671.279
 06/12/2026 09:55:10 AM,Bought,900001001,Traditional IRA - x1001,10 of UNH @ $40.675 (Order # 6400),--,$0,-$406.75
 06/12/2026 09:55:10 AM,Bought,900001001,Traditional IRA - x1001,40 of UNH @ $40.67 (Order # 6400),--,$0,"-$1,626.78"
 06/12/2026 09:53:37 AM,Bought,900001001,Traditional IRA - x1001,100 of MRK @ $12.044 (Order # 2810),--,$0,"-$1,204.439"
 06/12/2026 09:50:58 AM,Bought,900001001,Traditional IRA - x1001,50 of CRDO @ $25.188 (Order # 5174),--,$0,"-$1,259.4"
 06/12/2026 09:45:29 AM,Sold,900001001,Traditional IRA - x1001,700 of GDMN @ $7.827 (Order # 8378),--,$0.113,"$5,478.773"
 06/12/2026 09:44:04 AM,Bought,900001001,Traditional IRA - x1001,50 of IAUM @ $4.174 (Order # 1596),--,$0,-$208.7
 06/12/2026 09:41:56 AM,Bought,900001001,Traditional IRA - x1001,100 of MXL @ $8.128 (Order # 9394),--,$0,-$812.8
 06/12/2026 09:40:16 AM,Bought,900001001,Traditional IRA - x1001,50 of EWY @ $19.573 (Order # 1415),--,$0,-$978.662
 06/12/2026 09:39:16 AM,Bought,900001001,Traditional IRA - x1001,25 of CRDO @ $25.179 (Order # 4272),--,$0,-$629.463
 06/12/2026 09:36:24 AM,Bought,900001001,Traditional IRA - x1001,1000 of GDMN @ $7.921 (Order # 1852),--,$0,"-$7,921"
 06/12/2026 09:33:13 AM,Bought,900001001,Traditional IRA - x1001,300 of SPMO @ $15.044 (Order # 7083),--,$0,"-$4,513.125"
 06/12/2026 09:30:00 AM,Bought,900001001,Traditional IRA - x1001,5 of PM @ $18.1 (Order # 8979),--,$0,-$90.5
 06/12/2026 09:30:00 AM,Bought,900001001,Traditional IRA - x1001,15 of MDLZ @ $6.332 (Order # 8146),--,$0,-$94.98
 06/11/2026 04:00:03 PM,Sold,900001001,Traditional IRA - x1001,100 of GM @ $8.085 (Order # 7196),--,$0.017,$808.481
 06/11/2026 04:00:01 PM,Sold,900001001,Traditional IRA - x1001,7 of CRWD @ $69.153 (Order # 9159),--,$0.01,$484.061
 06/11/2026 04:00:01 PM,Sold,900001001,Traditional IRA - x1001,10 of DDOG @ $23.424 (Order # 4542),--,$0.005,$234.235
 06/11/2026 04:00:00 PM,Sold,900001001,Traditional IRA - x1001,30 of AMZN @ $24.151 (Order # 2025),--,$0.015,$724.514
 06/11/2026 04:00:00 PM,Sold,900001001,Traditional IRA - x1001,15 of AMZN @ $24.151 (Order # 1241),--,$0.008,$362.257
 06/11/2026 02:57:20 PM,Bought,900001001,Traditional IRA - x1001,50 of USO @ $13.099 (Order # 4283),--,$0,-$654.95
 06/11/2026 02:50:59 PM,Sold,900001001,Traditional IRA - x1001,4154 of BTG @ $0.408 (Order # 8593),--,$0.035,"$1,694.758"
 06/11/2026 02:48:23 PM,Bought,900001001,Traditional IRA - x1001,1000 of BTG @ $0.409 (Order # 3501),--,$0,-$408.99
 06/11/2026 02:42:48 PM,Sold,900001001,Traditional IRA - x1001,3 of ASML @ $185.745 (Order # 2353),--,$0.012,$557.223
 06/11/2026 02:40:56 PM,Bought,900001001,Traditional IRA - x1001,120 of PSUS @ $3.735 (Order # 8230),--,$0,-$448.2
 06/11/2026 02:40:21 PM,Bought,900001001,Traditional IRA - x1001,125 of GDMN @ $7.694 (Order # 7120),--,$0,-$961.749
 06/11/2026 02:37:51 PM,Bought,900001001,Traditional IRA - x1001,10 of MSFT @ $38.801 (Order # 9431),--,$0,-$388.01
 06/11/2026 02:37:35 PM,Bought,900001001,Traditional IRA - x1001,10 of MSFT @ $38.804 (Order # 9318),--,$0,-$388.044
 06/11/2026 01:02:07 PM,Sold,900001001,Traditional IRA - x1001,25 of COPX @ $8.004 (Order # 9836),--,$0.005,$200.096
 06/11/2026 01:01:52 PM,Sold,900001001,Traditional IRA - x1001,45 of GDMN @ $7.419 (Order # 3911),--,$0.007,$333.83
 06/11/2026 01:01:33 PM,Sold,900001001,Traditional IRA - x1001,225 of BLOX @ $1.575 (Order # 6947),--,$0.008,$354.363
 06/11/2026 01:00:49 PM,Sold,900001001,Traditional IRA - x1001,25 of TIGO @ $9.174 (Order # 1210),--,$0.005,$229.348
 06/11/2026 01:00:14 PM,Sold,900001001,Traditional IRA - x1001,75 of SSRM @ $2.526 (Order # 8819),--,$0.004,$189.408
 06/11/2026 12:59:51 PM,Sold,900001001,Traditional IRA - x1001,15 of BLBD @ $7.036 (Order # 1192),--,$0.003,$105.53
 06/11/2026 12:59:16 PM,Sold,900001001,Traditional IRA - x1001,50 of URA @ $4.331 (Order # 3911),--,$0.005,$216.519
 06/11/2026 12:57:30 PM,Sold,900001001,Traditional IRA - x1001,3 of FN @ $57.894 (Order # 8775),--,$0.004,$173.677
 06/11/2026 12:56:25 PM,Sold,900001001,Traditional IRA - x1001,15 of MTZ @ $34.744 (Order # 4514),--,$0.011,$521.149
 06/11/2026 12:39:33 PM,Bought,900001001,Traditional IRA - x1001,50 of THG @ $19.83 (Order # 6291),--,$0,-$991.506
 06/11/2026 12:33:44 PM,Bought,900001001,Traditional IRA - x1001,50 of THG @ $19.808 (Order # 7014),--,$0,-$990.4
 06/11/2026 12:30:02 PM,Sold,900001001,Traditional IRA - x1001,10 of AMD @ $46.455 (Order # 2300),--,$0.01,$464.539
 06/11/2026 12:29:32 PM,Sold,900001001,Traditional IRA - x1001,10 of CEG @ $24.496 (Order # 3809),--,$0.006,$244.954
 06/11/2026 12:28:38 PM,Sold,900001001,Traditional IRA - x1001,49 of MXL @ $7.693 (Order # 9345),--,$0.008,$376.948
 06/11/2026 12:28:23 PM,Sold,900001001,Traditional IRA - x1001,100 of MXL @ $7.687 (Order # 6747),--,$0.016,$768.67
 06/11/2026 12:22:35 PM,Bought,900001001,Traditional IRA - x1001,5 of FN @ $58.445 (Order # 8820),--,$0,-$292.225
 06/11/2026 12:21:55 PM,Bought,900001001,Traditional IRA - x1001,100 of INDV @ $3.877 (Order # 5903),--,$0,-$387.65
 06/11/2026 12:21:02 PM,Sold,900001001,Traditional IRA - x1001,50 of URA @ $4.339 (Order # 3148),--,$0.005,$216.944
 06/11/2026 12:17:37 PM,Bought,900001001,Traditional IRA - x1001,5 of GOOG @ $34.67 (Order # 2734),--,$0,-$173.352
 06/11/2026 12:16:21 PM,Bought,900001001,Traditional IRA - x1001,200 of USAR @ $2.149 (Order # 7362),--,$0,-$429.776
 06/11/2026 12:13:48 PM,Bought,900001001,Traditional IRA - x1001,7 of APP @ $49.053 (Order # 1775),--,$0,-$343.368
 06/11/2026 12:13:22 PM,Bought,900001001,Traditional IRA - x1001,7 of CRWD @ $68.886 (Order # 5294),--,$0,-$482.2
 06/11/2026 11:13:49 AM,Sold,900001001,Traditional IRA - x1001,7 of AGX @ $60.999 (Order # 4503),--,$0.009,$426.984
 06/11/2026 10:59:28 AM,Sold,900001001,Traditional IRA - x1001,60 of MKOR @ $6.188 (Order # 2555),--,$0.008,$371.241
 06/11/2026 10:58:44 AM,Sold,900001001,Traditional IRA - x1001,7 of DY @ $45.416 (Order # 7587),--,$0.007,$317.905
 06/11/2026 10:57:39 AM,Sold,900001001,Traditional IRA - x1001,5 of SNDK @ $171.874 (Order # 5522),--,$0.018,$859.352
 06/11/2026 10:56:45 AM,Sold,900001001,Traditional IRA - x1001,35 of SHLD @ $6.384 (Order # 4102),--,$0.005,$223.429
 06/11/2026 10:53:02 AM,Sold,900001001,Traditional IRA - x1001,20 of GDE @ $6.056 (Order # 8019),--,$0.003,$121.12
 06/11/2026 10:52:37 AM,Sold,900001001,Traditional IRA - x1001,77 of PSIX @ $4.069 (Order # 2541),--,$0.007,$313.304
 06/11/2026 10:52:06 AM,Sold,900001001,Traditional IRA - x1001,40 of PSIX @ $4.069 (Order # 7558),--,$0.004,$162.735
 06/11/2026 10:51:36 AM,Sold,900001001,Traditional IRA - x1001,75 of SLV @ $5.791 (Order # 2483),--,$0.009,$434.317
 06/11/2026 10:49:17 AM,Sold,900001001,Traditional IRA - x1001,50 of TIGO @ $9.233 (Order # 9945),--,$0.01,$461.639
 06/11/2026 10:46:28 AM,Sold,900001001,Traditional IRA - x1001,15 of NVDA @ $20.205 (Order # 8783),--,$0.007,$303.068
 06/11/2026 10:45:22 AM,Bought,900001001,Traditional IRA - x1001,100 of PSUS @ $3.763 (Order # 5067),--,$0,-$376.3
 06/11/2026 10:44:03 AM,Sold,900001001,Traditional IRA - x1001,7 of MYRG @ $42.054 (Order # 9093),--,$0.007,$294.368
 06/11/2026 10:42:42 AM,Bought,900001001,Traditional IRA - x1001,7 of MTZ @ $35.112 (Order # 4760),--,$0,-$245.781
 06/11/2026 10:42:05 AM,Sold,900001001,Traditional IRA - x1001,10 of ICHR @ $7.556 (Order # 9488),--,$0.002,$75.558
 06/11/2026 10:41:34 AM,Sold,900001001,Traditional IRA - x1001,75 of SMCI @ $2.938 (Order # 1117),--,$0.005,$220.344
 06/11/2026 10:41:06 AM,Bought,900001001,Traditional IRA - x1001,30 of CNC @ $6.398 (Order # 6412),--,$0,-$191.925
 06/11/2026 10:40:14 AM,Bought,900001001,Traditional IRA - x1001,150 of PBR @ $1.839 (Order # 1275),--,$0,-$275.802
 06/11/2026 10:39:45 AM,Sold,900001001,Traditional IRA - x1001,3 of APP @ $48.479 (Order # 9557),--,$0.003,$145.433
 06/11/2026 10:39:18 AM,Sold,900001001,Traditional IRA - x1001,3 of CRWD @ $67.182 (Order # 3163),--,$0.005,$201.541
 06/11/2026 10:38:00 AM,Sold,900001001,Traditional IRA - x1001,400 of DRH @ $1.189 (Order # 4558),--,$0.01,$475.618
 06/11/2026 10:36:12 AM,Sold,900001001,Traditional IRA - x1001,25 of NUKZ @ $6.568 (Order # 7175),--,$0.004,$164.184
 06/11/2026 10:35:42 AM,Sold,900001001,Traditional IRA - x1001,20 of PLTR @ $12.967 (Order # 1107),--,$0.006,$259.334
 06/11/2026 10:34:31 AM,Sold,900001001,Traditional IRA - x1001,25 of GOOG @ $34.437 (Order # 9961),--,$0.018,$860.895
 06/11/2026 10:34:02 AM,Sold,900001001,Traditional IRA - x1001,100 of CSTM @ $3.341 (Order # 5797),--,$0.007,$334.091
 06/11/2026 10:33:32 AM,Sold,900001001,Traditional IRA - x1001,35 of SIVR @ $6.088 (Order # 7172),--,$0.005,$213.057
 06/11/2026 10:32:21 AM,Sold,900001001,Traditional IRA - x1001,5 of AVGO @ $37.679 (Order # 4499),--,$0.004,$188.389
 06/11/2026 10:32:03 AM,Sold,900001001,Traditional IRA - x1001,50 of IREN @ $5.311 (Order # 3129),--,$0.006,$265.518
 06/11/2026 10:31:43 AM,Sold,900001001,Traditional IRA - x1001,5 of COHR @ $36.274 (Order # 8089),--,$0.004,$181.366
 06/11/2026 10:31:20 AM,Sold,900001001,Traditional IRA - x1001,100 of SBLK @ $2.718 (Order # 1212),--,$0.006,$271.765
 06/11/2026 10:25:34 AM,Sold,900001001,Traditional IRA - x1001,10 of TSLA @ $38.803 (Order # 7790),--,$0.008,$388.022
 06/11/2026 10:22:55 AM,Sold,900001001,Traditional IRA - x1001,30 of CRDO @ $26.345 (Order # 2871),--,$0.017,$790.332
 06/11/2026 10:21:42 AM,Sold,900001001,Traditional IRA - x1001,20 of TSM @ $41.7 (Order # 6635),--,$0.018,$833.982
 06/11/2026 10:21:22 AM,Sold,900001001,Traditional IRA - x1001,200 of ARKX @ $3.326 (Order # 7589),--,$0.014,$665.082
 06/11/2026 10:20:27 AM,Sold,900001001,Traditional IRA - x1001,75 of COPX @ $7.962 (Order # 3502),--,$0.013,$597.099
 06/11/2026 10:19:52 AM,Sold,900001001,Traditional IRA - x1001,55 of TWLO @ $20.269 (Order # 9406),--,$0.023,"$1,114.758"
 06/11/2026 10:19:19 AM,Bought,900001001,Traditional IRA - x1001,25 of XOM @ $15.135 (Order # 2980),--,$0,-$378.375
 06/11/2026 10:18:39 AM,Sold,900001001,Traditional IRA - x1001,5 of SNDK @ $173.907 (Order # 4380),--,$0.018,$869.517
 06/11/2026 10:18:15 AM,Sold,900001001,Traditional IRA - x1001,300 of PPLT @ $1.515 (Order # 7050),--,$0.01,$454.613
 06/11/2026 10:17:52 AM,Sold,900001001,Traditional IRA - x1001,25 of TTMI @ $17.929 (Order # 1939),--,$0.01,$448.215
 06/11/2026 10:17:34 AM,Sold,900001001,Traditional IRA - x1001,35 of AUGO @ $5.32 (Order # 4911),--,$0.004,$186.195
 06/11/2026 10:16:30 AM,Bought,900001001,Traditional IRA - x1001,75 of EPR @ $6.005 (Order # 7451),--,$0,-$450.375
 06/11/2026 10:15:41 AM,Sold,900001001,Traditional IRA - x1001,5 of ASML @ $180.821 (Order # 6237),--,$0.019,$904.086
 06/11/2026 10:13:47 AM,Bought,900001001,Traditional IRA - x1001,15 of USO @ $13.378 (Order # 7963),--,$0,-$200.67
 06/11/2026 10:12:19 AM,Sold,900001001,Traditional IRA - x1001,300 of DRH @ $1.192 (Order # 7114),--,$0.008,$357.436
 06/11/2026 10:11:42 AM,Sold,900001001,Traditional IRA - x1001,42 of TSLA @ $38.744 (Order # 4970),--,$0.034,"$1,627.192"
 06/11/2026 10:09:22 AM,Sold,900001001,Traditional IRA - x1001,175 of EZPW @ $2.931 (Order # 3006),--,$0.011,$512.899
 06/11/2026 09:55:25 AM,Sold,900001001,Traditional IRA - x1001,5 of IWM @ $28.662 (Order # 1174),--,$0.003,$143.307
 06/11/2026 09:54:31 AM,Bought,900001001,Traditional IRA - x1001,15 of AMZN @ $23.771 (Order # 3112),--,$0,-$356.565
 06/11/2026 09:53:31 AM,Sold,900001001,Traditional IRA - x1001,15 of BE @ $24.75 (Order # 8903),--,$0.008,$371.242
 06/11/2026 09:52:09 AM,Sold,900001001,Traditional IRA - x1001,10 of CLS @ $37.216 (Order # 7907),--,$0.008,$372.152
 06/11/2026 09:51:44 AM,Sold,900001001,Traditional IRA - x1001,50 of IAUM @ $4.076 (Order # 8805),--,$0.005,$203.769
 06/11/2026 09:51:13 AM,Bought,900001001,Traditional IRA - x1001,25 of CRM @ $16.84 (Order # 6751),--,$0,-$421
 06/11/2026 09:50:44 AM,Sold,900001001,Traditional IRA - x1001,20 of RTX @ $18.006 (Order # 5459),--,$0.008,$360.102
 06/11/2026 09:50:16 AM,Sold,900001001,Traditional IRA - x1001,10 of STRL @ $81.456 (Order # 2506),--,$0.017,$814.543
 06/11/2026 09:49:19 AM,Bought,900001001,Traditional IRA - x1001,150 of EZPW @ $2.956 (Order # 4884),--,$0,-$443.415
 06/11/2026 09:48:52 AM,Bought,900001001,Traditional IRA - x1001,125 of PSUS @ $3.762 (Order # 1056),--,$0,-$470.188
 06/11/2026 09:48:26 AM,Sold,900001001,Traditional IRA - x1001,70 of THG @ $19.826 (Order # 8706),--,$0.029,"$1,387.791"
 06/11/2026 09:47:32 AM,Bought,900001001,Traditional IRA - x1001,20 of TSLA @ $38.473 (Order # 3021),--,$0,-$769.45
 06/11/2026 09:47:06 AM,Sold,900001001,Traditional IRA - x1001,700 of DRH @ $1.185 (Order # 3890),--,$0.018,$829.65
 06/11/2026 09:46:27 AM,Sold,900001001,Traditional IRA - x1001,255 of GM @ $7.934 (Order # 4544),--,$0.042,"$2,023.123"
 06/11/2026 09:45:32 AM,Sold,900001001,Traditional IRA - x1001,1000 of NEXA @ $1.222 (Order # 9201),--,$0.026,"$1,221.954"
 06/11/2026 09:44:52 AM,Sold,900001001,Traditional IRA - x1001,50 of CNC @ $6.473 (Order # 5891),--,$0.007,$323.642
 06/11/2026 09:44:24 AM,Sold,900001001,Traditional IRA - x1001,30 of GOOG @ $34.515 (Order # 4824),--,$0.022,"$1,035.437"
 06/11/2026 09:43:39 AM,Sold,900001001,Traditional IRA - x1001,130 of XOM @ $15.127 (Order # 9788),--,$0.041,"$1,966.402"
 06/11/2026 09:42:44 AM,Sold,900001001,Traditional IRA - x1001,500 of USAR @ $2.06 (Order # 1770),--,$0.022,"$1,029.718"
 06/11/2026 09:41:51 AM,Sold,900001001,Traditional IRA - x1001,20 of AEM @ $15.115 (Order # 9342),--,$0.007,$302.291
 06/11/2026 09:41:12 AM,Sold,900001001,Traditional IRA - x1001,20 of DDOG @ $22.589 (Order # 5274),--,$0.01,$451.768
 06/11/2026 09:40:38 AM,Sold,900001001,Traditional IRA - x1001,85 of IREN @ $5.086 (Order # 5400),--,$0.009,$432.299
 06/11/2026 09:39:57 AM,Sold,900001001,Traditional IRA - x1001,30 of UNH @ $40.422 (Order # 1498),--,$0.025,"$1,212.619"
 06/11/2026 09:39:18 AM,Sold,900001001,Traditional IRA - x1001,15 of COHR @ $35.128 (Order # 6170),--,$0.011,$526.909
 06/11/2026 09:38:36 AM,Sold,900001001,Traditional IRA - x1001,35 of NBIS @ $20.85 (Order # 1619),--,$0.016,$729.735
 06/11/2026 09:37:56 AM,Sold,900001001,Traditional IRA - x1001,7 of APP @ $48.056 (Order # 5355),--,$0.007,$336.382
 06/11/2026 09:37:23 AM,Sold,900001001,Traditional IRA - x1001,15 of VRT @ $28.531 (Order # 4558),--,$0.009,$427.956
 06/11/2026 09:36:19 AM,Bought,900001001,Traditional IRA - x1001,7 of MYRG @ $41.924 (Order # 8316),--,$0,-$293.468
 06/11/2026 09:34:03 AM,Bought,900001001,Traditional IRA - x1001,150 of EZPW @ $2.986 (Order # 8669),--,$0,-$447.83
 06/11/2026 09:33:05 AM,Bought,900001001,Traditional IRA - x1001,25 of REMX @ $8.872 (Order # 9631),--,$0,-$221.8
 06/11/2026 09:31:33 AM,Bought,900001001,Traditional IRA - x1001,100 of ARE @ $5.254 (Order # 3304),--,$0,-$525.4
 06/11/2026 09:30:15 AM,Bought,900001001,Traditional IRA - x1001,25 of TTMI @ $17.456 (Order # 1791),--,$0,-$436.4
 06/11/2026 09:30:01 AM,Bought,900001001,Traditional IRA - x1001,3 of SNDK @ $167.251 (Order # 9379),--,$0,-$501.753
 06/11/2026 09:30:01 AM,Bought,900001001,Traditional IRA - x1001,5 of FN @ $59.389 (Order # 1490),--,$0,-$296.945
 06/11/2026 09:30:01 AM,Bought,900001001,Traditional IRA - x1001,15 of NBIS @ $20.539 (Order # 9555),--,$0,-$308.085
 06/11/2026 09:30:01 AM,Bought,900001001,Traditional IRA - x1001,60 of ICHR @ $7.461 (Order # 3005),--,$0,-$447.66
 06/11/2026 09:30:00 AM,Bought,900001001,Traditional IRA - x1001,300 of ARKX @ $3.303 (Order # 5642),--,$0,-$990.9
 06/11/2026 09:30:00 AM,Bought,900001001,Traditional IRA - x1001,200 of BLOX @ $1.541 (Order # 5992),--,$0,-$308.2
 06/11/2026 09:30:00 AM,Bought,900001001,Traditional IRA - x1001,75 of SMCI @ $2.933 (Order # 2721),--,$0,-$219.975
 06/11/2026 09:30:00 AM,Bought,900001001,Traditional IRA - x1001,75 of PSIX @ $3.881 (Order # 8849),--,$0,-$291.075
 06/11/2026 09:30:00 AM,Bought,900001001,Traditional IRA - x1001,10 of COHR @ $35.661 (Order # 2384),--,$0,-$356.61
 06/11/2026 03:00:00 AM,Qualified Dividend,900001001,Traditional IRA - x1001,MICROSOFT CORP REC 06/11/26 PAY 06/11/26 RATE 0.00000000 QTY 0.00000000,--,$0,$9.737
 06/10/2026 04:00:03 PM,Bought,900001001,Traditional IRA - x1001,200 of PINE @ $2.021 (Order # 5237),--,$0,-$404.2
 06/10/2026 04:00:03 PM,Bought,900001001,Traditional IRA - x1001,25 of AEM @ $15.248 (Order # 4134),--,$0,-$381.2
 06/10/2026 04:00:01 PM,Bought,900001001,Traditional IRA - x1001,30 of AMZN @ $23.8 (Order # 5633),--,$0,-$714
 06/10/2026 04:00:00 PM,Bought,900001001,Traditional IRA - x1001,45 of GDMN @ $7.265 (Order # 9471),--,$0,-$326.925
 06/10/2026 04:00:00 PM,Bought,900001001,Traditional IRA - x1001,175 of EZPW @ $2.904 (Order # 7483),--,$0,-$508.2
 06/10/2026 02:27:47 PM,Bought,900001001,Traditional IRA - x1001,125 of PSUS @ $3.774 (Order # 1956),--,$0,-$471.75
 06/10/2026 02:27:02 PM,Bought,900001001,Traditional IRA - x1001,25 of GOOG @ $35.427 (Order # 2927),--,$0,-$885.663
 06/10/2026 02:26:12 PM,Bought,900001001,Traditional IRA - x1001,150 of GM @ $8.013 (Order # 7465),--,$0,"-$1,202.007"
 06/10/2026 02:25:14 PM,Bought,900001001,Traditional IRA - x1001,50 of CNC @ $6.541 (Order # 7288),--,$0,-$327.025
 06/10/2026 02:23:02 PM,Bought,900001001,Traditional IRA - x1001,25 of FMX @ $12.288 (Order # 6316),--,$0,-$307.2
 06/10/2026 02:22:32 PM,Bought,900001001,Traditional IRA - x1001,10 of TSLA @ $38.365 (Order # 9409),--,$0,-$383.645
 06/10/2026 02:20:32 PM,Bought,900001001,Traditional IRA - x1001,15 of BE @ $23.668 (Order # 5063),--,$0,-$355.02
 06/10/2026 02:18:24 PM,Bought,900001001,Traditional IRA - x1001,5 of APP @ $50.154 (Order # 5105),--,$0,-$250.77
 06/10/2026 02:14:44 PM,Sold,900001001,Traditional IRA - x1001,20 of THG @ $19.612 (Order # 7293),--,$0.009,$392.231
 06/10/2026 02:13:59 PM,Sold,900001001,Traditional IRA - x1001,50 of CVSA @ $12.953 (Order # 7196),--,$0.014,$647.635
 06/10/2026 02:13:01 PM,Sold,900001001,Traditional IRA - x1001,40 of PARR @ $5.791 (Order # 8233),--,$0.005,$231.614
 06/10/2026 02:12:19 PM,Sold,900001001,Traditional IRA - x1001,56 of PARR @ $5.785 (Order # 3029),--,$0.007,$323.948
 06/10/2026 02:11:42 PM,Sold,900001001,Traditional IRA - x1001,1 of PARR @ $5.789 (Order # 6687),--,$0.001,$5.788
 06/10/2026 01:32:00 PM,Sold,900001001,Traditional IRA - x1001,1 of CRDO @ $24.329 (Order # 9953),--,$0.001,$24.328
 06/10/2026 11:18:35 AM,Sold,900001001,Traditional IRA - x1001,1 of INCY @ $10.661 (Order # 6018),--,$0.001,$10.66
 06/10/2026 11:17:59 AM,Sold,900001001,Traditional IRA - x1001,75 of INCY @ $10.665 (Order # 6346),--,$0.017,$799.82
 06/10/2026 11:16:24 AM,Sold,900001001,Traditional IRA - x1001,1 of ASML @ $174.195 (Order # 4690),--,$0.004,$174.191
 06/10/2026 10:57:42 AM,Sold,900001001,Traditional IRA - x1001,15 of COHR @ $36.04 (Order # 5222),--,$0.012,$540.59
 06/10/2026 10:56:54 AM,Sold,900001001,Traditional IRA - x1001,12 of CRWD @ $65.373 (Order # 1419),--,$0.017,$784.459
 06/10/2026 10:55:55 AM,Sold,900001001,Traditional IRA - x1001,10 of DDOG @ $22.895 (Order # 5480),--,$0.005,$228.947
 06/10/2026 10:47:22 AM,Bought,900001001,Traditional IRA - x1001,500 of DRH @ $1.185 (Order # 1023),--,$0,-$592.25
 06/10/2026 10:46:50 AM,Bought,900001001,Traditional IRA - x1001,75 of TIGO @ $8.961 (Order # 8990),--,$0,-$672.048
 06/10/2026 10:45:37 AM,Bought,900001001,Traditional IRA - x1001,25 of UNH @ $40.815 (Order # 1445),--,$0,"-$1,020.375"
 06/10/2026 10:44:58 AM,Bought,900001001,Traditional IRA - x1001,50 of MRK @ $11.892 (Order # 7272),--,$0,-$594.575
 06/10/2026 10:44:14 AM,Bought,900001001,Traditional IRA - x1001,175 of ARE @ $5.347 (Order # 5016),--,$0,-$935.725
 06/10/2026 10:43:50 AM,Bought,900001001,Traditional IRA - x1001,10 of BRK.B @ $48.953 (Order # 7872),--,$0,-$489.53
 06/10/2026 10:43:17 AM,Bought,900001001,Traditional IRA - x1001,50 of XOM @ $15.102 (Order # 8664),--,$0,-$755.1
 06/10/2026 10:42:47 AM,Bought,900001001,Traditional IRA - x1001,25 of THG @ $19.661 (Order # 1818),--,$0,-$491.513
 06/10/2026 10:40:11 AM,Bought,900001001,Traditional IRA - x1001,30 of AMZN @ $24.093 (Order # 4373),--,$0,-$722.788
 06/10/2026 10:37:19 AM,Sold,900001001,Traditional IRA - x1001,20 of INCY @ $10.987 (Order # 7205),--,$0.005,$219.735
 06/10/2026 10:36:52 AM,Bought,900001001,Traditional IRA - x1001,5 of ASML @ $180.775 (Order # 4351),--,$0,-$903.873
 06/10/2026 10:35:41 AM,Bought,900001001,Traditional IRA - x1001,100 of UNFI @ $4.848 (Order # 6671),--,$0,-$484.8
 06/10/2026 10:34:04 AM,Sold,900001001,Traditional IRA - x1001,5 of LITE @ $87.742 (Order # 2927),--,$0.01,$438.7
 06/10/2026 10:32:47 AM,Sold,900001001,Traditional IRA - x1001,60 of ICHR @ $7.979 (Order # 9661),--,$0.01,$478.739
 06/10/2026 10:32:19 AM,Sold,900001001,Traditional IRA - x1001,21 of MXL @ $7.425 (Order # 3529),--,$0.004,$155.92
 06/10/2026 10:29:39 AM,Bought,900001001,Traditional IRA - x1001,30 of CRDO @ $25.91 (Order # 6842),--,$0,-$777.3
 06/10/2026 10:28:01 AM,Bought,900001001,Traditional IRA - x1001,75 of INCY @ $10.855 (Order # 7427),--,$0,-$814.125
 06/10/2026 10:27:21 AM,Bought,900001001,Traditional IRA - x1001,5 of SNDK @ $174.659 (Order # 3520),--,$0,-$873.293
 06/10/2026 10:26:27 AM,Bought,900001001,Traditional IRA - x1001,1000 of PINE @ $1.997 (Order # 3241),--,$0,"-$1,996.5"
 06/10/2026 10:23:09 AM,Sold,900001001,Traditional IRA - x1001,70 of UNFI @ $4.812 (Order # 5138),--,$0.007,$336.797
 06/10/2026 09:50:24 AM,Bought,900001001,Traditional IRA - x1001,25 of TTMI @ $18.647 (Order # 1821),--,$0,-$466.175
 06/10/2026 09:49:34 AM,Bought,900001001,Traditional IRA - x1001,5 of ASML @ $179.931 (Order # 4404),--,$0,-$899.655
 06/10/2026 09:47:31 AM,Sold,900001001,Traditional IRA - x1001,25 of TIGO @ $8.726 (Order # 7936),--,$0.005,$218.145
 06/10/2026 09:37:11 AM,Sold,900001001,Traditional IRA - x1001,15 of TTMI @ $17.962 (Order # 3670),--,$0.006,$269.424
 06/10/2026 09:36:44 AM,Bought,900001001,Traditional IRA - x1001,50 of INDV @ $3.823 (Order # 5972),--,$0,-$191.15
 06/10/2026 09:36:07 AM,Bought,900001001,Traditional IRA - x1001,125 of PBR @ $1.793 (Order # 8709),--,$0,-$224.063
 06/10/2026 09:35:39 AM,Sold,900001001,Traditional IRA - x1001,7 of FN @ $59.049 (Order # 2072),--,$0.009,$413.335
 06/10/2026 09:34:55 AM,Sold,900001001,Traditional IRA - x1001,200 of NLCP @ $1.509 (Order # 5781),--,$0.502,$301.222
 06/10/2026 09:34:33 AM,Sold,900001001,Traditional IRA - x1001,4 of CRDO @ $24.163 (Order # 7268),--,$0.002,$96.65
 06/10/2026 09:34:17 AM,Sold,900001001,Traditional IRA - x1001,15 of LITE @ $84.485 (Order # 6082),--,$0.027,"$1,267.248"
 06/10/2026 09:33:33 AM,Sold,900001001,Traditional IRA - x1001,150 of CCL @ $2.712 (Order # 6251),--,$0.009,$406.788
 06/10/2026 09:33:11 AM,Sold,900001001,Traditional IRA - x1001,10 of AVGO @ $38.057 (Order # 5561),--,$0.008,$380.557
 06/10/2026 09:32:49 AM,Sold,900001001,Traditional IRA - x1001,9 of APP @ $50.093 (Order # 4580),--,$0.01,$450.825
 06/10/2026 09:30:54 AM,Bought,900001001,Traditional IRA - x1001,75 of XOM @ $15.076 (Order # 4568),--,$0,"-$1,130.7"
 06/10/2026 09:30:03 AM,Bought,900001001,Traditional IRA - x1001,20 of RTX @ $18.24 (Order # 5776),--,$0,-$364.804
 06/10/2026 09:30:02 AM,Bought,900001001,Traditional IRA - x1001,250 of ET @ $1.912 (Order # 9842),--,$0,-$478
 06/10/2026 09:30:01 AM,Sold,900001001,Traditional IRA - x1001,40 of CEG @ $25.046 (Order # 5540),--,$0.021,"$1,001.824"
 06/10/2026 09:30:01 AM,Sold,900001001,Traditional IRA - x1001,15 of DY @ $45.458 (Order # 7385),--,$0.015,$681.855
 06/10/2026 09:30:01 AM,Sold,900001001,Traditional IRA - x1001,41 of GOOG @ $36.131 (Order # 9465),--,$0.031,"$1,481.339"
 06/10/2026 09:30:01 AM,Sold,900001001,Traditional IRA - x1001,75 of UBER @ $6.97 (Order # 7009),--,$0.011,$522.738
 06/10/2026 09:30:01 AM,Bought,900001001,Traditional IRA - x1001,10 of TSLA @ $39.111 (Order # 5495),--,$0,-$391.11
 06/10/2026 09:30:01 AM,Bought,900001001,Traditional IRA - x1001,400 of PINE @ $1.985 (Order # 1423),--,$0,-$794
 06/10/2026 09:30:01 AM,Bought,900001001,Traditional IRA - x1001,60 of PARR @ $5.623 (Order # 3560),--,$0,-$337.38
 06/10/2026 09:30:01 AM,Sold,900001001,Traditional IRA - x1001,250 of PLTR @ $12.931 (Order # 1518),--,$0.067,"$3,232.678"
 06/10/2026 09:30:00 AM,Sold,900001001,Traditional IRA - x1001,20 of STRL @ $83.901 (Order # 4673),--,$0.035,"$1,677.985"
 06/10/2026 09:30:00 AM,Sold,900001001,Traditional IRA - x1001,13 of LITE @ $83.296 (Order # 1945),--,$0.023,"$1,082.825"
 06/10/2026 09:30:00 AM,Sold,900001001,Traditional IRA - x1001,51 of MXL @ $7.042 (Order # 3610),--,$0.008,$359.133
 06/10/2026 09:30:00 AM,Sold,900001001,Traditional IRA - x1001,300 of CDE @ $1.55 (Order # 1247),--,$0.01,$464.984
 06/10/2026 09:30:00 AM,Sold,900001001,Traditional IRA - x1001,145 of IAUM @ $4.135 (Order # 2967),--,$0.013,$599.559
 06/10/2026 09:30:00 AM,Sold,900001001,Traditional IRA - x1001,55 of CRWV @ $9.539 (Order # 1019),--,$0.011,$524.633
 06/10/2026 09:30:00 AM,Sold,900001001,Traditional IRA - x1001,95 of SMCI @ $3.555 (Order # 9147),--,$0.007,$337.716
 06/10/2026 09:30:00 AM,Sold,900001001,Traditional IRA - x1001,91 of SLV @ $5.82 (Order # 9656),--,$0.011,$529.607
 06/10/2026 09:30:00 AM,Sold,900001001,Traditional IRA - x1001,511 of USAR @ $2.095 (Order # 8439),--,$0.023,"$1,070.512"
 06/10/2026 09:30:00 AM,Bought,900001001,Traditional IRA - x1001,300 of DRH @ $1.172 (Order # 7764),--,$0,-$351.6
 06/10/2026 09:30:00 AM,Sold,900001001,Traditional IRA - x1001,40 of NVDA @ $20.444 (Order # 5893),--,$0.017,$817.742
 06/10/2026 09:30:00 AM,Sold,900001001,Traditional IRA - x1001,110 of GDE @ $6.202 (Order # 3563),--,$0.015,$682.203
 06/10/2026 09:30:00 AM,Sold,900001001,Traditional IRA - x1001,61 of MSFT @ $39.8 (Order # 7999),--,$0.051,"$2,427.748"
 06/10/2026 03:00:00 AM,Qualified Dividend,900001001,Traditional IRA - x1001,COEUR MINING INC REC 06/10/26 PAY 06/10/26 RATE 0.00000000 QTY 0.00000000,--,$0,$2.75
 06/09/2026 04:00:03 PM,Sold,900001001,Traditional IRA - x1001,35 of THG @ $19.243 (Order # 6356),--,$0.014,$673.49
 06/09/2026 04:00:03 PM,Sold,900001001,Traditional IRA - x1001,100 of EPR @ $5.902 (Order # 8648),--,$0.013,$590.185
 06/09/2026 04:00:01 PM,Sold,900001001,Traditional IRA - x1001,5 of AMD @ $47.551 (Order # 4834),--,$0.005,$237.748
 06/09/2026 04:00:01 PM,Sold,900001001,Traditional IRA - x1001,50 of MXL @ $7.261 (Order # 9588),--,$0.008,$363.041
 06/09/2026 04:00:00 PM,Sold,900001001,Traditional IRA - x1001,3 of STRL @ $84.201 (Order # 8901),--,$0.006,$252.597
 06/09/2026 04:00:00 PM,Sold,900001001,Traditional IRA - x1001,25 of TTMI @ $17.386 (Order # 1495),--,$0.009,$434.641
 06/09/2026 04:00:00 PM,Sold,900001001,Traditional IRA - x1001,75 of PSIX @ $3.914 (Order # 7971),--,$0.007,$293.542
 06/09/2026 03:30:35 PM,Sold,900001001,Traditional IRA - x1001,10 of CLS @ $36.463 (Order # 3273),--,$0.008,$364.622
 06/09/2026 03:30:14 PM,Sold,900001001,Traditional IRA - x1001,50 of URA @ $4.379 (Order # 7438),--,$0.005,$218.919
 06/09/2026 03:29:39 PM,Sold,900001001,Traditional IRA - x1001,50 of IREN @ $5.395 (Order # 1442),--,$0.006,$269.718
 06/09/2026 03:29:19 PM,Sold,900001001,Traditional IRA - x1001,5 of FN @ $57.816 (Order # 1422),--,$0.006,$289.072
 06/09/2026 03:28:58 PM,Sold,900001001,Traditional IRA - x1001,100 of SMCI @ $4.011 (Order # 4209),--,$0.009,$401.039
 06/09/2026 03:28:19 PM,Sold,900001001,Traditional IRA - x1001,5 of APP @ $51.816 (Order # 2670),--,$0.006,$259.074
 06/09/2026 03:27:46 PM,Sold,900001001,Traditional IRA - x1001,7 of COHR @ $35.429 (Order # 3918),--,$0.006,$247.997
 06/09/2026 03:22:53 PM,Bought,900001001,Traditional IRA - x1001,3 of LITE @ $80.44 (Order # 5698),--,$0,-$241.319
 06/09/2026 01:23:57 PM,Bought,900001001,Traditional IRA - x1001,70 of UNFI @ $4.584 (Order # 9560),--,$0,-$320.913
 06/09/2026 01:23:30 PM,Bought,900001001,Traditional IRA - x1001,10 of TSLA @ $39.233 (Order # 4862),--,$0,-$392.33
 06/09/2026 01:21:19 PM,Bought,900001001,Traditional IRA - x1001,50 of CNC @ $6.508 (Order # 5965),--,$0,-$325.4
 06/09/2026 01:20:48 PM,Bought,900001001,Traditional IRA - x1001,150 of BVN @ $3.081 (Order # 4656),--,$0,-$462.15
 06/09/2026 01:20:16 PM,Bought,900001001,Traditional IRA - x1001,75 of INDV @ $3.84 (Order # 2116),--,$0,-$288.013
 06/09/2026 01:19:30 PM,Bought,900001001,Traditional IRA - x1001,50 of ARE @ $5.362 (Order # 8597),--,$0,-$268.075
 06/09/2026 01:18:36 PM,Bought,900001001,Traditional IRA - x1001,15 of COHR @ $35.125 (Order # 4443),--,$0,-$526.872
 06/09/2026 01:18:14 PM,Bought,900001001,Traditional IRA - x1001,75 of PSIX @ $3.789 (Order # 7225),--,$0,-$284.175
 06/09/2026 01:17:48 PM,Bought,900001001,Traditional IRA - x1001,50 of URA @ $4.358 (Order # 1041),--,$0,-$217.9
 06/09/2026 01:17:29 PM,Bought,900001001,Traditional IRA - x1001,60 of IREN @ $5.348 (Order # 5216),--,$0,-$320.88
 06/09/2026 01:17:04 PM,Bought,900001001,Traditional IRA - x1001,25 of TTMI @ $16.913 (Order # 8711),--,$0,-$422.813
 06/09/2026 01:16:37 PM,Bought,900001001,Traditional IRA - x1001,7 of SOXX @ $54.002 (Order # 5778),--,$0,-$378.014
 06/09/2026 01:16:18 PM,Bought,900001001,Traditional IRA - x1001,5 of FN @ $56.684 (Order # 3684),--,$0,-$283.42
 06/09/2026 01:15:58 PM,Bought,900001001,Traditional IRA - x1001,35 of SIVR @ $6.183 (Order # 1100),--,$0,-$216.405
 06/09/2026 01:15:37 PM,Bought,900001001,Traditional IRA - x1001,10 of MTZ @ $34.545 (Order # 9313),--,$0,-$345.453
 06/09/2026 01:15:10 PM,Bought,900001001,Traditional IRA - x1001,25 of CRM @ $17.361 (Order # 7796),--,$0,-$434.013
 06/09/2026 01:14:34 PM,Bought,900001001,Traditional IRA - x1001,25 of CRWV @ $9.62 (Order # 6336),--,$0,-$240.5
 06/09/2026 01:12:49 PM,Bought,900001001,Traditional IRA - x1001,10 of VRT @ $28.136 (Order # 3193),--,$0,-$281.36
 06/09/2026 01:12:22 PM,Bought,900001001,Traditional IRA - x1001,5 of AMD @ $45.27 (Order # 1535),--,$0,-$226.35
 06/09/2026 01:12:03 PM,Bought,900001001,Traditional IRA - x1001,5 of APP @ $50.967 (Order # 4638),--,$0,-$254.836
 06/09/2026 01:11:41 PM,Bought,900001001,Traditional IRA - x1001,3 of STRL @ $81.387 (Order # 3087),--,$0,-$244.161
 06/09/2026 01:11:19 PM,Bought,900001001,Traditional IRA - x1001,50 of IREN @ $5.303 (Order # 2851),--,$0,-$265.15
 06/09/2026 01:10:58 PM,Bought,900001001,Traditional IRA - x1001,5 of LITE @ $80.171 (Order # 4545),--,$0,-$400.853
 06/09/2026 01:10:37 PM,Bought,900001001,Traditional IRA - x1001,100 of SMCI @ $3.907 (Order # 6746),--,$0,-$390.7
 06/09/2026 01:10:19 PM,Bought,900001001,Traditional IRA - x1001,50 of MXL @ $7.029 (Order # 1515),--,$0,-$351.45
 06/09/2026 01:09:56 PM,Bought,900001001,Traditional IRA - x1001,7 of COHR @ $34.945 (Order # 2215),--,$0,-$244.612
 06/09/2026 01:09:14 PM,Bought,900001001,Traditional IRA - x1001,10 of CLS @ $35.438 (Order # 8867),--,$0,-$354.375
 06/09/2026 12:09:18 PM,Bought,900001001,Traditional IRA - x1001,35 of AEM @ $15.678 (Order # 6751),--,$0,-$548.73
 06/09/2026 11:59:12 AM,Bought,900001001,Traditional IRA - x1001,50 of IAUM @ $4.259 (Order # 7109),--,$0,-$212.943
 06/09/2026 11:57:36 AM,Bought,900001001,Traditional IRA - x1001,100 of USAR @ $2.044 (Order # 4149),--,$0,-$204.4
 06/09/2026 11:55:02 AM,Bought,900001001,Traditional IRA - x1001,5555 of BTG @ $0.4 (Order # 3864),--,$0,"-$2,222"
 06/09/2026 11:52:55 AM,Sold,900001001,Traditional IRA - x1001,50 of HHH @ $6.721 (Order # 4863),--,$0.007,$336.043
 06/09/2026 11:52:29 AM,Sold,900001001,Traditional IRA - x1001,20 of HHH @ $6.721 (Order # 9299),--,$0.003,$134.407
 06/09/2026 11:51:58 AM,Sold,900001001,Traditional IRA - x1001,30 of HHH @ $6.722 (Order # 8643),--,$0.005,$201.654
 06/09/2026 11:51:22 AM,Sold,900001001,Traditional IRA - x1001,40 of ARE @ $5.289 (Order # 4847),--,$0.005,$211.554
 06/09/2026 11:49:46 AM,Bought,900001001,Traditional IRA - x1001,50 of GM @ $8.181 (Order # 1504),--,$0,-$409.025
 06/09/2026 11:48:15 AM,Sold,900001001,Traditional IRA - x1001,15 of RTX @ $18.01 (Order # 7546),--,$0.006,$270.144
 06/09/2026 11:47:37 AM,Sold,900001001,Traditional IRA - x1001,100 of PINE @ $1.978 (Order # 6977),--,$0.005,$197.743
 06/09/2026 11:46:41 AM,Sold,900001001,Traditional IRA - x1001,5 of UNH @ $40.887 (Order # 6642),--,$0.005,$204.43
 06/09/2026 11:46:20 AM,Sold,900001001,Traditional IRA - x1001,100 of PSTL @ $2.335 (Order # 6229),--,$0.005,$233.493
 06/09/2026 11:45:56 AM,Bought,900001001,Traditional IRA - x1001,200 of DRH @ $1.164 (Order # 3367),--,$0,-$232.7
 06/09/2026 11:45:13 AM,Sold,900001001,Traditional IRA - x1001,225 of PSTL @ $2.335 (Order # 7143),--,$0.011,$525.36
 06/09/2026 11:41:02 AM,Sold,900001001,Traditional IRA - x1001,75 of UNFI @ $4.52 (Order # 7943),--,$0.007,$339.004
 06/09/2026 10:36:17 AM,Sold,900001001,Traditional IRA - x1001,5 of UNH @ $41.234 (Order # 6668),--,$0.005,$206.165
 06/09/2026 10:14:16 AM,Sold,900001001,Traditional IRA - x1001,3 of SNDK @ $176.283 (Order # 9684),--,$0.011,$528.838
 06/09/2026 10:13:41 AM,Sold,900001001,Traditional IRA - x1001,25 of REMX @ $8.968 (Order # 7107),--,$0.005,$224.195
 06/09/2026 10:12:35 AM,Sold,900001001,Traditional IRA - x1001,100 of GDMN @ $8.233 (Order # 9777),--,$0.017,$823.281
 06/09/2026 10:11:01 AM,Sold,900001001,Traditional IRA - x1001,150 of NLCP @ $1.496 (Order # 4012),--,$0.5,$223.897
 06/09/2026 10:10:30 AM,Sold,900001001,Traditional IRA - x1001,150 of NLCP @ $1.496 (Order # 9266),--,$0.5,$223.897
 06/09/2026 10:09:22 AM,Sold,900001001,Traditional IRA - x1001,30 of ICHR @ $7.589 (Order # 8243),--,$0.005,$227.649
 06/09/2026 10:08:57 AM,Sold,900001001,Traditional IRA - x1001,20 of EAT @ $15.118 (Order # 9663),--,$0.007,$302.353
 06/09/2026 10:08:33 AM,Sold,900001001,Traditional IRA - x1001,25 of CEG @ $25.32 (Order # 6491),--,$0.014,$632.986
 06/09/2026 10:08:06 AM,Sold,900001001,Traditional IRA - x1001,25 of EWY @ $18.907 (Order # 2986),--,$0.01,$472.66
 06/09/2026 10:07:18 AM,Sold,900001001,Traditional IRA - x1001,15 of MYRG @ $43.951 (Order # 6601),--,$0.014,$659.252
 06/09/2026 10:06:44 AM,Sold,900001001,Traditional IRA - x1001,20 of AMZN @ $24.852 (Order # 2407),--,$0.011,$497.019
 06/09/2026 10:06:12 AM,Sold,900001001,Traditional IRA - x1001,35 of DDOG @ $23.543 (Order # 2030),--,$0.017,$823.97
 06/09/2026 10:05:32 AM,Sold,900001001,Traditional IRA - x1001,250 of EZPW @ $3.204 (Order # 9151),--,$0.017,$800.853
 06/09/2026 10:05:15 AM,Sold,900001001,Traditional IRA - x1001,75 of EZPW @ $3.204 (Order # 8340),--,$0.005,$240.257
 06/09/2026 10:04:47 AM,Sold,900001001,Traditional IRA - x1001,50 of TIGO @ $8.592 (Order # 4453),--,$0.009,$429.567
 06/09/2026 10:04:15 AM,Sold,900001001,Traditional IRA - x1001,59 of SYF @ $7.296 (Order # 1311),--,$0.009,$430.454
 06/09/2026 10:03:47 AM,Sold,900001001,Traditional IRA - x1001,10 of NBIS @ $23.17 (Order # 3849),--,$0.005,$231.696
 06/09/2026 10:03:15 AM,Sold,900001001,Traditional IRA - x1001,20 of TTMI @ $18.549 (Order # 2111),--,$0.008,$370.97
 06/09/2026 10:02:42 AM,Sold,900001001,Traditional IRA - x1001,10 of IWM @ $29.045 (Order # 4644),--,$0.006,$290.439
 06/09/2026 10:01:27 AM,Sold,900001001,Traditional IRA - x1001,83 of ICHR @ $7.607 (Order # 4564),--,$0.014,$631.365
 06/09/2026 10:00:55 AM,Sold,900001001,Traditional IRA - x1001,1 of ASML @ $181.432 (Order # 6168),--,$0.004,$181.428
 06/09/2026 10:00:12 AM,Sold,900001001,Traditional IRA - x1001,5 of SNDK @ $175.909 (Order # 6750),--,$0.019,$879.526
 06/09/2026 09:59:49 AM,Sold,900001001,Traditional IRA - x1001,30 of BE @ $27.55 (Order # 9801),--,$0.018,$826.466
 06/09/2026 09:59:21 AM,Sold,900001001,Traditional IRA - x1001,10 of CRDO @ $25.06 (Order # 9473),--,$0.006,$250.589
 06/09/2026 09:58:50 AM,Sold,900001001,Traditional IRA - x1001,150 of NEXA @ $1.328 (Order # 5312),--,$0.005,$199.117
 06/09/2026 09:58:21 AM,Sold,900001001,Traditional IRA - x1001,10 of AGX @ $63.683 (Order # 2244),--,$0.014,$636.811
 06/09/2026 09:57:33 AM,Sold,900001001,Traditional IRA - x1001,150 of ICHR @ $7.641 (Order # 5598),--,$0.024,"$1,146.048"
 06/09/2026 09:56:58 AM,Sold,900001001,Traditional IRA - x1001,25 of ICHR @ $7.678 (Order # 5826),--,$0.004,$191.946
 06/09/2026 09:56:51 AM,Sold,900001001,Traditional IRA - x1001,60 of NBIS @ $23.163 (Order # 3944),--,$0.029,"$1,389.75"
 06/09/2026 09:51:49 AM,Sold,900001001,Traditional IRA - x1001,200 of NEXA @ $1.319 (Order # 1817),--,$0.006,$263.814
 06/09/2026 09:51:05 AM,Sold,900001001,Traditional IRA - x1001,150 of EZPW @ $3.202 (Order # 6326),--,$0.01,$480.287
 06/09/2026 09:50:42 AM,Sold,900001001,Traditional IRA - x1001,7 of GOOG @ $36.733 (Order # 5760),--,$0.006,$257.122
 06/09/2026 09:50:20 AM,Sold,900001001,Traditional IRA - x1001,20 of GOOG @ $36.791 (Order # 8891),--,$0.016,$735.804
 06/09/2026 09:50:00 AM,Sold,900001001,Traditional IRA - x1001,7 of GOOG @ $36.87 (Order # 8404),--,$0.006,$258.084
 06/09/2026 09:44:57 AM,Sold,900001001,Traditional IRA - x1001,100 of BVN @ $3.288 (Order # 3090),--,$0.007,$328.791
 06/09/2026 09:44:15 AM,Bought,900001001,Traditional IRA - x1001,75 of UNFI @ $4.247 (Order # 5129),--,$0,-$318.494
 06/09/2026 09:33:10 AM,Sold,900001001,Traditional IRA - x1001,30 of SYF @ $7.234 (Order # 3769),--,$0.005,$217.014
 06/09/2026 09:30:21 AM,Sold,900001001,Traditional IRA - x1001,50 of EZPW @ $3.21 (Order # 3465),--,$0.004,$160.495
 06/09/2026 09:30:03 AM,Sold,900001001,Traditional IRA - x1001,2 of MU @ $98.727 (Order # 5290),--,$0.005,$197.449
 06/09/2026 09:30:00 AM,Bought,900001001,Traditional IRA - x1001,100 of USO @ $13.201 (Order # 4978),--,$0,"-$1,320.1"
 06/09/2026 03:00:00 AM,Qualified Dividend,900001001,Traditional IRA - x1001,ORLA MNG LTD NEW REC 06/09/26 PAY 06/09/26 RATE 0.00000000 QTY 0.00000000,--,$0,$0.825
 06/08/2026 04:00:03 PM,Bought,900001001,Traditional IRA - x1001,5 of AGX @ $61.998 (Order # 3530),--,$0,-$309.99
 06/08/2026 04:00:03 PM,Bought,900001001,Traditional IRA - x1001,10 of BE @ $25.357 (Order # 5844),--,$0,-$253.57
 06/08/2026 04:00:02 PM,Bought,900001001,Traditional IRA - x1001,50 of UNFI @ $5.164 (Order # 7804),--,$0,-$258.2
 06/08/2026 04:00:02 PM,Sold,900001001,Traditional IRA - x1001,20 of EAT @ $14.614 (Order # 6369),--,$0.007,$292.273
 06/08/2026 03:57:45 PM,Bought,900001001,Traditional IRA - x1001,100 of SBLK @ $2.672 (Order # 2132),--,$0,-$267.15
 06/08/2026 03:56:43 PM,Bought,900001001,Traditional IRA - x1001,15 of JAZZ @ $23.19 (Order # 1995),--,$0,-$347.843
 06/08/2026 03:56:13 PM,Bought,900001001,Traditional IRA - x1001,100 of INDV @ $3.739 (Order # 6747),--,$0,-$373.899
 06/08/2026 03:55:42 PM,Bought,900001001,Traditional IRA - x1001,20 of FMX @ $12.237 (Order # 6514),--,$0,-$244.749
 06/08/2026 03:55:08 PM,Bought,900001001,Traditional IRA - x1001,100 of PBR @ $1.774 (Order # 9519),--,$0,-$177.35
 06/08/2026 03:54:15 PM,Bought,900001001,Traditional IRA - x1001,30 of CNC @ $6.525 (Order # 7020),--,$0,-$195.75
 06/08/2026 03:53:03 PM,Bought,900001001,Traditional IRA - x1001,25 of MRK @ $11.919 (Order # 1172),--,$0,-$297.975
 06/08/2026 03:52:27 PM,Bought,900001001,Traditional IRA - x1001,3 of CRWD @ $65.579 (Order # 1046),--,$0,-$196.738
 06/08/2026 03:51:13 PM,Bought,900001001,Traditional IRA - x1001,50 of ARE @ $5.033 (Order # 4939),--,$0,-$251.63
 06/08/2026 03:50:26 PM,Bought,900001001,Traditional IRA - x1001,20 of AMZN @ $24.543 (Order # 4179),--,$0,-$490.86
 06/08/2026 03:49:44 PM,Bought,900001001,Traditional IRA - x1001,12 of THG @ $19.107 (Order # 7267),--,$0,-$229.278
 06/08/2026 03:49:44 PM,Bought,900001001,Traditional IRA - x1001,13 of THG @ $19.105 (Order # 7267),--,$0,-$248.365
 06/08/2026 03:49:10 PM,Bought,900001001,Traditional IRA - x1001,75 of EZPW @ $3.154 (Order # 1066),--,$0,-$236.513
 06/08/2026 03:48:35 PM,Bought,900001001,Traditional IRA - x1001,7 of MYRG @ $43.976 (Order # 6600),--,$0,-$307.834
 06/08/2026 03:48:13 PM,Bought,900001001,Traditional IRA - x1001,7 of DY @ $45.986 (Order # 2637),--,$0,-$321.899
 06/08/2026 03:47:52 PM,Bought,900001001,Traditional IRA - x1001,100 of KGC @ $2.573 (Order # 9996),--,$0,-$257.25
 06/08/2026 03:47:10 PM,Bought,900001001,Traditional IRA - x1001,35 of AUGO @ $5.854 (Order # 6552),--,$0,-$204.873
 06/08/2026 03:45:46 PM,Sold,900001001,Traditional IRA - x1001,35 of IREN @ $5.9 (Order # 7448),--,$0.005,$206.477
 06/08/2026 03:42:03 PM,Sold,900001001,Traditional IRA - x1001,25 of GM @ $8.385 (Order # 1679),--,$0.005,$209.608
 06/08/2026 02:26:02 PM,Sold,900001001,Traditional IRA - x1001,35 of CLS @ $38.921 (Order # 6030),--,$0.029,"$1,362.205"
 06/08/2026 01:42:21 PM,Bought,900001001,Traditional IRA - x1001,10 of NBIS @ $22.398 (Order # 5887),--,$0,-$223.98
 06/08/2026 01:39:49 PM,Bought,900001001,Traditional IRA - x1001,75 of PSUS @ $3.753 (Order # 7219),--,$0,-$281.475
 06/08/2026 01:27:16 PM,Sold,900001001,Traditional IRA - x1001,125 of USAR @ $2.26 (Order # 8300),--,$0.006,$282.505
 06/08/2026 01:22:20 PM,Sold,900001001,Traditional IRA - x1001,7 of APP @ $56.667 (Order # 2007),--,$0.009,$396.66
 06/08/2026 01:19:00 PM,Bought,900001001,Traditional IRA - x1001,25 of XOM @ $15.133 (Order # 3769),--,$0,-$378.313
 06/08/2026 01:16:43 PM,Sold,900001001,Traditional IRA - x1001,2 of SOXX @ $57.31 (Order # 4136),--,$0.003,$114.618
 06/08/2026 01:15:50 PM,Sold,900001001,Traditional IRA - x1001,20 of EWY @ $18.603 (Order # 4038),--,$0.008,$372.052
 06/08/2026 01:15:25 PM,Sold,900001001,Traditional IRA - x1001,5 of MU @ $94.619 (Order # 6019),--,$0.01,$473.083
 06/08/2026 12:47:05 PM,Sold,900001001,Traditional IRA - x1001,5 of TSM @ $42.923 (Order # 5142),--,$0.005,$214.608
 06/08/2026 12:46:23 PM,Bought,900001001,Traditional IRA - x1001,25 of RTX @ $17.907 (Order # 1763),--,$0,-$447.663
 06/08/2026 12:45:53 PM,Bought,900001001,Traditional IRA - x1001,100 of CSTM @ $3.356 (Order # 9424),--,$0,-$335.617
 06/08/2026 12:44:57 PM,Sold,900001001,Traditional IRA - x1001,10 of COHR @ $40.833 (Order # 5012),--,$0.009,$408.321
 06/08/2026 12:44:26 PM,Sold,900001001,Traditional IRA - x1001,10 of TTMI @ $17.618 (Order # 2435),--,$0.004,$176.176
 06/08/2026 12:42:15 PM,Bought,900001001,Traditional IRA - x1001,7 of AGX @ $61.859 (Order # 6277),--,$0,-$433.013
 06/08/2026 12:39:18 PM,Sold,900001001,Traditional IRA - x1001,40 of EMEQ @ $6.451 (Order # 4073),--,$0.006,$258.033
 06/08/2026 12:37:59 PM,Sold,900001001,Traditional IRA - x1001,15 of CRDO @ $22.525 (Order # 4564),--,$0.007,$337.868
 06/08/2026 12:37:22 PM,Sold,900001001,Traditional IRA - x1001,5 of COHR @ $40.999 (Order # 5035),--,$0.005,$204.99
 06/08/2026 12:37:02 PM,Sold,900001001,Traditional IRA - x1001,25 of GDE @ $6.546 (Order # 1366),--,$0.004,$163.634
 06/08/2026 12:36:16 PM,Bought,900001001,Traditional IRA - x1001,200 of NEXA @ $1.273 (Order # 1183),--,$0,-$254.596
 06/08/2026 12:35:37 PM,Sold,900001001,Traditional IRA - x1001,175 of CDE @ $1.71 (Order # 3538),--,$0.007,$299.153
 06/08/2026 12:32:01 PM,Bought,900001001,Traditional IRA - x1001,100 of ARE @ $5.08 (Order # 9363),--,$0,-$507.96
 06/08/2026 12:31:23 PM,Sold,900001001,Traditional IRA - x1001,150 of CDE @ $1.711 (Order # 1477),--,$0.006,$256.566
 06/08/2026 12:30:51 PM,Sold,900001001,Traditional IRA - x1001,20 of GDE @ $6.544 (Order # 2501),--,$0.003,$130.867
 06/08/2026 12:30:19 PM,Bought,900001001,Traditional IRA - x1001,1600 of BTG @ $0.417 (Order # 5672),--,$0,-$666.96
 06/08/2026 12:27:31 PM,Bought,900001001,Traditional IRA - x1001,15 of TWLO @ $21.613 (Order # 2040),--,$0,-$324.195
 06/08/2026 12:26:47 PM,Sold,900001001,Traditional IRA - x1001,7 of EIS @ $12.747 (Order # 4014),--,$0.002,$89.227
 06/08/2026 12:25:58 PM,Sold,900001001,Traditional IRA - x1001,15 of IWM @ $28.567 (Order # 6822),--,$0.009,$428.496
 06/08/2026 12:24:35 PM,Sold,900001001,Traditional IRA - x1001,5 of TSLA @ $40.52 (Order # 9870),--,$0.005,$202.593
 06/08/2026 12:22:52 PM,Bought,900001001,Traditional IRA - x1001,20 of GOOG @ $35.977 (Order # 4580),--,$0,-$719.54
 06/08/2026 12:20:49 PM,Sold,900001001,Traditional IRA - x1001,5 of MU @ $96.028 (Order # 9054),--,$0.01,$480.131
 06/08/2026 12:20:24 PM,Bought,900001001,Traditional IRA - x1001,25 of THG @ $19.134 (Order # 5378),--,$0,-$478.35
 06/08/2026 12:19:38 PM,Sold,900001001,Traditional IRA - x1001,10 of MULL @ $69.963 (Order # 1913),--,$0.015,$699.612
 06/08/2026 12:18:12 PM,Sold,900001001,Traditional IRA - x1001,15 of CRDO @ $22.699 (Order # 7491),--,$0.008,$340.477
 06/08/2026 12:18:12 PM,Sold,900001001,Traditional IRA - x1001,5 of CRDO @ $22.699 (Order # 9961),--,$0.003,$113.492
 06/08/2026 12:17:42 PM,Bought,900001001,Traditional IRA - x1001,100 of UNFI @ $5.549 (Order # 5973),--,$0,-$554.85
 06/08/2026 12:16:41 PM,Sold,900001001,Traditional IRA - x1001,10 of MULL @ $70.042 (Order # 8814),--,$0.015,$700.405
 06/08/2026 12:15:45 PM,Sold,900001001,Traditional IRA - x1001,11 of EWY @ $18.699 (Order # 1518),--,$0.005,$205.684
 06/08/2026 12:14:59 PM,Sold,900001001,Traditional IRA - x1001,200 of BLOX @ $1.643 (Order # 1303),--,$0.007,$328.489
 06/08/2026 12:14:41 PM,Sold,900001001,Traditional IRA - x1001,150 of BLOX @ $1.64 (Order # 7399),--,$0.006,$245.994
 06/08/2026 12:12:59 PM,Sold,900001001,Traditional IRA - x1001,5 of ASML @ $176.328 (Order # 2801),--,$0.019,$881.621
 06/08/2026 12:11:36 PM,Sold,900001001,Traditional IRA - x1001,50 of ICHR @ $6.718 (Order # 9125),--,$0.007,$335.893
 06/08/2026 12:11:03 PM,Sold,900001001,Traditional IRA - x1001,10 of SOXX @ $57.699 (Order # 6050),--,$0.012,$576.978
 06/08/2026 12:10:43 PM,Sold,900001001,Traditional IRA - x1001,10 of MULL @ $69.899 (Order # 1668),--,$0.015,$698.975
 06/08/2026 12:06:43 PM,Sold,900001001,Traditional IRA - x1001,10 of MULL @ $70.1 (Order # 3165),--,$0.015,$700.985
 06/08/2026 11:46:05 AM,Sold,900001001,Traditional IRA - x1001,8 of STRL @ $89.878 (Order # 6029),--,$0.015,$719.005
 06/08/2026 11:06:34 AM,Sold,900001001,Traditional IRA - x1001,6 of MULL @ $69.166 (Order # 6054),--,$0.009,$414.987
 06/08/2026 11:04:49 AM,Sold,900001001,Traditional IRA - x1001,7 of MULL @ $68.832 (Order # 8307),--,$0.01,$481.814
 06/08/2026 10:57:38 AM,Sold,900001001,Traditional IRA - x1001,15 of TTMI @ $17.737 (Order # 3549),--,$0.006,$266.042
 06/08/2026 10:45:31 AM,Bought,900001001,Traditional IRA - x1001,6 of MULL @ $67.55 (Order # 6765),--,$0,-$405.297
 06/08/2026 10:39:21 AM,Sold,900001001,Traditional IRA - x1001,2 of SNDK @ $164.842 (Order # 5544),--,$0.007,$329.677
 06/08/2026 10:37:38 AM,Bought,900001001,Traditional IRA - x1001,11 of EWY @ $18.555 (Order # 2606),--,$0,-$204.105
 06/08/2026 10:37:10 AM,Bought,900001001,Traditional IRA - x1001,40 of MXL @ $8.216 (Order # 7376),--,$0,-$328.62
 06/08/2026 10:25:15 AM,Sold,900001001,Traditional IRA - x1001,100 of USAR @ $2.289 (Order # 8188),--,$0.005,$228.894
 06/08/2026 10:19:28 AM,Sold,900001001,Traditional IRA - x1001,20 of EWY @ $18.357 (Order # 1907),--,$0.008,$367.132
 06/08/2026 10:03:56 AM,Bought,900001001,Traditional IRA - x1001,7 of MULL @ $65.514 (Order # 8409),--,$0,-$458.595
 06/08/2026 10:01:08 AM,Sold,900001001,Traditional IRA - x1001,30 of GM @ $8.29 (Order # 1580),--,$0.006,$248.678
 06/08/2026 09:59:53 AM,Sold,900001001,Traditional IRA - x1001,30 of GM @ $8.288 (Order # 5986),--,$0.006,$248.648
 06/08/2026 09:55:16 AM,Bought,900001001,Traditional IRA - x1001,21 of MXL @ $8.137 (Order # 4843),--,$0,-$170.887
 06/08/2026 09:52:54 AM,Bought,900001001,Traditional IRA - x1001,436 of USAR @ $2.29 (Order # 6588),--,$0,-$998.44
 06/08/2026 09:51:59 AM,Sold,900001001,Traditional IRA - x1001,50 of EWY @ $18.601 (Order # 9178),--,$0.02,$930.029
 06/08/2026 09:51:40 AM,Sold,900001001,Traditional IRA - x1001,10 of EWY @ $18.625 (Order # 9940),--,$0.004,$186.246
 06/08/2026 09:47:09 AM,Bought,900001001,Traditional IRA - x1001,15 of TWLO @ $22.063 (Order # 5851),--,$0,-$330.945
 06/08/2026 09:46:39 AM,Bought,900001001,Traditional IRA - x1001,75 of EPR @ $5.754 (Order # 9086),--,$0,-$431.55
 06/08/2026 09:46:05 AM,Bought,900001001,Traditional IRA - x1001,40 of MULL @ $68.421 (Order # 6322),--,$0,"-$2,736.84"
 06/08/2026 09:45:08 AM,Bought,900001001,Traditional IRA - x1001,10 of STRL @ $86.467 (Order # 3402),--,$0,-$864.67
 06/08/2026 09:44:17 AM,Bought,900001001,Traditional IRA - x1001,300 of PPLT @ $1.597 (Order # 8597),--,$0,-$479.1
 06/08/2026 09:41:06 AM,Bought,900001001,Traditional IRA - x1001,15 of CRDO @ $22.132 (Order # 9178),--,$0,-$331.98
 06/08/2026 09:39:47 AM,Bought,900001001,Traditional IRA - x1001,15 of MYRG @ $43.945 (Order # 5693),--,$0,-$659.168
 06/08/2026 09:38:14 AM,Bought,900001001,Traditional IRA - x1001,175 of PARR @ $5.756 (Order # 6863),--,$0,"-$1,007.213"
 06/08/2026 09:37:44 AM,Bought,900001001,Traditional IRA - x1001,75 of INCY @ $10.373 (Order # 4514),--,$0,-$777.975
 06/08/2026 09:37:37 AM,Sold,900001001,Traditional IRA - x1001,100 of UNFI @ $5.678 (Order # 1964),--,$0.012,$567.786
 06/08/2026 09:36:33 AM,Bought,900001001,Traditional IRA - x1001,250 of EZPW @ $3.199 (Order # 5391),--,$0,-$799.75
 06/08/2026 09:34:34 AM,Bought,900001001,Traditional IRA - x1001,40 of THG @ $19.133 (Order # 2750),--,$0,-$765.3
 06/08/2026 09:33:13 AM,Bought,900001001,Traditional IRA - x1001,100 of UNFI @ $5.621 (Order # 8467),--,$0,-$562.05
 06/08/2026 09:32:33 AM,Bought,900001001,Traditional IRA - x1001,10 of MU @ $94.959 (Order # 8570),--,$0,-$949.59
 06/08/2026 09:30:01 AM,Bought,900001001,Traditional IRA - x1001,50 of NBIS @ $23.862 (Order # 6113),--,$0,"-$1,193.1"
 06/08/2026 09:30:00 AM,Bought,900001001,Traditional IRA - x1001,15 of STRL @ $89.434 (Order # 8355),--,$0,"-$1,341.51"
 06/08/2026 09:27:30 AM,Bought,900001001,Traditional IRA - x1001,15 of STRL @ $91.599 (Order # 2572),--,$0,"-$1,373.985"
 06/08/2026 09:15:58 AM,Bought,900001001,Traditional IRA - x1001,150 of ICHR @ $6.689 (Order # 9183),--,$0,"-$1,003.35"
 06/08/2026 09:14:43 AM,Bought,900001001,Traditional IRA - x1001,20 of SOXX @ $57.01 (Order # 1110),--,$0,"-$1,140.2"
 06/08/2026 09:12:37 AM,Bought,900001001,Traditional IRA - x1001,50 of EWY @ $18.677 (Order # 5274),--,$0,-$933.85
 06/08/2026 09:11:06 AM,Bought,900001001,Traditional IRA - x1001,35 of CLS @ $38.775 (Order # 5104),--,$0,"-$1,357.125"
 06/08/2026 09:09:16 AM,Bought,900001001,Traditional IRA - x1001,100 of MXL @ $8.535 (Order # 3517),--,$0,-$853.469
 06/08/2026 09:05:06 AM,Bought,900001001,Traditional IRA - x1001,7 of SNDK @ $163.621 (Order # 5670),--,$0,"-$1,145.347"
 06/08/2026 03:00:00 AM,Dividend,900001001,Traditional IRA - x1001,0 of BLOX @ $0,--,$0,$16.377
 06/05/2026 04:02:00 PM,Bought,900001001,Traditional IRA - x1001,150 of CDE @ $1.637 (Order # 2103),--,$0,-$245.55
 06/05/2026 04:00:03 PM,Bought,900001001,Traditional IRA - x1001,150 of NEXA @ $1.305 (Order # 3899),--,$0,-$195.75
 06/05/2026 04:00:01 PM,Bought,900001001,Traditional IRA - x1001,50 of ICHR @ $6.291 (Order # 2570),--,$0,-$314.55
 06/05/2026 04:00:01 PM,Bought,900001001,Traditional IRA - x1001,35 of AUGO @ $6.04 (Order # 4434),--,$0,-$211.4
 06/05/2026 04:00:00 PM,Bought,900001001,Traditional IRA - x1001,2500 of BTG @ $0.418 (Order # 2387),--,$0,"-$1,045"
 06/05/2026 04:00:00 PM,Bought,900001001,Traditional IRA - x1001,150 of BLOX @ $1.565 (Order # 2648),--,$0,-$234.75
 06/05/2026 04:00:00 PM,Bought,900001001,Traditional IRA - x1001,100 of USAR @ $2.247 (Order # 2128),--,$0,-$224.7
 06/05/2026 10:25:18 AM,Bought,900001001,Traditional IRA - x1001,20 of EWY @ $18.736 (Order # 9624),--,$0,-$374.71
 06/05/2026 10:23:54 AM,Bought,900001001,Traditional IRA - x1001,10 of GOOG @ $36.775 (Order # 2617),--,$0,-$367.745
 06/05/2026 09:58:54 AM,Bought,900001001,Traditional IRA - x1001,100 of PSUS @ $3.872 (Order # 4858),--,$0,-$387.151
 06/05/2026 09:57:57 AM,Bought,900001001,Traditional IRA - x1001,100 of ARE @ $5.236 (Order # 6809),--,$0,-$523.553
 06/05/2026 09:57:35 AM,Bought,900001001,Traditional IRA - x1001,30 of UBER @ $7.175 (Order # 6609),--,$0,-$215.235
 06/05/2026 09:56:34 AM,Bought,900001001,Traditional IRA - x1001,2 of CRWD @ $69.121 (Order # 7934),--,$0,-$138.241
 06/05/2026 09:55:52 AM,Bought,900001001,Traditional IRA - x1001,40 of GM @ $8.256 (Order # 7538),--,$0,-$330.24
 06/05/2026 09:55:19 AM,Bought,900001001,Traditional IRA - x1001,30 of XOM @ $15.031 (Order # 9918),--,$0,-$450.93
 06/05/2026 09:54:05 AM,Bought,900001001,Traditional IRA - x1001,125 of PINE @ $1.945 (Order # 4848),--,$0,-$243.125
 06/05/2026 09:53:32 AM,Bought,900001001,Traditional IRA - x1001,25 of TTMI @ $17.392 (Order # 3437),--,$0,-$434.8
 06/05/2026 09:52:45 AM,Bought,900001001,Traditional IRA - x1001,5 of ASML @ $169.052 (Order # 9136),--,$0,-$845.259
 06/05/2026 09:50:46 AM,Bought,900001001,Traditional IRA - x1001,50 of EMEQ @ $6.498 (Order # 5029),--,$0,-$324.9
 06/05/2026 09:49:55 AM,Bought,900001001,Traditional IRA - x1001,5 of STRL @ $92.286 (Order # 3765),--,$0,-$461.43
 06/05/2026 09:49:27 AM,Bought,900001001,Traditional IRA - x1001,50 of MXL @ $8.672 (Order # 4589),--,$0,-$433.594
 06/05/2026 09:48:59 AM,Bought,900001001,Traditional IRA - x1001,15 of COHR @ $38.822 (Order # 3560),--,$0,-$582.33
 06/05/2026 09:48:27 AM,Bought,900001001,Traditional IRA - x1001,400 of USAR @ $2.394 (Order # 3584),--,$0,-$957.6
 06/05/2026 09:47:43 AM,Bought,900001001,Traditional IRA - x1001,30 of NBIS @ $23.896 (Order # 4748),--,$0,-$716.882
 06/05/2026 09:45:01 AM,Bought,900001001,Traditional IRA - x1001,30 of GOOG @ $36.815 (Order # 2395),--,$0,"-$1,104.45"
 06/05/2026 09:43:26 AM,Bought,900001001,Traditional IRA - x1001,25 of EWY @ $18.808 (Order # 8332),--,$0,-$470.188
 06/05/2026 03:00:00 AM,Qualified Dividend,900001001,Traditional IRA - x1001,CONSTELLATION ENERGY CORP REC 06/05/26 PAY 06/05/26 RATE 0.00000000 QTY 0.00000000,--,$0,$2.09
 06/04/2026 04:01:00 PM,Sold,900001001,Traditional IRA - x1001,40 of MRK @ $12.026 (Order # 6833),--,$0.01,$481.029
 06/04/2026 04:00:02 PM,Sold,900001001,Traditional IRA - x1001,10 of TWLO @ $23.664 (Order # 2485),--,$0.005,$236.635
 06/04/2026 04:00:02 PM,Sold,900001001,Traditional IRA - x1001,40 of CCL @ $2.785 (Order # 3528),--,$0.003,$111.396
 06/04/2026 04:00:01 PM,Sold,900001001,Traditional IRA - x1001,250 of EZPW @ $3.215 (Order # 6196),--,$0.017,$803.728
 06/04/2026 04:00:01 PM,Bought,900001001,Traditional IRA - x1001,5 of AMD @ $52.32 (Order # 7111),--,$0,-$261.6
 06/04/2026 04:00:01 PM,Sold,900001001,Traditional IRA - x1001,15 of MYRG @ $45.14 (Order # 4324),--,$0.014,$677.086
 06/04/2026 04:00:00 PM,Sold,900001001,Traditional IRA - x1001,50 of IAUM @ $4.464 (Order # 8895),--,$0.005,$223.194
 06/04/2026 04:00:00 PM,Sold,900001001,Traditional IRA - x1001,25 of PLTR @ $14.17 (Order # 8153),--,$0.008,$354.242
 06/04/2026 04:00:00 PM,Sold,900001001,Traditional IRA - x1001,140 of NVDA @ $21.866 (Order # 9476),--,$0.064,"$3,061.173"
 06/04/2026 04:00:00 PM,Sold,900001001,Traditional IRA - x1001,25 of NUKZ @ $7.226 (Order # 7545),--,$0.004,$180.646
 06/04/2026 04:00:00 PM,Sold,900001001,Traditional IRA - x1001,15 of SIVR @ $7.038 (Order # 9327),--,$0.003,$105.567
 06/04/2026 04:00:00 PM,Sold,900001001,Traditional IRA - x1001,50 of MLPI @ $5.585 (Order # 4293),--,$0.006,$279.243
 06/04/2026 04:00:00 PM,Sold,900001001,Traditional IRA - x1001,5 of LITE @ $94.508 (Order # 3915),--,$0.01,$472.53
 06/04/2026 04:00:00 PM,Sold,900001001,Traditional IRA - x1001,15 of NBIS @ $25.967 (Order # 5892),--,$0.009,$389.496
 06/04/2026 04:00:00 PM,Sold,900001001,Traditional IRA - x1001,7 of LITE @ $94.508 (Order # 9389),--,$0.014,$661.542
 06/04/2026 03:30:39 PM,Sold,900001001,Traditional IRA - x1001,30 of AMZN @ $25.387 (Order # 7595),--,$0.016,$761.578
 06/04/2026 03:30:16 PM,Sold,900001001,Traditional IRA - x1001,15 of AMZN @ $25.377 (Order # 7389),--,$0.008,$380.64
 06/04/2026 03:25:42 PM,Bought,900001001,Traditional IRA - x1001,20 of EWY @ $20.531 (Order # 6238),--,$0,-$410.615
 06/04/2026 03:24:53 PM,Sold,900001001,Traditional IRA - x1001,20 of CRDO @ $21.97 (Order # 1799),--,$0.01,$439.39
 06/04/2026 03:21:47 PM,Sold,900001001,Traditional IRA - x1001,170 of LTM @ $4.945 (Order # 4085),--,$0.018,$840.677
 06/04/2026 03:20:38 PM,Bought,900001001,Traditional IRA - x1001,30 of CRM @ $18.96 (Order # 3905),--,$0,-$568.8
 06/04/2026 03:19:57 PM,Sold,900001001,Traditional IRA - x1001,50 of PSIX @ $4.008 (Order # 6821),--,$0.005,$200.374
 06/04/2026 03:06:04 PM,Sold,900001001,Traditional IRA - x1001,15 of TWLO @ $23.71 (Order # 6208),--,$0.008,$355.635
 06/04/2026 03:05:28 PM,Sold,900001001,Traditional IRA - x1001,3 of UNH @ $39.641 (Order # 5837),--,$0.003,$118.921
 06/04/2026 03:04:52 PM,Bought,900001001,Traditional IRA - x1001,125 of BLOX @ $1.746 (Order # 2697),--,$0,-$218.25
 06/04/2026 03:02:22 PM,Bought,900001001,Traditional IRA - x1001,10 of AVGO @ $41.714 (Order # 9514),--,$0,-$417.14
 06/04/2026 03:01:48 PM,Sold,900001001,Traditional IRA - x1001,15 of CRDO @ $21.941 (Order # 3449),--,$0.007,$329.11
 06/04/2026 03:01:24 PM,Sold,900001001,Traditional IRA - x1001,30 of CRDO @ $21.95 (Order # 5937),--,$0.014,$658.485
 06/04/2026 03:00:52 PM,Sold,900001001,Traditional IRA - x1001,175 of ET @ $1.966 (Order # 3162),--,$0.008,$344.069
 06/04/2026 02:58:23 PM,Bought,900001001,Traditional IRA - x1001,35 of IREN @ $6.199 (Order # 2760),--,$0,-$216.972
 06/04/2026 02:57:29 PM,Bought,900001001,Traditional IRA - x1001,100 of EPR @ $5.569 (Order # 4935),--,$0,-$556.9
 06/04/2026 02:56:24 PM,Sold,900001001,Traditional IRA - x1001,10 of TSM @ $44.689 (Order # 1023),--,$0.01,$446.882
 06/04/2026 02:56:01 PM,Sold,900001001,Traditional IRA - x1001,5 of MYRG @ $45.456 (Order # 8413),--,$0.005,$227.273
 06/04/2026 02:55:36 PM,Sold,900001001,Traditional IRA - x1001,15 of GOOG @ $36.923 (Order # 3513),--,$0.012,$553.826
 06/04/2026 02:54:41 PM,Sold,900001001,Traditional IRA - x1001,15 of PLTR @ $14.185 (Order # 2355),--,$0.005,$212.763
 06/04/2026 02:54:16 PM,Sold,900001001,Traditional IRA - x1001,5 of COHR @ $42.706 (Order # 8098),--,$0.005,$213.523
 06/04/2026 02:53:16 PM,Sold,900001001,Traditional IRA - x1001,35 of UBER @ $7.195 (Order # 8734),--,$0.006,$251.831
 06/04/2026 02:51:44 PM,Sold,900001001,Traditional IRA - x1001,35 of GDMN @ $9.127 (Order # 8273),--,$0.007,$319.442
 06/04/2026 02:47:45 PM,Sold,900001001,Traditional IRA - x1001,71 of BE @ $29.134 (Order # 5712),--,$0.043,"$2,068.47"
 06/04/2026 02:46:54 PM,Sold,900001001,Traditional IRA - x1001,44 of AMZN @ $25.417 (Order # 2899),--,$0.024,"$1,118.301"
 06/04/2026 02:44:02 PM,Sold,900001001,Traditional IRA - x1001,15 of CNSWF @ $207.777 (Order # 1400),--,$0.56,"$3,116.095"
 06/04/2026 02:42:08 PM,Sold,900001001,Traditional IRA - x1001,80 of GOOG @ $36.918 (Order # 7754),--,$0.061,"$2,953.377"
 06/04/2026 02:41:21 PM,Sold,900001001,Traditional IRA - x1001,50 of CSTM @ $3.676 (Order # 2385),--,$0.004,$183.77
 06/04/2026 02:38:43 PM,Sold,900001001,Traditional IRA - x1001,35 of TSM @ $44.637 (Order # 8376),--,$0.033,"$1,562.26"
 06/04/2026 02:38:02 PM,Sold,900001001,Traditional IRA - x1001,225 of UNFI @ $5.313 (Order # 8905),--,$0.025,"$1,195.284"
 06/04/2026 02:37:21 PM,Sold,900001001,Traditional IRA - x1001,165 of CRDO @ $22.121 (Order # 4502),--,$0.076,"$3,649.886"
 06/04/2026 02:36:29 PM,Sold,900001001,Traditional IRA - x1001,5 of TWLO @ $23.694 (Order # 5137),--,$0.003,$118.467
 06/04/2026 02:31:15 PM,Sold,900001001,Traditional IRA - x1001,145 of MXL @ $9.644 (Order # 9329),--,$0.029,"$1,398.348"
 06/04/2026 09:51:32 AM,Sold,900001001,Traditional IRA - x1001,5 of TWLO @ $23.456 (Order # 3109),--,$0.003,$117.277
 06/04/2026 09:34:05 AM,Bought,900001001,Traditional IRA - x1001,50 of XOM @ $15.198 (Order # 6545),--,$0,-$759.9
 06/04/2026 09:30:03 AM,Bought,900001001,Traditional IRA - x1001,175 of EPR @ $5.698 (Order # 3644),--,$0,-$997.15
 06/04/2026 03:00:00 AM,Qualified Dividend,900001001,Traditional IRA - x1001,CENTERRA GOLD INC REC 06/04/26 PAY 06/04/26 RATE 0.00000000 QTY 0.00000000,--,$0,$1.259
 06/04/2026 03:00:00 AM,Qualified Dividend,900001001,Traditional IRA - x1001,KINROSS GOLD CORP NEW REC 06/04/26 PAY 06/04/26 RATE 0.00000000 QTY 0.00000000,--,$0,$1.064
 06/03/2026 04:00:03 PM,Bought,900001001,Traditional IRA - x1001,5 of DY @ $48.411 (Order # 7679),--,$0,-$242.055
 06/03/2026 04:00:02 PM,Bought,900001001,Traditional IRA - x1001,10 of TSM @ $43.669 (Order # 9158),--,$0,-$436.69
 06/03/2026 04:00:02 PM,Bought,900001001,Traditional IRA - x1001,10 of COHR @ $41.743 (Order # 7837),--,$0,-$417.43
 06/03/2026 04:00:00 PM,Bought,900001001,Traditional IRA - x1001,30 of CRWV @ $11.093 (Order # 8974),--,$0,-$332.79
 06/03/2026 04:00:00 PM,Bought,900001001,Traditional IRA - x1001,15 of NVDA @ $21.475 (Order # 7666),--,$0,-$322.125
 06/03/2026 04:00:00 PM,Bought,900001001,Traditional IRA - x1001,25 of SIL @ $8.749 (Order # 1679),--,$0,-$218.725
 06/03/2026 04:00:00 PM,Sold,900001001,Traditional IRA - x1001,1 of SNDK @ $183.15 (Order # 4860),--,$0.004,$183.146
 06/03/2026 04:00:00 PM,Bought,900001001,Traditional IRA - x1001,15 of NBIS @ $25.168 (Order # 4387),--,$0,-$377.52
 06/03/2026 04:00:00 PM,Bought,900001001,Traditional IRA - x1001,20 of PLTR @ $14.22 (Order # 6805),--,$0,-$284.4
 06/03/2026 04:00:00 PM,Bought,900001001,Traditional IRA - x1001,125 of USAR @ $2.798 (Order # 1273),--,$0,-$349.75
 06/03/2026 04:00:00 PM,Bought,900001001,Traditional IRA - x1001,75 of SMCI @ $4.742 (Order # 6872),--,$0,-$355.65
 06/03/2026 04:00:00 PM,Bought,900001001,Traditional IRA - x1001,100 of USAR @ $2.798 (Order # 5053),--,$0,-$279.8
 06/03/2026 04:00:00 PM,Bought,900001001,Traditional IRA - x1001,20 of REMX @ $9.832 (Order # 7770),--,$0,-$196.64
 06/03/2026 04:00:00 PM,Bought,900001001,Traditional IRA - x1001,7 of APP @ $57.083 (Order # 7426),--,$0,-$399.581
 06/03/2026 04:00:00 PM,Bought,900001001,Traditional IRA - x1001,7 of LITE @ $93.8 (Order # 8152),--,$0,-$656.6
 06/03/2026 04:00:00 PM,Bought,900001001,Traditional IRA - x1001,20 of CRDO @ $21.46 (Order # 3091),--,$0,-$429.2
 06/03/2026 01:17:58 PM,Sold,900001001,Traditional IRA - x1001,19 of INCY @ $9.789 (Order # 9477),--,$0.004,$185.987
 06/03/2026 12:41:14 PM,Sold,900001001,Traditional IRA - x1001,5 of UNH @ $38.58 (Order # 1716),--,$0.004,$192.894
 06/03/2026 12:36:36 PM,Sold,900001001,Traditional IRA - x1001,2 of SNDK @ $178.84 (Order # 7105),--,$0.008,$357.672
 06/03/2026 12:36:10 PM,Sold,900001001,Traditional IRA - x1001,2 of AMD @ $53.196 (Order # 5277),--,$0.003,$106.388
 06/03/2026 12:34:50 PM,Sold,900001001,Traditional IRA - x1001,3 of SOXX @ $61.208 (Order # 2134),--,$0.004,$183.62
 06/03/2026 12:34:16 PM,Sold,900001001,Traditional IRA - x1001,2 of STRL @ $95.104 (Order # 3683),--,$0.004,$190.204
 06/03/2026 12:32:48 PM,Sold,900001001,Traditional IRA - x1001,25 of TTMI @ $18.598 (Order # 4534),--,$0.01,$464.94
 06/03/2026 12:06:42 PM,Bought,900001001,Traditional IRA - x1001,2 of ASML @ $172.163 (Order # 3921),--,$0,-$344.327
 06/03/2026 12:06:03 PM,Bought,900001001,Traditional IRA - x1001,25 of TSM @ $43.901 (Order # 5852),--,$0,"-$1,097.513"
 06/03/2026 12:04:45 PM,Bought,900001001,Traditional IRA - x1001,50 of URA @ $5.041 (Order # 8215),--,$0,-$252.05
 06/03/2026 12:04:00 PM,Bought,900001001,Traditional IRA - x1001,10 of EWY @ $21.117 (Order # 9915),--,$0,-$211.17
 06/03/2026 12:03:02 PM,Bought,900001001,Traditional IRA - x1001,35 of THG @ $18.516 (Order # 7234),--,$0,-$648.043
 06/03/2026 12:02:19 PM,Bought,900001001,Traditional IRA - x1001,250 of BLOX @ $1.77 (Order # 1720),--,$0,-$442.473
 06/03/2026 12:01:22 PM,Bought,900001001,Traditional IRA - x1001,15 of BE @ $29.087 (Order # 4978),--,$0,-$436.303
 06/03/2026 12:00:02 PM,Sold,900001001,Traditional IRA - x1001,75 of EZPW @ $3.168 (Order # 3131),--,$0.005,$237.557
 06/03/2026 11:59:33 AM,Bought,900001001,Traditional IRA - x1001,25 of GM @ $8.325 (Order # 1155),--,$0,-$208.125
 06/03/2026 11:58:23 AM,Bought,900001001,Traditional IRA - x1001,50 of NVDA @ $21.69 (Order # 4914),--,$0,"-$1,084.5"
 06/03/2026 11:57:29 AM,Bought,900001001,Traditional IRA - x1001,700 of BTG @ $0.456 (Order # 4016),--,$0,-$318.85
 06/03/2026 11:56:55 AM,Bought,900001001,Traditional IRA - x1001,225 of PINE @ $1.915 (Order # 2673),--,$0,-$430.873
 06/03/2026 11:56:20 AM,Bought,900001001,Traditional IRA - x1001,7 of MSFT @ $42.686 (Order # 5877),--,$0,-$298.802
 06/03/2026 11:55:58 AM,Bought,900001001,Traditional IRA - x1001,7 of BE @ $28.966 (Order # 9200),--,$0,-$202.759
 06/03/2026 11:55:00 AM,Bought,900001001,Traditional IRA - x1001,15 of TWLO @ $21.896 (Order # 1214),--,$0,-$328.447
 06/03/2026 11:49:40 AM,Bought,900001001,Traditional IRA - x1001,75 of USAR @ $2.832 (Order # 3017),--,$0,-$212.4
 06/03/2026 11:05:56 AM,Sold,900001001,Traditional IRA - x1001,3 of AVGO @ $48.701 (Order # 9510),--,$0.004,$146.099
 06/03/2026 11:05:24 AM,Sold,900001001,Traditional IRA - x1001,5 of MTZ @ $37.828 (Order # 6683),--,$0.004,$189.136
 06/03/2026 11:04:16 AM,Sold,900001001,Traditional IRA - x1001,5 of FN @ $72.034 (Order # 4449),--,$0.008,$360.162
 06/03/2026 11:02:59 AM,Bought,900001001,Traditional IRA - x1001,5 of CEG @ $26.836 (Order # 3243),--,$0,-$134.18
 06/03/2026 11:02:15 AM,Sold,900001001,Traditional IRA - x1001,300 of ET @ $1.971 (Order # 9779),--,$0.013,$591.134
 06/03/2026 10:59:55 AM,Bought,900001001,Traditional IRA - x1001,100 of PSTL @ $2.247 (Order # 8820),--,$0,-$224.65
 06/03/2026 10:59:23 AM,Sold,900001001,Traditional IRA - x1001,5 of VOO @ $69.508 (Order # 1645),--,$0.008,$347.532
 06/03/2026 10:59:02 AM,Bought,900001001,Traditional IRA - x1001,30 of CRM @ $19.299 (Order # 1360),--,$0,-$578.972
 06/03/2026 10:58:19 AM,Bought,900001001,Traditional IRA - x1001,25 of ARE @ $5.214 (Order # 5913),--,$0,-$130.338
 06/03/2026 10:57:46 AM,Bought,900001001,Traditional IRA - x1001,2 of CRWD @ $75.43 (Order # 6934),--,$0,-$150.86
 06/03/2026 10:57:19 AM,Bought,900001001,Traditional IRA - x1001,10 of AMZN @ $25.148 (Order # 4702),--,$0,-$251.48
 06/03/2026 10:56:58 AM,Bought,900001001,Traditional IRA - x1001,15 of ICHR @ $7.394 (Order # 2549),--,$0,-$110.91
 06/03/2026 10:56:34 AM,Bought,900001001,Traditional IRA - x1001,5 of LITE @ $98.6 (Order # 3681),--,$0,-$492.998
 06/03/2026 10:56:03 AM,Bought,900001001,Traditional IRA - x1001,10 of BE @ $29.524 (Order # 8472),--,$0,-$295.24
 06/03/2026 10:55:37 AM,Bought,900001001,Traditional IRA - x1001,25 of URA @ $5.163 (Order # 6105),--,$0,-$129.075
 06/03/2026 10:55:08 AM,Bought,900001001,Traditional IRA - x1001,75 of USAR @ $2.863 (Order # 8179),--,$0,-$214.709
 06/03/2026 10:54:49 AM,Bought,900001001,Traditional IRA - x1001,10 of DDOG @ $24.759 (Order # 9046),--,$0,-$247.59
 06/03/2026 10:54:20 AM,Bought,900001001,Traditional IRA - x1001,25 of CRDO @ $21.601 (Order # 2619),--,$0,-$540.03
 06/03/2026 10:31:15 AM,Sold,900001001,Traditional IRA - x1001,9 of INCY @ $9.511 (Order # 8541),--,$0.002,$85.593
 06/03/2026 10:30:07 AM,Sold,900001001,Traditional IRA - x1001,1 of INCY @ $9.506 (Order # 6983),--,$0.001,$9.505
 06/03/2026 10:27:28 AM,Sold,900001001,Traditional IRA - x1001,5 of STRL @ $94.215 (Order # 6636),--,$0.01,$471.065
 06/03/2026 10:25:56 AM,Sold,900001001,Traditional IRA - x1001,50 of MXL @ $9.818 (Order # 6512),--,$0.011,$490.879
 06/03/2026 10:24:41 AM,Sold,900001001,Traditional IRA - x1001,25 of MXL @ $9.804 (Order # 8344),--,$0.006,$245.092
 06/03/2026 10:23:19 AM,Bought,900001001,Traditional IRA - x1001,15 of SIVR @ $7.005 (Order # 6798),--,$0,-$105.075
 06/03/2026 10:22:19 AM,Bought,900001001,Traditional IRA - x1001,2 of APP @ $57.286 (Order # 6344),--,$0,-$114.572
 06/03/2026 10:21:50 AM,Bought,900001001,Traditional IRA - x1001,15 of EWY @ $21.089 (Order # 8062),--,$0,-$316.335
 06/03/2026 10:20:17 AM,Bought,900001001,Traditional IRA - x1001,15 of NVDA @ $21.585 (Order # 3331),--,$0,-$323.775
 06/03/2026 10:19:11 AM,Bought,900001001,Traditional IRA - x1001,50 of COPJ @ $4.575 (Order # 1027),--,$0,-$228.75
 06/03/2026 10:18:20 AM,Bought,900001001,Traditional IRA - x1001,125 of USAR @ $2.976 (Order # 3112),--,$0,-$372
 06/03/2026 10:17:17 AM,Bought,900001001,Traditional IRA - x1001,35 of GDMN @ $9.026 (Order # 1810),--,$0,-$315.91
 06/03/2026 10:11:47 AM,Sold,900001001,Traditional IRA - x1001,5 of STRL @ $93.456 (Order # 2383),--,$0.01,$467.27
 06/03/2026 10:11:40 AM,Bought,900001001,Traditional IRA - x1001,7 of CLS @ $45.25 (Order # 2279),--,$0,-$316.747
 06/03/2026 10:11:08 AM,Bought,900001001,Traditional IRA - x1001,7 of MSFT @ $43.189 (Order # 8900),--,$0,-$302.324
 06/03/2026 10:10:30 AM,Bought,900001001,Traditional IRA - x1001,75 of SMCI @ $4.71 (Order # 4013),--,$0,-$353.249
 06/03/2026 10:09:59 AM,Bought,900001001,Traditional IRA - x1001,15 of TWLO @ $21.85 (Order # 9070),--,$0,-$327.743
 06/03/2026 10:09:41 AM,Bought,900001001,Traditional IRA - x1001,10 of LITE @ $97.493 (Order # 2787),--,$0,-$974.93
 06/03/2026 10:09:11 AM,Bought,900001001,Traditional IRA - x1001,10 of DDOG @ $25.019 (Order # 2195),--,$0,-$250.185
 06/03/2026 10:08:35 AM,Bought,900001001,Traditional IRA - x1001,15 of CRDO @ $21.068 (Order # 3324),--,$0,-$316.015
 06/03/2026 09:40:04 AM,Sold,900001001,Traditional IRA - x1001,5 of AMD @ $54.321 (Order # 9429),--,$0.006,$271.599
 06/03/2026 09:30:31 AM,Bought,900001001,Traditional IRA - x1001,35 of UBER @ $7.1 (Order # 3380),--,$0,-$248.5
 06/03/2026 09:30:02 AM,Bought,900001001,Traditional IRA - x1001,10 of AMZN @ $25.44 (Order # 3342),--,$0,-$254.4
 06/03/2026 09:30:01 AM,Bought,900001001,Traditional IRA - x1001,15 of GOOG @ $35.839 (Order # 2316),--,$0,-$537.585
 06/03/2026 09:30:01 AM,Bought,900001001,Traditional IRA - x1001,75 of PLTR @ $14.97 (Order # 1979),--,$0,"-$1,122.75"
 06/03/2026 09:30:00 AM,Bought,900001001,Traditional IRA - x1001,20 of CRWV @ $11.97 (Order # 8695),--,$0,-$239.4
 06/03/2026 09:30:00 AM,Bought,900001001,Traditional IRA - x1001,25 of MSFT @ $43.845 (Order # 6113),--,$0,"-$1,096.125"
 06/03/2026 09:30:00 AM,Bought,900001001,Traditional IRA - x1001,350 of NEXA @ $1.583 (Order # 6552),--,$0,-$554.05
 06/03/2026 09:30:00 AM,Bought,900001001,Traditional IRA - x1001,3 of SNDK @ $173.6 (Order # 1280),--,$0,-$520.8
 06/03/2026 09:30:00 AM,Bought,900001001,Traditional IRA - x1001,15 of DDOG @ $25.943 (Order # 9018),--,$0,-$389.145
 06/03/2026 03:00:00 AM,Dividend,900001001,Traditional IRA - x1001,0 of DB @ $0,--,$0,$0
 06/03/2026 03:00:00 AM,Qualified Dividend,900001001,Traditional IRA - x1001,DEUTSCHE BK AG REG SHS REC 06/03/26 PAY 06/03/26 RATE 0.00000000 QTY 0.00000000,--,$0,$6.401
 06/03/2026 03:00:00 AM,Dividend,900001001,Traditional IRA - x1001,0 of VGSH @ $0,--,$0,$1.845
 06/02/2026 04:00:03 PM,Sold,900001001,Traditional IRA - x1001,3 of AGX @ $66.314 (Order # 3450),--,$0.005,$198.937
 06/02/2026 04:00:02 PM,Sold,900001001,Traditional IRA - x1001,10 of JLL @ $29.599 (Order # 7750),--,$0.007,$295.983
 06/02/2026 04:00:02 PM,Sold,900001001,Traditional IRA - x1001,8 of CLS @ $47.24 (Order # 2832),--,$0.008,$377.912
 06/02/2026 04:00:02 PM,Sold,900001001,Traditional IRA - x1001,10 of CLS @ $47.24 (Order # 1692),--,$0.01,$472.39
 06/02/2026 04:00:02 PM,Sold,900001001,Traditional IRA - x1001,20 of CLS @ $47.24 (Order # 5015),--,$0.02,$944.78
 06/02/2026 04:00:01 PM,Sold,900001001,Traditional IRA - x1001,5 of LITE @ $102.915 (Order # 8831),--,$0.011,$514.564
 06/02/2026 04:00:01 PM,Sold,900001001,Traditional IRA - x1001,100 of ICHR @ $7.495 (Order # 3781),--,$0.016,$749.482
 06/02/2026 04:00:01 PM,Sold,900001001,Traditional IRA - x1001,5 of AMD @ $52.154 (Order # 9850),--,$0.006,$260.764
 06/02/2026 04:00:01 PM,Sold,900001001,Traditional IRA - x1001,10 of CEG @ $27.265 (Order # 8854),--,$0.006,$272.644
 06/02/2026 04:00:01 PM,Sold,900001001,Traditional IRA - x1001,35 of ICHR @ $7.495 (Order # 5027),--,$0.006,$262.318
 06/02/2026 04:00:01 PM,Sold,900001001,Traditional IRA - x1001,3 of LITE @ $102.915 (Order # 3117),--,$0.007,$308.738
 06/02/2026 04:00:01 PM,Sold,900001001,Traditional IRA - x1001,3 of LITE @ $102.915 (Order # 1228),--,$0.007,$308.738
 06/02/2026 04:00:00 PM,Sold,900001001,Traditional IRA - x1001,15 of SIVR @ $7.144 (Order # 5335),--,$0.003,$107.157
 06/02/2026 04:00:00 PM,Sold,900001001,Traditional IRA - x1001,35 of SIVR @ $7.144 (Order # 9113),--,$0.006,$250.033
 06/02/2026 04:00:00 PM,Sold,900001001,Traditional IRA - x1001,100 of REMX @ $10.218 (Order # 4202),--,$0.022,"$1,021.776"
 06/02/2026 04:00:00 PM,Sold,900001001,Traditional IRA - x1001,75 of USAR @ $3.07 (Order # 3604),--,$0.005,$230.244
 06/02/2026 04:00:00 PM,Sold,900001001,Traditional IRA - x1001,80 of USAR @ $3.07 (Order # 2260),--,$0.006,$245.592
 06/02/2026 04:00:00 PM,Sold,900001001,Traditional IRA - x1001,5 of TSLA @ $42.374 (Order # 7272),--,$0.005,$211.865
 06/02/2026 04:00:00 PM,Sold,900001001,Traditional IRA - x1001,25 of MXL @ $8.876 (Order # 5907),--,$0.005,$221.895
 06/02/2026 04:00:00 PM,Sold,900001001,Traditional IRA - x1001,75 of PPLT @ $1.753 (Order # 5392),--,$0.003,$131.471
 06/02/2026 04:00:00 PM,Sold,900001001,Traditional IRA - x1001,75 of URA @ $5.342 (Order # 7860),--,$0.009,$400.64
 06/02/2026 04:00:00 PM,Bought,900001001,Traditional IRA - x1001,200 of ETH @ $1.813 (Order # 4212),--,$0,-$362.6
 06/02/2026 04:00:00 PM,Bought,900001001,Traditional IRA - x1001,125 of BLOX @ $1.796 (Order # 3121),--,$0,-$224.5
 06/02/2026 04:00:00 PM,Sold,900001001,Traditional IRA - x1001,10 of MLPI @ $5.539 (Order # 8886),--,$0.002,$55.388
 06/02/2026 03:36:23 PM,Sold,900001001,Traditional IRA - x1001,20 of DRAM @ $6.969 (Order # 9593),--,$0.003,$139.377
 06/02/2026 02:13:18 PM,Sold,900001001,Traditional IRA - x1001,50 of TIGO @ $8.876 (Order # 6337),--,$0.01,$443.789
 06/02/2026 12:20:43 PM,Sold,900001001,Traditional IRA - x1001,7 of FN @ $68.999 (Order # 2811),--,$0.01,$482.983
 06/02/2026 12:14:00 PM,Sold,900001001,Traditional IRA - x1001,50 of UNFI @ $5.249 (Order # 4822),--,$0.006,$262.418
 06/02/2026 12:12:48 PM,Sold,900001001,Traditional IRA - x1001,100 of EMEQ @ $7.241 (Order # 3624),--,$0.015,$724.033
 06/02/2026 12:12:06 PM,Bought,900001001,Traditional IRA - x1001,35 of SHLD @ $6.483 (Order # 4893),--,$0,-$226.905
 06/02/2026 12:08:13 PM,Sold,900001001,Traditional IRA - x1001,50 of IREN @ $6.777 (Order # 5278),--,$0.007,$338.842
 06/02/2026 11:55:45 AM,Sold,900001001,Traditional IRA - x1001,50 of BLBD @ $7.272 (Order # 8656),--,$0.008,$363.591
 06/02/2026 11:53:58 AM,Sold,900001001,Traditional IRA - x1001,5 of QQQ @ $74.567 (Order # 4310),--,$0.008,$372.827
 06/02/2026 11:41:30 AM,Sold,900001001,Traditional IRA - x1001,50 of NUKZ @ $7.405 (Order # 7100),--,$0.008,$370.216
 06/02/2026 11:40:51 AM,Sold,900001001,Traditional IRA - x1001,20 of NUKZ @ $7.391 (Order # 8806),--,$0.004,$147.816
 06/02/2026 11:39:36 AM,Bought,900001001,Traditional IRA - x1001,500 of NLCP @ $1.499 (Order # 2527),--,$0.495,-$749.995
 06/02/2026 11:38:55 AM,Bought,900001001,Traditional IRA - x1001,150 of NEXA @ $1.584 (Order # 1538),--,$0,-$237.525
 06/02/2026 11:34:54 AM,Sold,900001001,Traditional IRA - x1001,50 of W @ $7.336 (Order # 1719),--,$0.008,$366.792
 06/02/2026 11:34:18 AM,Sold,900001001,Traditional IRA - x1001,5 of COHR @ $42.631 (Order # 1280),--,$0.005,$213.148
 06/02/2026 11:32:45 AM,Sold,900001001,Traditional IRA - x1001,45 of IWM @ $29.121 (Order # 3533),--,$0.027,"$1,310.417"
 06/02/2026 11:26:20 AM,Sold,900001001,Traditional IRA - x1001,70 of GDMN @ $9.263 (Order # 4989),--,$0.014,$648.36
 06/02/2026 11:13:38 AM,Sold,900001001,Traditional IRA - x1001,5 of STRL @ $86.227 (Order # 1901),--,$0.009,$431.126
 06/02/2026 11:12:30 AM,Sold,900001001,Traditional IRA - x1001,35 of TTMI @ $17.919 (Order # 5360),--,$0.013,$627.16
 06/02/2026 11:12:11 AM,Sold,900001001,Traditional IRA - x1001,10 of TTMI @ $17.913 (Order # 9623),--,$0.004,$179.128
 06/02/2026 11:11:54 AM,Sold,900001001,Traditional IRA - x1001,15 of TTMI @ $17.919 (Order # 4544),--,$0.006,$268.779
 06/02/2026 11:11:15 AM,Sold,900001001,Traditional IRA - x1001,330 of CSTM @ $3.651 (Order # 3089),--,$0.025,"$1,204.802"
 06/02/2026 11:10:13 AM,Sold,900001001,Traditional IRA - x1001,7 of MYRG @ $46.074 (Order # 9701),--,$0.007,$322.508
 06/02/2026 11:09:37 AM,Sold,900001001,Traditional IRA - x1001,7 of VRT @ $33.996 (Order # 2620),--,$0.005,$237.967
 06/02/2026 11:09:16 AM,Sold,900001001,Traditional IRA - x1001,10 of CLS @ $46.314 (Order # 4997),--,$0.01,$463.125
 06/02/2026 11:08:46 AM,Sold,900001001,Traditional IRA - x1001,15 of AVGO @ $47.783 (Order # 2984),--,$0.015,$716.723
 06/02/2026 11:08:25 AM,Sold,900001001,Traditional IRA - x1001,20 of BE @ $29.793 (Order # 8518),--,$0.013,$595.847
 06/02/2026 11:07:24 AM,Sold,900001001,Traditional IRA - x1001,10 of BE @ $29.783 (Order # 6986),--,$0.007,$297.818
 06/02/2026 11:06:25 AM,Sold,900001001,Traditional IRA - x1001,15 of BE @ $29.735 (Order # 2855),--,$0.01,$446.015
 06/02/2026 11:06:04 AM,Sold,900001001,Traditional IRA - x1001,5 of LITE @ $99.558 (Order # 9617),--,$0.011,$497.779
 06/02/2026 11:05:46 AM,Sold,900001001,Traditional IRA - x1001,10 of FN @ $67.609 (Order # 1014),--,$0.014,$676.071
 06/02/2026 11:05:26 AM,Sold,900001001,Traditional IRA - x1001,5 of LITE @ $99.727 (Order # 6004),--,$0.011,$498.624
 06/02/2026 11:05:09 AM,Sold,900001001,Traditional IRA - x1001,7 of LITE @ $99.869 (Order # 9896),--,$0.015,$699.065
 06/02/2026 11:04:48 AM,Sold,900001001,Traditional IRA - x1001,2 of LITE @ $99.89 (Order # 7659),--,$0.005,$199.775
 06/02/2026 11:01:27 AM,Sold,900001001,Traditional IRA - x1001,2 of LITE @ $100.872 (Order # 5840),--,$0.005,$201.739
 06/02/2026 11:00:41 AM,Sold,900001001,Traditional IRA - x1001,10 of COHR @ $42.752 (Order # 1986),--,$0.009,$427.506
 06/02/2026 11:00:18 AM,Sold,900001001,Traditional IRA - x1001,45 of ICHR @ $7.594 (Order # 1609),--,$0.008,$341.721
 06/02/2026 10:58:55 AM,Sold,900001001,Traditional IRA - x1001,60 of GDMN @ $9.224 (Order # 8013),--,$0.012,$553.427
 06/02/2026 10:57:06 AM,Sold,900001001,Traditional IRA - x1001,12 of MTZ @ $37.106 (Order # 9689),--,$0.01,$445.262
 06/02/2026 10:55:43 AM,Sold,900001001,Traditional IRA - x1001,15 of ICHR @ $7.601 (Order # 1947),--,$0.003,$114.005
 06/02/2026 10:54:34 AM,Bought,900001001,Traditional IRA - x1001,45 of IGM @ $17.011 (Order # 9961),--,$0,-$765.49
 06/02/2026 10:53:55 AM,Sold,900001001,Traditional IRA - x1001,5 of FN @ $68.081 (Order # 3837),--,$0.008,$340.395
 06/02/2026 10:47:15 AM,Sold,900001001,Traditional IRA - x1001,5 of JLL @ $28.999 (Order # 3356),--,$0.003,$144.992
 06/02/2026 10:33:45 AM,Sold,900001001,Traditional IRA - x1001,35 of BLBD @ $7.123 (Order # 7722),--,$0.006,$249.298
 06/02/2026 10:31:49 AM,Bought,900001001,Traditional IRA - x1001,350 of NLCP @ $1.519 (Order # 5590),--,$0.495,-$532.145
 06/02/2026 10:15:35 AM,Bought,900001001,Traditional IRA - x1001,10 of CRWD @ $76.409 (Order # 7344),--,$0,-$764.085
 06/02/2026 10:14:41 AM,Bought,900001001,Traditional IRA - x1001,50 of DDOG @ $26.585 (Order # 9329),--,$0,"-$1,329.225"
 06/02/2026 10:13:23 AM,Bought,900001001,Traditional IRA - x1001,75 of PLTR @ $15.384 (Order # 6234),--,$0,"-$1,153.763"
 06/02/2026 10:13:01 AM,Bought,900001001,Traditional IRA - x1001,30 of CRDO @ $21.258 (Order # 5531),--,$0,-$637.74
 06/02/2026 10:11:43 AM,Sold,900001001,Traditional IRA - x1001,50 of NVDA @ $22.926 (Order # 8049),--,$0.024,"$1,146.275"
 06/02/2026 10:11:00 AM,Sold,900001001,Traditional IRA - x1001,50 of PSIX @ $4.046 (Order # 7545),--,$0.005,$202.269
 06/02/2026 10:10:13 AM,Sold,900001001,Traditional IRA - x1001,10 of CLS @ $45.927 (Order # 5496),--,$0.01,$459.257
 06/02/2026 10:09:36 AM,Sold,900001001,Traditional IRA - x1001,10 of AVGO @ $48.162 (Order # 1777),--,$0.01,$481.608
 06/02/2026 10:08:57 AM,Sold,900001001,Traditional IRA - x1001,10 of COHR @ $41.009 (Order # 4390),--,$0.009,$410.082
 06/02/2026 10:08:38 AM,Sold,900001001,Traditional IRA - x1001,50 of IREN @ $6.85 (Order # 5929),--,$0.008,$342.466
 06/02/2026 10:07:34 AM,Sold,900001001,Traditional IRA - x1001,5 of LITE @ $97.502 (Order # 8080),--,$0.011,$487.498
 06/02/2026 10:06:51 AM,Sold,900001001,Traditional IRA - x1001,5 of FN @ $66.919 (Order # 9534),--,$0.007,$334.586
 06/02/2026 10:05:15 AM,Bought,900001001,Traditional IRA - x1001,5 of APP @ $59.626 (Order # 3754),--,$0,-$298.128
 06/02/2026 10:03:47 AM,Bought,900001001,Traditional IRA - x1001,10 of TWLO @ $22.04 (Order # 6980),--,$0,-$220.4
 06/02/2026 10:02:51 AM,Bought,900001001,Traditional IRA - x1001,25 of UNFI @ $5.18 (Order # 1316),--,$0,-$129.488
 06/02/2026 10:01:58 AM,Bought,900001001,Traditional IRA - x1001,5 of CRDO @ $21.524 (Order # 2365),--,$0,-$107.618
 06/02/2026 09:55:13 AM,Bought,900001001,Traditional IRA - x1001,15 of PLTR @ $15.295 (Order # 2470),--,$0,-$229.425
 06/02/2026 09:54:37 AM,Bought,900001001,Traditional IRA - x1001,5 of MSFT @ $44.504 (Order # 1377),--,$0,-$222.52
 06/02/2026 09:53:55 AM,Bought,900001001,Traditional IRA - x1001,15 of RTX @ $17.402 (Order # 7026),--,$0,-$261.025
 06/02/2026 09:53:42 AM,Sold,900001001,Traditional IRA - x1001,150 of CSTM @ $3.567 (Order # 4140),--,$0.012,$535.035
 06/02/2026 09:53:27 AM,Sold,900001001,Traditional IRA - x1001,15 of CVSA @ $12.345 (Order # 9069),--,$0.004,$185.171
 06/02/2026 09:52:20 AM,Bought,900001001,Traditional IRA - x1001,10 of EWY @ $21.262 (Order # 1851),--,$0,-$212.622
 06/02/2026 09:51:24 AM,Bought,900001001,Traditional IRA - x1001,10 of TWLO @ $22.323 (Order # 1529),--,$0,-$223.225
 06/02/2026 09:50:00 AM,Sold,900001001,Traditional IRA - x1001,25 of NVDA @ $22.999 (Order # 1147),--,$0.012,$574.963
 06/02/2026 09:49:59 AM,Bought,900001001,Traditional IRA - x1001,75 of PSUS @ $3.941 (Order # 2855),--,$0,-$295.575
 06/02/2026 09:49:20 AM,Bought,900001001,Traditional IRA - x1001,30 of HHH @ $6.267 (Order # 1243),--,$0,-$188.01
 06/02/2026 09:48:09 AM,Bought,900001001,Traditional IRA - x1001,25 of AUGO @ $7.118 (Order # 7516),--,$0,-$177.96
 06/02/2026 09:47:13 AM,Bought,900001001,Traditional IRA - x1001,30 of UBER @ $7.272 (Order # 8630),--,$0,-$218.145
 06/02/2026 09:46:09 AM,Bought,900001001,Traditional IRA - x1001,100 of NEXA @ $1.615 (Order # 2718),--,$0,-$161.498
 06/02/2026 09:44:51 AM,Bought,900001001,Traditional IRA - x1001,25 of GM @ $8.183 (Order # 4503),--,$0,-$204.563
 06/02/2026 09:44:11 AM,Bought,900001001,Traditional IRA - x1001,75 of EZPW @ $3.05 (Order # 6803),--,$0,-$228.75
 06/02/2026 09:42:56 AM,Bought,900001001,Traditional IRA - x1001,7 of GOOG @ $35.562 (Order # 4861),--,$0,-$248.933
 06/02/2026 09:42:13 AM,Bought,900001001,Traditional IRA - x1001,10 of CRDO @ $21.795 (Order # 5582),--,$0,-$217.945
 06/02/2026 09:41:52 AM,Bought,900001001,Traditional IRA - x1001,15 of PLTR @ $15.419 (Order # 8090),--,$0,-$231.285
 06/02/2026 09:38:17 AM,Bought,900001001,Traditional IRA - x1001,7 of BE @ $29.512 (Order # 8876),--,$0,-$206.584
 06/02/2026 09:33:03 AM,Sold,900001001,Traditional IRA - x1001,10 of VRT @ $33.999 (Order # 1574),--,$0.008,$339.982
 06/02/2026 09:31:47 AM,Sold,900001001,Traditional IRA - x1001,15 of NBIS @ $27.499 (Order # 1366),--,$0.009,$412.476
 06/02/2026 09:30:55 AM,Sold,900001001,Traditional IRA - x1001,10 of CLS @ $44.5 (Order # 6100),--,$0.01,$444.99
 06/02/2026 09:30:02 AM,Sold,900001001,Traditional IRA - x1001,4 of LITE @ $93.618 (Order # 3522),--,$0.008,$374.464
 06/02/2026 09:30:02 AM,Sold,900001001,Traditional IRA - x1001,20 of CRWV @ $13 (Order # 1739),--,$0.006,$259.994
 06/02/2026 09:30:02 AM,Bought,900001001,Traditional IRA - x1001,5 of MSFT @ $44.7 (Order # 4653),--,$0,-$223.5
 06/02/2026 09:30:02 AM,Bought,900001001,Traditional IRA - x1001,15 of CRDO @ $21.936 (Order # 7286),--,$0,-$329.04
 06/02/2026 09:30:01 AM,Bought,900001001,Traditional IRA - x1001,5 of TSLA @ $41.832 (Order # 7388),--,$0,-$209.16
 06/02/2026 09:30:01 AM,Bought,900001001,Traditional IRA - x1001,7 of GOOG @ $36.323 (Order # 7276),--,$0,-$254.261
 06/02/2026 09:30:01 AM,Sold,900001001,Traditional IRA - x1001,1 of SNDK @ $175.006 (Order # 8798),--,$0.004,$175.002
 06/02/2026 09:30:01 AM,Sold,900001001,Traditional IRA - x1001,10 of VRT @ $33.397 (Order # 9682),--,$0.007,$333.963
 06/02/2026 09:30:01 AM,Sold,900001001,Traditional IRA - x1001,20 of COPJ @ $4.603 (Order # 3807),--,$0.002,$92.058
 06/02/2026 09:30:01 AM,Sold,900001001,Traditional IRA - x1001,35 of BLBD @ $6.93 (Order # 2638),--,$0.005,$242.544
 06/02/2026 09:30:01 AM,Bought,900001001,Traditional IRA - x1001,10 of AMZN @ $25.726 (Order # 6776),--,$0,-$257.26
 06/02/2026 09:30:01 AM,Bought,900001001,Traditional IRA - x1001,100 of PSTL @ $2.252 (Order # 3335),--,$0,-$225.2
 06/02/2026 09:30:01 AM,Bought,900001001,Traditional IRA - x1001,5 of MYRG @ $45.084 (Order # 9070),--,$0,-$225.42
 06/02/2026 09:30:00 AM,Sold,900001001,Traditional IRA - x1001,5 of SOXX @ $58.575 (Order # 8440),--,$0.007,$292.868
 06/02/2026 09:30:00 AM,Bought,900001001,Traditional IRA - x1001,10 of CEG @ $26.6 (Order # 6245),--,$0,-$266
 06/02/2026 09:30:00 AM,Bought,900001001,Traditional IRA - x1001,25 of GM @ $8.289 (Order # 2648),--,$0,-$207.225
 06/02/2026 09:30:00 AM,Bought,900001001,Traditional IRA - x1001,30 of ICHR @ $7.186 (Order # 8441),--,$0,-$215.58
 06/02/2026 09:30:00 AM,Sold,900001001,Traditional IRA - x1001,25 of COPX @ $9.142 (Order # 8989),--,$0.005,$228.545
 06/02/2026 09:30:00 AM,Bought,900001001,Traditional IRA - x1001,25 of MXL @ $9.171 (Order # 6037),--,$0,-$229.275
 06/01/2026 04:00:27 PM,Bought,900001001,Traditional IRA - x1001,50 of PSUS @ $3.94 (Order # 1552),--,$0,-$197
 06/01/2026 04:00:03 PM,Sold,900001001,Traditional IRA - x1001,50 of PARR @ $5.71 (Order # 2237),--,$0.006,$285.493
 06/01/2026 04:00:03 PM,Bought,900001001,Traditional IRA - x1001,7 of VRT @ $32.339 (Order # 5998),--,$0,-$226.373
 06/01/2026 04:00:03 PM,Bought,900001001,Traditional IRA - x1001,20 of HHH @ $6.289 (Order # 3480),--,$0,-$125.78
 06/01/2026 04:00:02 PM,Sold,900001001,Traditional IRA - x1001,5 of TSM @ $43.563 (Order # 6970),--,$0.005,$217.81
 06/01/2026 04:00:02 PM,Sold,900001001,Traditional IRA - x1001,5 of TWLO @ $22.754 (Order # 5238),--,$0.003,$113.767
 06/01/2026 04:00:01 PM,Sold,900001001,Traditional IRA - x1001,100 of IREN @ $6.533 (Order # 7256),--,$0.014,$653.284
 06/01/2026 04:00:01 PM,Sold,900001001,Traditional IRA - x1001,40 of EMEQ @ $7.083 (Order # 4578),--,$0.006,$283.313
 06/01/2026 04:00:00 PM,Sold,900001001,Traditional IRA - x1001,5 of NVDA @ $22.436 (Order # 7462),--,$0.003,$112.177
 06/01/2026 04:00:00 PM,Bought,900001001,Traditional IRA - x1001,60 of GDMN @ $9.145 (Order # 1488),--,$0,-$548.7
 06/01/2026 04:00:00 PM,Sold,900001001,Traditional IRA - x1001,75 of USAR @ $2.943 (Order # 9179),--,$0.005,$220.719
 06/01/2026 01:13:22 PM,Sold,900001001,Traditional IRA - x1001,300 of NEXA @ $1.609 (Order # 2565),--,$0.01,$482.684
 06/01/2026 12:16:04 PM,Sold,900001001,Traditional IRA - x1001,5 of CLS @ $40.247 (Order # 4222),--,$0.005,$201.228
 06/01/2026 12:15:02 PM,Sold,900001001,Traditional IRA - x1001,25 of NBIS @ $27.228 (Order # 7694),--,$0.015,$680.685
 06/01/2026 11:25:17 AM,Sold,900001001,Traditional IRA - x1001,5 of ALL @ $20.723 (Order # 9493),--,$0.003,$103.612
 06/01/2026 11:23:48 AM,Bought,900001001,Traditional IRA - x1001,15 of SIVR @ $7.092 (Order # 9084),--,$0,-$106.38
 06/01/2026 11:23:13 AM,Sold,900001001,Traditional IRA - x1001,50 of USAR @ $3.032 (Order # 9718),--,$0.004,$151.596
 06/01/2026 11:21:17 AM,Bought,900001001,Traditional IRA - x1001,10 of TTMI @ $16.802 (Order # 1005),--,$0,-$168.02
 06/01/2026 11:15:20 AM,Bought,900001001,Traditional IRA - x1001,40 of ARE @ $4.922 (Order # 7471),--,$0,-$196.892
 06/01/2026 11:14:01 AM,Sold,900001001,Traditional IRA - x1001,100 of UAE @ $1.891 (Order # 6002),--,$0.004,$189.094
 06/01/2026 11:13:05 AM,Sold,900001001,Traditional IRA - x1001,5 of NBIS @ $27.234 (Order # 6217),--,$0.003,$136.167
 06/01/2026 11:12:28 AM,Sold,900001001,Traditional IRA - x1001,15 of IREN @ $6.452 (Order # 5116),--,$0.002,$96.771
 06/01/2026 11:09:48 AM,Bought,900001001,Traditional IRA - x1001,2 of AMD @ $50.907 (Order # 8197),--,$0,-$101.814
 06/01/2026 11:09:11 AM,Bought,900001001,Traditional IRA - x1001,3 of APP @ $60.33 (Order # 4352),--,$0,-$180.99
 06/01/2026 11:06:59 AM,Sold,900001001,Traditional IRA - x1001,5 of AVGO @ $45.572 (Order # 8936),--,$0.005,$227.855
 06/01/2026 11:04:59 AM,Bought,900001001,Traditional IRA - x1001,7 of GOOG @ $37.307 (Order # 1585),--,$0,-$261.149
 06/01/2026 11:04:38 AM,Bought,900001001,Traditional IRA - x1001,15 of AMZN @ $26.425 (Order # 6981),--,$0,-$396.375
 06/01/2026 11:02:45 AM,Sold,900001001,Traditional IRA - x1001,10 of EWY @ $21.188 (Order # 7436),--,$0.005,$211.875
 06/01/2026 10:58:17 AM,Sold,900001001,Traditional IRA - x1001,5 of TSM @ $43.814 (Order # 3612),--,$0.005,$219.065
 06/01/2026 10:57:42 AM,Sold,900001001,Traditional IRA - x1001,30 of W @ $7.18 (Order # 6788),--,$0.005,$215.403
 06/01/2026 10:56:40 AM,Bought,900001001,Traditional IRA - x1001,50 of PSIX @ $3.903 (Order # 8863),--,$0,-$195.15
 06/01/2026 10:55:10 AM,Bought,900001001,Traditional IRA - x1001,15 of CRDO @ $23.336 (Order # 8126),--,$0,-$350.033
 06/01/2026 10:54:35 AM,Sold,900001001,Traditional IRA - x1001,5 of UNH @ $38.014 (Order # 3362),--,$0.004,$190.066
 06/01/2026 10:53:47 AM,Bought,900001001,Traditional IRA - x1001,5 of GOOG @ $37.302 (Order # 9440),--,$0,-$186.51
 06/01/2026 10:52:12 AM,Bought,900001001,Traditional IRA - x1001,75 of PPLT @ $1.741 (Order # 9632),--,$0,-$130.538
 06/01/2026 10:51:38 AM,Sold,900001001,Traditional IRA - x1001,46 of CVSA @ $11.783 (Order # 4875),--,$0.012,$542.022
 06/01/2026 10:48:55 AM,Sold,900001001,Traditional IRA - x1001,450 of PATH @ $1.279 (Order # 2451),--,$0.012,$575.529
 06/01/2026 10:48:49 AM,Bought,900001001,Traditional IRA - x1001,50 of MLPI @ $5.513 (Order # 6951),--,$0,-$275.625
 06/01/2026 09:52:04 AM,Bought,900001001,Traditional IRA - x1001,10 of CEG @ $27.001 (Order # 5385),--,$0,-$270.01
 06/01/2026 09:47:16 AM,Sold,900001001,Traditional IRA - x1001,150 of USAR @ $2.999 (Order # 7569),--,$0.01,$449.837
 06/01/2026 09:36:03 AM,Sold,900001001,Traditional IRA - x1001,5 of TSM @ $43.21 (Order # 1847),--,$0.005,$216.045
 06/01/2026 09:32:38 AM,Sold,900001001,Traditional IRA - x1001,30 of TIGO @ $8.699 (Order # 3462),--,$0.006,$260.963
 06/01/2026 09:30:01 AM,Bought,900001001,Traditional IRA - x1001,50 of HHH @ $6.338 (Order # 8121),--,$0,-$316.9
 06/01/2026 03:00:00 AM,Dividend,900001001,Traditional IRA - x1001,0 of BLOX @ $0,--,$0,$8.351
 05/29/2026 04:00:03 PM,Bought,900001001,Traditional IRA - x1001,120 of PINE @ $1.927 (Order # 8262),--,$0,-$231.24
 05/29/2026 04:00:01 PM,Bought,900001001,Traditional IRA - x1001,300 of EZPW @ $3.124 (Order # 2153),--,$0,-$937.2
 05/29/2026 04:00:00 PM,Bought,900001001,Traditional IRA - x1001,20 of SMCI @ $4.609 (Order # 9950),--,$0,-$92.18
 05/29/2026 04:00:00 PM,Bought,900001001,Traditional IRA - x1001,50 of EMEQ @ $6.78 (Order # 9677),--,$0,-$339
 05/29/2026 04:00:00 PM,Bought,900001001,Traditional IRA - x1001,300 of DRH @ $1.099 (Order # 7498),--,$0,-$329.7
 05/29/2026 03:29:35 PM,Bought,900001001,Traditional IRA - x1001,2 of LITE @ $83.818 (Order # 5318),--,$0,-$167.636
 05/29/2026 03:28:32 PM,Sold,900001001,Traditional IRA - x1001,100 of VGSH @ $5.834 (Order # 8057),--,$0.013,$583.4
 05/29/2026 03:25:38 PM,Sold,900001001,Traditional IRA - x1001,15 of EAT @ $14.375 (Order # 2240),--,$0.005,$215.613
 05/29/2026 03:25:16 PM,Sold,900001001,Traditional IRA - x1001,10 of EAT @ $14.375 (Order # 9388),--,$0.003,$143.742
 05/29/2026 03:24:14 PM,Sold,900001001,Traditional IRA - x1001,25 of GDMN @ $9.49 (Order # 4219),--,$0.005,$237.249
 05/29/2026 03:22:10 PM,Bought,900001001,Traditional IRA - x1001,20 of REMX @ $9.97 (Order # 4320),--,$0,-$199.4
 05/29/2026 03:21:34 PM,Bought,900001001,Traditional IRA - x1001,10 of NBIS @ $22.269 (Order # 4979),--,$0,-$222.69
 05/29/2026 03:20:30 PM,Sold,900001001,Traditional IRA - x1001,15 of TWLO @ $19.192 (Order # 1763),--,$0.006,$287.867
 05/29/2026 03:20:00 PM,Sold,900001001,Traditional IRA - x1001,30 of BVN @ $3.676 (Order # 7263),--,$0.003,$110.261
 05/29/2026 02:58:25 PM,Bought,900001001,Traditional IRA - x1001,3 of GOOG @ $37.808 (Order # 8501),--,$0,-$113.423
 05/29/2026 02:57:53 PM,Bought,900001001,Traditional IRA - x1001,400 of PINE @ $1.938 (Order # 1479),--,$0,-$775.2
 05/29/2026 02:56:48 PM,Sold,900001001,Traditional IRA - x1001,50 of GDMN @ $9.487 (Order # 6073),--,$0.01,$474.339
 05/29/2026 02:55:08 PM,Sold,900001001,Traditional IRA - x1001,25 of BVN @ $3.669 (Order # 2533),--,$0.002,$91.723
 05/29/2026 02:54:12 PM,Sold,900001001,Traditional IRA - x1001,5 of VOO @ $69.474 (Order # 6103),--,$0.008,$347.363
 05/29/2026 02:51:20 PM,Bought,900001001,Traditional IRA - x1001,3 of TSM @ $41.872 (Order # 5432),--,$0,-$125.615
 05/29/2026 02:50:07 PM,Sold,900001001,Traditional IRA - x1001,50 of CDE @ $1.907 (Order # 4507),--,$0.002,$95.322
 05/29/2026 02:48:49 PM,Bought,900001001,Traditional IRA - x1001,4 of LITE @ $83.031 (Order # 4319),--,$0,-$332.122
 05/29/2026 02:48:09 PM,Bought,900001001,Traditional IRA - x1001,120 of ET @ $1.917 (Order # 2736),--,$0,-$229.98
 05/29/2026 02:44:25 PM,Sold,900001001,Traditional IRA - x1001,10 of CLS @ $37.911 (Order # 1305),--,$0.008,$379.102
 05/29/2026 02:43:08 PM,Bought,900001001,Traditional IRA - x1001,35 of TTMI @ $17.813 (Order # 9422),--,$0,-$623.46
 05/29/2026 02:40:41 PM,Bought,900001001,Traditional IRA - x1001,10 of AMD @ $50.691 (Order # 6144),--,$0,-$506.905
 05/29/2026 02:39:53 PM,Bought,900001001,Traditional IRA - x1001,145 of ICHR @ $7.003 (Order # 1209),--,$0,"-$1,015.392"
 05/29/2026 02:39:06 PM,Sold,900001001,Traditional IRA - x1001,10 of VOO @ $69.556 (Order # 6229),--,$0.015,$695.54
 05/29/2026 02:37:42 PM,Bought,900001001,Traditional IRA - x1001,100 of PSUS @ $4.021 (Order # 4319),--,$0,-$402.1
 05/29/2026 02:37:04 PM,Sold,900001001,Traditional IRA - x1001,180 of MFC @ $3.819 (Order # 4392),--,$0.015,$687.311
 05/29/2026 02:35:12 PM,Bought,900001001,Traditional IRA - x1001,5 of FN @ $63.91 (Order # 7640),--,$0,-$319.548
 05/29/2026 02:32:54 PM,Sold,900001001,Traditional IRA - x1001,75 of BVN @ $3.668 (Order # 2855),--,$0.006,$275.056
 05/29/2026 02:31:02 PM,Bought,900001001,Traditional IRA - x1001,10 of MYRG @ $46.302 (Order # 9429),--,$0,-$463.02
 05/29/2026 02:29:48 PM,Sold,900001001,Traditional IRA - x1001,400 of ORLA @ $1.324 (Order # 7077),--,$0.011,$529.381
 05/29/2026 02:14:58 PM,Bought,900001001,Traditional IRA - x1001,50 of PARR @ $5.555 (Order # 6634),--,$0,-$277.75
 05/29/2026 01:37:35 PM,Bought,900001001,Traditional IRA - x1001,10 of GOOG @ $37.952 (Order # 1243),--,$0,-$379.52
 05/29/2026 01:35:27 PM,Bought,900001001,Traditional IRA - x1001,600 of NLCP @ $1.586 (Order # 1796),--,$0.495,-$952.095
 05/29/2026 01:34:48 PM,Sold,900001001,Traditional IRA - x1001,100 of VGSH @ $5.836 (Order # 4610),--,$0.013,$583.586
 05/29/2026 01:33:12 PM,Sold,900001001,Traditional IRA - x1001,300 of NEXA @ $1.507 (Order # 7029),--,$0.01,$452.084
 05/29/2026 01:29:14 PM,Bought,900001001,Traditional IRA - x1001,50 of BE @ $27.471 (Order # 4190),--,$0,"-$1,373.55"
 05/29/2026 01:28:15 PM,Sold,900001001,Traditional IRA - x1001,130 of TIMB @ $2.187 (Order # 1989),--,$0.006,$284.301
 05/29/2026 01:27:38 PM,Sold,900001001,Traditional IRA - x1001,120 of TIMB @ $2.187 (Order # 2901),--,$0.006,$262.38
 05/29/2026 01:26:16 PM,Sold,900001001,Traditional IRA - x1001,200 of NWG @ $1.614 (Order # 8602),--,$0.007,$322.689
 05/29/2026 01:25:33 PM,Sold,900001001,Traditional IRA - x1001,75 of DB @ $3.249 (Order # 6541),--,$0.006,$243.631
 05/29/2026 01:25:10 PM,Sold,900001001,Traditional IRA - x1001,125 of DHT @ $1.632 (Order # 1774),--,$0.005,$203.931
 05/29/2026 01:24:29 PM,Sold,900001001,Traditional IRA - x1001,40 of EPU @ $8.554 (Order # 7426),--,$0.008,$342.131
 05/29/2026 01:21:27 PM,Bought,900001001,Traditional IRA - x1001,50 of NBIS @ $22.303 (Order # 1588),--,$0,"-$1,115.15"
 05/29/2026 01:20:52 PM,Sold,900001001,Traditional IRA - x1001,200 of VGSH @ $5.836 (Order # 1385),--,$0.025,"$1,167.173"
 05/29/2026 01:20:18 PM,Bought,900001001,Traditional IRA - x1001,20 of AMZN @ $27.101 (Order # 8200),--,$0,-$542.02
 05/29/2026 01:10:18 PM,Bought,900001001,Traditional IRA - x1001,10 of MLPI @ $5.469 (Order # 4464),--,$0,-$54.69
 05/29/2026 01:06:36 PM,Sold,900001001,Traditional IRA - x1001,100 of VGSH @ $5.837 (Order # 4569),--,$0.013,$583.635
 05/29/2026 12:59:23 PM,Sold,900001001,Traditional IRA - x1001,100 of VGSH @ $5.837 (Order # 3038),--,$0.013,$583.7
 05/29/2026 12:56:06 PM,Bought,900001001,Traditional IRA - x1001,13 of DY @ $50.989 (Order # 2779),--,$0,-$662.851
 05/29/2026 12:55:29 PM,Sold,900001001,Traditional IRA - x1001,100 of VGSH @ $5.837 (Order # 5138),--,$0.013,$583.686
 05/29/2026 12:54:42 PM,Bought,900001001,Traditional IRA - x1001,150 of EZPW @ $3.119 (Order # 3156),--,$0,-$467.849
 05/29/2026 12:54:16 PM,Sold,900001001,Traditional IRA - x1001,100 of VTIP @ $5.042 (Order # 7057),--,$0.011,$504.217
 05/29/2026 12:50:08 PM,Sold,900001001,Traditional IRA - x1001,25 of CRDO @ $22.885 (Order # 5367),--,$0.012,$572.101
 05/29/2026 12:20:34 PM,Bought,900001001,Traditional IRA - x1001,50 of PSTL @ $2.29 (Order # 8187),--,$0,-$114.5
 05/29/2026 12:20:04 PM,Bought,900001001,Traditional IRA - x1001,5 of FN @ $63.092 (Order # 9871),--,$0,-$315.458
 05/29/2026 12:18:13 PM,Sold,900001001,Traditional IRA - x1001,20 of NVDA @ $21.63 (Order # 9473),--,$0.009,$432.581
 05/29/2026 12:17:30 PM,Bought,900001001,Traditional IRA - x1001,5 of DY @ $51.194 (Order # 5515),--,$0,-$255.972
 05/29/2026 12:17:01 PM,Bought,900001001,Traditional IRA - x1001,7 of BRK.B @ $47.394 (Order # 7700),--,$0,-$331.758
 05/29/2026 12:14:52 PM,Bought,900001001,Traditional IRA - x1001,100 of GM @ $8.28 (Order # 2754),--,$0,-$828
 05/29/2026 12:14:24 PM,Bought,900001001,Traditional IRA - x1001,50 of MXL @ $9.475 (Order # 7258),--,$0,-$473.75
 05/29/2026 12:13:44 PM,Bought,900001001,Traditional IRA - x1001,2 of LITE @ $83.133 (Order # 8815),--,$0,-$166.266
 05/29/2026 12:13:18 PM,Bought,900001001,Traditional IRA - x1001,15 of MYRG @ $46.337 (Order # 3264),--,$0,-$695.055
 05/29/2026 12:12:56 PM,Bought,900001001,Traditional IRA - x1001,5 of AGX @ $64.609 (Order # 5169),--,$0,-$323.043
 05/29/2026 12:12:33 PM,Bought,900001001,Traditional IRA - x1001,10 of BE @ $27.64 (Order # 7192),--,$0,-$276.4
 05/29/2026 12:12:00 PM,Bought,900001001,Traditional IRA - x1001,5 of UNH @ $37.767 (Order # 8738),--,$0,-$188.835
 05/29/2026 12:10:34 PM,Bought,900001001,Traditional IRA - x1001,10 of EWY @ $20.629 (Order # 9881),--,$0,-$206.29
 05/29/2026 12:09:50 PM,Bought,900001001,Traditional IRA - x1001,10 of COHR @ $35.077 (Order # 6794),--,$0,-$350.77
 05/29/2026 12:07:46 PM,Bought,900001001,Traditional IRA - x1001,25 of TTMI @ $18.161 (Order # 8778),--,$0,-$454.013
 05/29/2026 12:07:24 PM,Bought,900001001,Traditional IRA - x1001,25 of RTX @ $17.959 (Order # 7245),--,$0,-$448.975
 05/29/2026 12:06:44 PM,Bought,900001001,Traditional IRA - x1001,200 of PATH @ $1.172 (Order # 9103),--,$0,-$234.3
 05/29/2026 12:05:48 PM,Bought,900001001,Traditional IRA - x1001,125 of BLOX @ $1.771 (Order # 5526),--,$0,-$221.375
 05/29/2026 12:03:38 PM,Bought,900001001,Traditional IRA - x1001,5 of LITE @ $83.108 (Order # 6207),--,$0,-$415.54
 05/29/2026 12:01:07 PM,Sold,900001001,Traditional IRA - x1001,100 of NEXA @ $1.53 (Order # 5530),--,$0.004,$152.944
 05/29/2026 12:00:41 PM,Bought,900001001,Traditional IRA - x1001,15 of IWM @ $29.034 (Order # 5478),--,$0,-$435.503
 05/29/2026 11:59:54 AM,Bought,900001001,Traditional IRA - x1001,60 of UNFI @ $5.14 (Order # 8609),--,$0,-$308.4
 05/29/2026 11:59:18 AM,Sold,900001001,Traditional IRA - x1001,5 of AVGO @ $43.9 (Order # 2264),--,$0.005,$219.495
 05/29/2026 11:58:53 AM,Bought,900001001,Traditional IRA - x1001,10 of GOOG @ $37.91 (Order # 1674),--,$0,-$379.1
 05/29/2026 11:58:29 AM,Sold,900001001,Traditional IRA - x1001,25 of PLTR @ $15.691 (Order # 4898),--,$0.009,$392.266
 05/29/2026 11:56:21 AM,Bought,900001001,Traditional IRA - x1001,150 of PSTL @ $2.295 (Order # 6300),--,$0,-$344.25
 05/29/2026 11:55:19 AM,Sold,900001001,Traditional IRA - x1001,5 of CRDO @ $22.796 (Order # 5481),--,$0.003,$113.975
 05/29/2026 11:45:37 AM,Sold,900001001,Traditional IRA - x1001,50 of BVN @ $3.67 (Order # 8473),--,$0.004,$183.47
 05/29/2026 11:45:04 AM,Sold,900001001,Traditional IRA - x1001,15 of CLS @ $37.885 (Order # 3713),--,$0.012,$568.268
 05/29/2026 11:41:25 AM,Sold,900001001,Traditional IRA - x1001,75 of IAUM @ $4.558 (Order # 7159),--,$0.008,$341.842
 05/29/2026 11:35:55 AM,Sold,900001001,Traditional IRA - x1001,7 of CLS @ $37.907 (Order # 5281),--,$0.006,$265.341
 05/29/2026 11:35:27 AM,Sold,900001001,Traditional IRA - x1001,15 of PLTR @ $15.691 (Order # 2235),--,$0.005,$235.361
 05/29/2026 11:35:02 AM,Sold,900001001,Traditional IRA - x1001,15 of PLTR @ $15.695 (Order # 8242),--,$0.005,$235.413
 05/29/2026 11:34:25 AM,Sold,900001001,Traditional IRA - x1001,15 of PLTR @ $15.686 (Order # 2236),--,$0.005,$235.285
 05/29/2026 11:11:11 AM,Sold,900001001,Traditional IRA - x1001,75 of SSRM @ $3.123 (Order # 3377),--,$0.005,$234.219
 05/29/2026 10:59:12 AM,Sold,900001001,Traditional IRA - x1001,5 of MSFT @ $44.444 (Order # 7187),--,$0.005,$222.215
 05/29/2026 09:30:02 AM,Sold,900001001,Traditional IRA - x1001,15 of CRDO @ $23 (Order # 5572),--,$0.008,$344.992
 05/29/2026 09:30:01 AM,Sold,900001001,Traditional IRA - x1001,15 of PLTR @ $14.8 (Order # 6948),--,$0.005,$221.995
 05/29/2026 09:30:00 AM,Sold,900001001,Traditional IRA - x1001,5 of MSFT @ $43.25 (Order # 1227),--,$0.005,$216.245
 05/29/2026 03:00:00 AM,Dividend,900001001,Traditional IRA - x1001,0 of PSTL @ $0,--,$0,$20.703
 05/29/2026 03:00:00 AM,Dividend,900001001,Traditional IRA - x1001,0 of LTM @ $0,--,$0,$0
 05/29/2026 03:00:00 AM,Qualified Dividend,900001001,Traditional IRA - x1001,CARNIVAL CORPORATION LTD REC 05/29/26 PAY 05/29/26 RATE 0.00000000 QTY 0.00000000,--,$0,$8.325
 05/29/2026 03:00:00 AM,Qualified Dividend,900001001,Traditional IRA - x1001,LATAM AIRLINES GROUP SA ADR,--,$0,$1.782
 05/29/2026 03:00:00 AM,MISC,900001001,Traditional IRA - x1001,LATAM AIRLINES GROUP SA ADR AGENT CUSTODY FEE $0.00258/SH,--,$0,-$0.491
 05/29/2026 03:00:00 AM,Interest Income,900001001,Traditional IRA - x1001,CASH BALANCE PROGRAM (Period 05/01-05/31),--,$0,$0.022
 05/28/2026 04:01:21 PM,Sold,900001001,Traditional IRA - x1001,125 of KGC @ $2.929 (Order # 1235),--,$0.008,$366.115
 05/28/2026 04:00:03 PM,Bought,900001001,Traditional IRA - x1001,7 of CLS @ $35.102 (Order # 8530),--,$0,-$245.714
 05/28/2026 04:00:03 PM,Sold,900001001,Traditional IRA - x1001,75 of UNFI @ $5.246 (Order # 5178),--,$0.009,$393.44
 05/28/2026 04:00:03 PM,Bought,900001001,Traditional IRA - x1001,40 of PARR @ $5.648 (Order # 8821),--,$0,-$225.92
 05/28/2026 04:00:03 PM,Bought,900001001,Traditional IRA - x1001,175 of PSTL @ $2.346 (Order # 8525),--,$0,-$410.55
 05/28/2026 04:00:03 PM,Bought,900001001,Traditional IRA - x1001,15 of THG @ $18.739 (Order # 5526),--,$0,-$281.085
 05/28/2026 04:00:03 PM,Sold,900001001,Traditional IRA - x1001,50 of BAC @ $5.077 (Order # 6917),--,$0.006,$253.843
 05/28/2026 04:00:02 PM,Sold,900001001,Traditional IRA - x1001,5 of DY @ $53.52 (Order # 3819),--,$0.006,$267.594
 05/28/2026 04:00:02 PM,Sold,900001001,Traditional IRA - x1001,20 of DHT @ $1.635 (Order # 2371),--,$0.001,$32.699
 05/28/2026 04:00:02 PM,Sold,900001001,Traditional IRA - x1001,75 of TIMB @ $2.227 (Order # 3403),--,$0.004,$167.02
 05/28/2026 04:00:02 PM,Sold,900001001,Traditional IRA - x1001,125 of DHT @ $1.635 (Order # 7080),--,$0.005,$204.368
 05/28/2026 04:00:01 PM,Bought,900001001,Traditional IRA - x1001,50 of IREN @ $6.405 (Order # 1139),--,$0,-$320.25
 05/28/2026 04:00:01 PM,Bought,900001001,Traditional IRA - x1001,50 of IREN @ $6.405 (Order # 4835),--,$0,-$320.25
 05/28/2026 04:00:01 PM,Bought,900001001,Traditional IRA - x1001,5 of LITE @ $86.062 (Order # 8117),--,$0,-$430.31
 05/28/2026 04:00:01 PM,Bought,900001001,Traditional IRA - x1001,4 of CEG @ $28.631 (Order # 3424),--,$0,-$114.524
 05/28/2026 04:00:01 PM,Sold,900001001,Traditional IRA - x1001,5 of AMD @ $51.809 (Order # 5842),--,$0.006,$259.039
 05/28/2026 04:00:01 PM,Bought,900001001,Traditional IRA - x1001,7 of LITE @ $86.062 (Order # 4946),--,$0,-$602.434
 05/28/2026 04:00:01 PM,Bought,900001001,Traditional IRA - x1001,75 of EZPW @ $3.215 (Order # 9422),--,$0,-$241.125
 05/28/2026 04:00:01 PM,Bought,900001001,Traditional IRA - x1001,50 of MXL @ $9.776 (Order # 5689),--,$0,-$488.8
 05/28/2026 04:00:00 PM,Sold,900001001,Traditional IRA - x1001,100 of USAR @ $2.819 (Order # 9932),--,$0.006,$281.892
 05/28/2026 04:00:00 PM,Sold,900001001,Traditional IRA - x1001,5 of NBIS @ $22.634 (Order # 1055),--,$0.003,$113.167
 05/28/2026 04:00:00 PM,Sold,900001001,Traditional IRA - x1001,25 of SMCI @ $4.13 (Order # 7611),--,$0.003,$103.247
 05/28/2026 04:00:00 PM,Sold,900001001,Traditional IRA - x1001,10 of EWY @ $20.641 (Order # 9111),--,$0.005,$206.405
 05/28/2026 04:00:00 PM,Sold,900001001,Traditional IRA - x1001,35 of GDMN @ $9.204 (Order # 6496),--,$0.007,$322.132
 05/28/2026 04:00:00 PM,Sold,900001001,Traditional IRA - x1001,50 of GDE @ $6.837 (Order # 5813),--,$0.008,$341.841
 05/28/2026 04:00:00 PM,Bought,900001001,Traditional IRA - x1001,35 of ICHR @ $7.015 (Order # 6843),--,$0,-$245.525
 05/28/2026 04:00:00 PM,Sold,900001001,Traditional IRA - x1001,25 of PLTR @ $14.334 (Order # 5193),--,$0.008,$358.342
 05/28/2026 04:00:00 PM,Bought,900001001,Traditional IRA - x1001,20 of MLPI @ $5.542 (Order # 7971),--,$0,-$110.84
 05/28/2026 03:03:31 PM,Sold,900001001,Traditional IRA - x1001,5 of STRL @ $83.456 (Order # 9719),--,$0.009,$417.271
 05/28/2026 03:03:05 PM,Bought,900001001,Traditional IRA - x1001,25 of ICHR @ $7.036 (Order # 2310),--,$0,-$175.9
 05/28/2026 02:59:43 PM,Sold,900001001,Traditional IRA - x1001,200 of VGSH @ $5.831 (Order # 1821),--,$0.025,"$1,166.171"
 05/28/2026 02:58:30 PM,Bought,900001001,Traditional IRA - x1001,7 of FN @ $67.374 (Order # 3223),--,$0,-$471.615
 05/28/2026 02:56:31 PM,Bought,900001001,Traditional IRA - x1001,2 of MU @ $93.564 (Order # 5029),--,$0,-$187.127
 05/28/2026 03:00:00 AM,Qualified Dividend,900001001,Traditional IRA - x1001,DHT HOLDINGS INC SHS NEW REC 05/28/26 PAY 05/28/26 RATE 0.00000000 QTY 0.00000000,--,$0,$9.28
