"-1, as of 07/01/26 at 07:29 PM EST"
Date / Time,Type,Account #,Account Name,Description,Fee,Comm,Amount
 07/01/2026 09:59:23 AM,Sold,900001001,Traditional IRA - x1001,1 of CRWD @ $77.869,--,$0,$77.867
 07/01/2026 09:55:46 AM,Bought,900001001,Traditional IRA - x1001,50 of ARKX @ $3.403,--,$0,-$170.15
 07/01/2026 09:55:13 AM,Bought,900001001,Traditional IRA - x1001,20 of IGM @ $16.212,--,$0,-$324.24
 07/01/2026 09:54:33 AM,Bought,900001001,Traditional IRA - x1001,25 of IGV @ $9.256,--,$0,-$231.388
 07/01/2026 09:53:41 AM,Bought,900001001,Traditional IRA - x1001,75 of EZPW @ $3.415,--,$0,-$256.088
 07/01/2026 09:53:08 AM,Bought,900001001,Traditional IRA - x1001,35 of SPMO @ $15.792,--,$0,-$552.703
 07/01/2026 09:52:37 AM,Bought,900001001,Traditional IRA - x1001,36 of EMEQ @ $7.057,--,$0,-$254.052
 07/01/2026 09:52:35 AM,Bought,900001001,Traditional IRA - x1001,14 of EMEQ @ $7.053,--,$0,-$98.742
 07/01/2026 09:52:06 AM,Bought,900001001,Traditional IRA - x1001,15 of SPCX @ $16.505,--,$0,-$247.581
 07/01/2026 09:51:32 AM,Bought,900001001,Traditional IRA - x1001,5 of FN @ $54.658,--,$0,-$273.29
 07/01/2026 09:51:07 AM,Bought,900001001,Traditional IRA - x1001,5 of LITE @ $83.962,--,$0,-$419.809
 07/01/2026 09:50:29 AM,Bought,900001001,Traditional IRA - x1001,7 of DY @ $48.693,--,$0,-$340.851
 07/01/2026 09:50:02 AM,Bought,900001001,Traditional IRA - x1001,15 of CRDO @ $26.278,--,$0,-$394.17
 07/01/2026 09:49:23 AM,Bought,900001001,Traditional IRA - x1001,10 of VRT @ $31.975,--,$0,-$319.745
 07/01/2026 09:48:44 AM,Bought,900001001,Traditional IRA - x1001,30 of ICHR @ $10.515,--,$0,-$315.45
 07/01/2026 09:47:51 AM,Bought,900001001,Traditional IRA - x1001,15 of TTMI @ $17.775,--,$0,-$266.621
 07/01/2026 09:47:19 AM,Bought,900001001,Traditional IRA - x1001,5 of STRL @ $78.27,--,$0,-$391.35
 07/01/2026 09:46:55 AM,Bought,900001001,Traditional IRA - x1001,15 of NBIS @ $24.022,--,$0,-$360.323
 07/01/2026 09:46:35 AM,Bought,900001001,Traditional IRA - x1001,75 of MXL @ $11.757,--,$0,-$881.775
 07/01/2026 09:45:48 AM,Sold,900001001,Traditional IRA - x1001,590 of VGSH @ $5.803,--,$0,"$3,423.392"
 06/30/2026 03:01:26 PM,Sold,900001001,Traditional IRA - x1001,25 of ICHR @ $11.234 (Order # 5539),--,$0.006,$280.844
 06/30/2026 01:07:30 PM,Sold,900001002,Individual Brokerage - x1002,1 of LITE @ $84.705 (Order # 8345),--,$0.002,$84.703
 06/30/2026 01:05:45 PM,Sold,900001001,Traditional IRA - x1001,150 of EZPW @ $3.409 (Order # 6886),--,$0.011,$511.336
 06/30/2026 12:09:40 PM,Sold,900001001,Traditional IRA - x1001,5 of SNDK @ $220.567 (Order # 8692),--,$0.023,"$1,102.812"
 06/30/2026 11:42:28 AM,Bought,900001001,Traditional IRA - x1001,150 of BLOX @ $1.546 (Order # 4706),--,$0,-$231.969
 06/30/2026 11:32:02 AM,Sold,900001001,Traditional IRA - x1001,15 of CRDO @ $27.197 (Order # 7255),--,$0.009,$407.946
 06/30/2026 11:25:41 AM,Bought,900001001,Traditional IRA - x1001,50 of TIGO @ $9.111 (Order # 9063),--,$0,-$455.55
 06/30/2026 11:22:11 AM,Sold,900001001,Traditional IRA - x1001,5 of NBIS @ $28.747 (Order # 8507),--,$0.003,$143.732
 06/30/2026 11:08:18 AM,Bought,900001001,Traditional IRA - x1001,25 of MXL @ $11.544 (Order # 1299),--,$0,-$288.6
 06/30/2026 11:04:37 AM,Sold,900001001,Traditional IRA - x1001,60 of SLV @ $5.408 (Order # 2137),--,$0.007,$324.472
 06/30/2026 10:54:29 AM,Sold,900001001,Traditional IRA - x1001,10 of RTX @ $18.905 (Order # 8907),--,$0.004,$189.041
 06/30/2026 10:52:36 AM,Bought,900001001,Traditional IRA - x1001,50 of CNC @ $6.412 (Order # 2739),--,$0,-$320.624
 06/30/2026 10:51:22 AM,Bought,900001001,Traditional IRA - x1001,150 of PINE @ $2.086 (Order # 6985),--,$0,-$312.881
 06/30/2026 10:50:44 AM,Bought,900001001,Traditional IRA - x1001,75.393 of UBER @ $7.367 (Order # 5049),--,$0,-$555.383
 06/30/2026 10:48:40 AM,Sold,900001001,Traditional IRA - x1001,25 of TTMI @ $19.088 (Order # 7807),--,$0.01,$477.19
 06/30/2026 10:47:35 AM,Sold,900001001,Traditional IRA - x1001,5 of FN @ $55.836 (Order # 9308),--,$0.006,$279.172
 06/30/2026 10:47:07 AM,Sold,900001001,Traditional IRA - x1001,10 of BE @ $29.251 (Order # 6314),--,$0.007,$292.498
 06/30/2026 10:46:10 AM,Sold,900001001,Traditional IRA - x1001,25 of CRDO @ $26.848 (Order # 8199),--,$0.014,$671.186
 06/30/2026 10:06:54 AM,Bought,900001003,Partnership / LLC / LLP - x1003,175 of PSTL @ $2.475 (Order # 8729),--,$0,-$433.125
 06/30/2026 10:05:59 AM,Sold,900001003,Partnership / LLC / LLP - x1003,14 of SLV @ $5.35 (Order # 5337),--,$0.002,$74.891
 06/30/2026 10:04:19 AM,Bought,900001003,Partnership / LLC / LLP - x1003,25 of GDMN @ $7.183 (Order # 2276),--,$0,-$179.575
 06/30/2026 10:03:58 AM,Sold,900001003,Partnership / LLC / LLP - x1003,11 of SLV @ $5.341 (Order # 5931),--,$0.002,$58.753
 06/30/2026 10:02:46 AM,Sold,900001003,Partnership / LLC / LLP - x1003,50 of SGDM @ $6.185 (Order # 4996),--,$0.007,$309.242
 06/30/2026 10:01:40 AM,Sold,900001003,Partnership / LLC / LLP - x1003,20 of GDE @ $6.083 (Order # 7899),--,$0.003,$121.66
 06/30/2026 09:52:36 AM,Bought,900001001,Traditional IRA - x1001,150 of PINE @ $2.08 (Order # 4598),--,$0,-$312
 06/30/2026 09:48:58 AM,Bought,900001001,Traditional IRA - x1001,50 of EWY @ $19.848 (Order # 4710),--,$0,-$992.375
 06/30/2026 03:00:00 AM,Dividend,900001003,Partnership / LLC / LLP - x1003,0 of GRNY @ $0,--,$0,$0.787
 06/30/2026 03:00:00 AM,Interest Income,900001003,Partnership / LLC / LLP - x1003,MORGAN STANLEY PRIVATE BANK NA (Period 06/01-06/30),--,$0,$0.005
 06/30/2026 03:00:00 AM,Sweep,900001003,Partnership / LLC / LLP - x1003,BANK DEPOSIT PROGRAM,--,$0,-$0.005
 06/30/2026 03:00:00 AM,Margin Interest,900001002,Individual Brokerage - x1002,Thru 06/30/26 for 16 days,--,$0,-$0.073
 06/30/2026 03:00:00 AM,Dividend,900001001,Traditional IRA - x1001,0 of PINE @ $0,--,$0,$89.85
 06/30/2026 03:00:00 AM,Interest Income,900001001,Traditional IRA - x1001,CASH BALANCE PROGRAM (Period 06/01-06/30),--,$0,$0.113
 06/29/2026 04:00:03 PM,Bought,900001001,Traditional IRA - x1001,75 of UNFI @ $4.619 (Order # 8677),--,$0,-$346.425
 06/29/2026 04:00:01 PM,Sold,900001001,Traditional IRA - x1001,30 of CRWV @ $9.551 (Order # 7275),--,$0.006,$286.523
 06/29/2026 04:00:00 PM,Sold,900001001,Traditional IRA - x1001,30 of USO @ $10.708 (Order # 4866),--,$0.007,$321.232
 06/29/2026 04:00:00 PM,Sold,900001001,Traditional IRA - x1001,25 of MKOR @ $6.446 (Order # 1881),--,$0.004,$161.146
 06/29/2026 04:00:00 PM,Sold,900001001,Traditional IRA - x1001,10 of EWY @ $19.75 (Order # 5414),--,$0.005,$197.495
 06/29/2026 04:00:00 PM,Sold,900001001,Traditional IRA - x1001,150 of SMCI @ $2.815 (Order # 3544),--,$0.009,$422.238
 06/29/2026 01:36:17 PM,Bought,900001001,Traditional IRA - x1001,90 of VGSH @ $5.824 (Order # 7414),--,$0,-$524.115
 06/29/2026 01:28:12 PM,Bought,900001001,Traditional IRA - x1001,50 of GM @ $7.805 (Order # 4634),--,$0,-$390.25
 06/29/2026 01:25:51 PM,Sold,900001001,Traditional IRA - x1001,20 of GOOG @ $35.06 (Order # 3981),--,$0.015,$701.185
 06/29/2026 01:24:28 PM,Bought,900001001,Traditional IRA - x1001,350 of ET @ $1.907 (Order # 3361),--,$0,-$667.275
 06/29/2026 01:21:31 PM,Sold,900001001,Traditional IRA - x1001,30 of BE @ $27.578 (Order # 4495),--,$0.018,$827.306
 06/29/2026 01:20:28 PM,Bought,900001001,Traditional IRA - x1001,7 of BRK.B @ $49.606 (Order # 7906),--,$0,-$347.239
 06/29/2026 01:20:08 PM,Bought,900001001,Traditional IRA - x1001,750 of NLCP @ $1.592 (Order # 7199),--,$0.495,"-$1,194.495"
 06/29/2026 01:16:42 PM,Bought,900001001,Traditional IRA - x1001,20 of MSFT @ $36.975 (Order # 2697),--,$0,-$739.498
 06/29/2026 01:16:31 PM,Bought,900001001,Traditional IRA - x1001,20 of MSFT @ $36.927 (Order # 1727),--,$0,-$738.54
 06/29/2026 01:15:21 PM,Sold,900001001,Traditional IRA - x1001,5 of SLV @ $5.271 (Order # 2208),--,$0.001,$26.355
 06/29/2026 01:14:00 PM,Bought,900001001,Traditional IRA - x1001,125 of CSTM @ $3.12 (Order # 8722),--,$0,-$390
 06/29/2026 01:13:09 PM,Bought,900001001,Traditional IRA - x1001,20 of TTMI @ $18.748 (Order # 4850),--,$0,-$374.95
 06/29/2026 01:12:30 PM,Bought,900001001,Traditional IRA - x1001,4 of SNDK @ $201.458 (Order # 8368),--,$0,-$805.83
 06/29/2026 01:12:08 PM,Bought,900001001,Traditional IRA - x1001,200 of NEXA @ $1.235 (Order # 2315),--,$0,-$246.936
 06/29/2026 01:11:32 PM,Bought,900001001,Traditional IRA - x1001,1000 of BTG @ $0.376 (Order # 5682),--,$0,-$375.5
 06/29/2026 01:09:03 PM,Sold,900001001,Traditional IRA - x1001,64 of SPMO @ $15.76 (Order # 8712),--,$0.021,"$1,008.618"
 06/29/2026 01:08:07 PM,Sold,900001001,Traditional IRA - x1001,75 of ICHR @ $10.452 (Order # 3175),--,$0.017,$783.877
 06/29/2026 01:07:03 PM,Sold,900001001,Traditional IRA - x1001,10 of VRT @ $30.526 (Order # 6806),--,$0.007,$305.253
 06/29/2026 01:06:27 PM,Sold,900001001,Traditional IRA - x1001,80 of SHLD @ $5.875 (Order # 9951),--,$0.01,$469.994
 06/29/2026 01:05:41 PM,Sold,900001001,Traditional IRA - x1001,45 of IGM @ $15.933 (Order # 7332),--,$0.015,$716.969
 06/29/2026 01:04:38 PM,Bought,900001001,Traditional IRA - x1001,7 of BRK.B @ $49.601 (Order # 2807),--,$0,-$347.21
 06/29/2026 01:03:36 PM,Bought,900001001,Traditional IRA - x1001,400 of VTIP @ $5.029 (Order # 8289),--,$0,"-$2,011.4"
 06/29/2026 12:56:51 PM,Bought,900001001,Traditional IRA - x1001,100 of UNFI @ $4.717 (Order # 5344),--,$0,-$471.65
 06/29/2026 12:54:43 PM,Bought,900001001,Traditional IRA - x1001,75 of TIGO @ $9.147 (Order # 1527),--,$0,-$685.997
 06/29/2026 12:46:45 PM,Bought,900001001,Traditional IRA - x1001,150 of ARE @ $5.455 (Order # 4834),--,$0,-$818.175
 06/29/2026 12:45:45 PM,Sold,900001001,Traditional IRA - x1001,50 of AMZN @ $23.998 (Order # 4488),--,$0.025,"$1,199.849"
 06/29/2026 12:44:19 PM,Bought,900001001,Traditional IRA - x1001,500 of VGSH @ $5.824 (Order # 4457),--,$0,"-$2,911.75"
 06/29/2026 12:42:36 PM,Sold,900001001,Traditional IRA - x1001,15 of MXL @ $10.689 (Order # 4799),--,$0.004,$160.331
 06/29/2026 12:41:35 PM,Sold,900001001,Traditional IRA - x1001,7 of MTZ @ $42.08 (Order # 8513),--,$0.007,$294.553
 06/29/2026 12:38:51 PM,Sold,900001001,Traditional IRA - x1001,40 of CRWV @ $9.413 (Order # 2233),--,$0.008,$376.491
 06/29/2026 12:38:06 PM,Sold,900001001,Traditional IRA - x1001,20 of NBIS @ $25.656 (Order # 1670),--,$0.011,$513.109
 06/29/2026 12:36:22 PM,Sold,900001001,Traditional IRA - x1001,10 of SOXX @ $60.641 (Order # 7788),--,$0.013,$606.397
 06/29/2026 12:36:01 PM,Sold,900001001,Traditional IRA - x1001,7 of GOOG @ $35.007 (Order # 2329),--,$0.006,$245.043
 06/29/2026 12:35:42 PM,Sold,900001001,Traditional IRA - x1001,5 of GOOG @ $35.021 (Order # 1696),--,$0.004,$175.099
 06/29/2026 12:35:06 PM,Sold,900001001,Traditional IRA - x1001,300 of ARKX @ $3.276 (Order # 3603),--,$0.021,$982.776
 06/29/2026 12:32:27 PM,Bought,900001001,Traditional IRA - x1001,150 of BLOX @ $1.565 (Order # 9244),--,$0,-$234.749
 06/29/2026 12:27:33 PM,Bought,900001001,Traditional IRA - x1001,7 of CNSWF @ $194.798 (Order # 1099),--,$0.495,"-$1,364.081"
 06/29/2026 12:25:39 PM,Bought,900001001,Traditional IRA - x1001,100 of ARE @ $5.437 (Order # 1888),--,$0,-$543.7
 06/29/2026 12:24:50 PM,Bought,900001001,Traditional IRA - x1001,15 of AEM @ $15.372 (Order # 9298),--,$0,-$230.573
 06/29/2026 12:22:10 PM,Sold,900001001,Traditional IRA - x1001,10 of MTZ @ $42.124 (Order # 6944),--,$0.009,$421.226
 06/29/2026 12:20:15 PM,Bought,900001001,Traditional IRA - x1001,50 of CNC @ $6.512 (Order # 5732),--,$0,-$325.575
 06/29/2026 12:17:08 PM,Sold,900001001,Traditional IRA - x1001,300 of PPLT @ $1.433 (Order # 8987),--,$0.009,$429.735
 06/29/2026 12:15:26 PM,Sold,900001001,Traditional IRA - x1001,50 of PSIX @ $3.67 (Order # 4928),--,$0.004,$183.508
 06/29/2026 12:15:02 PM,Bought,900001001,Traditional IRA - x1001,150 of CSTM @ $3.093 (Order # 1242),--,$0,-$463.95
 06/29/2026 12:14:39 PM,Sold,900001001,Traditional IRA - x1001,300 of COPJ @ $3.849 (Order # 2510),--,$0.024,"$1,154.52"
 06/29/2026 12:13:51 PM,Bought,900001001,Traditional IRA - x1001,75 of SNEX @ $11.822 (Order # 1130),--,$0,-$886.613
 06/29/2026 12:12:49 PM,Bought,900001001,Traditional IRA - x1001,125 of B @ $3.672 (Order # 2319),--,$0,-$458.999
 06/29/2026 12:12:11 PM,Sold,900001001,Traditional IRA - x1001,100 of SGDM @ $6.263 (Order # 4056),--,$0.013,$626.286
 06/29/2026 12:11:17 PM,Sold,900001001,Traditional IRA - x1001,10 of AMD @ $52.666 (Order # 6981),--,$0.011,$526.649
 06/29/2026 12:08:52 PM,Sold,900001001,Traditional IRA - x1001,75 of CRM @ $15.893 (Order # 3541),--,$0.025,"$1,191.913"
 06/29/2026 12:08:02 PM,Bought,900001001,Traditional IRA - x1001,50 of INCY @ $11.367 (Order # 4109),--,$0,-$568.35
 06/29/2026 12:07:35 PM,Sold,900001001,Traditional IRA - x1001,85 of URA @ $4.367 (Order # 4543),--,$0.008,$371.185
 06/29/2026 12:06:40 PM,Sold,900001001,Traditional IRA - x1001,10 of DDOG @ $25.008 (Order # 2953),--,$0.006,$250.069
 06/29/2026 12:06:00 PM,Bought,900001001,Traditional IRA - x1001,5 of SNDK @ $200.974 (Order # 3557),--,$0,"-$1,004.872"
 06/29/2026 12:05:31 PM,Bought,900001001,Traditional IRA - x1001,50 of GM @ $7.768 (Order # 3852),--,$0,-$388.407
 06/29/2026 12:04:47 PM,Bought,900001001,Traditional IRA - x1001,25 of TTMI @ $18.72 (Order # 9638),--,$0,-$467.994
 06/29/2026 12:03:59 PM,Bought,900001001,Traditional IRA - x1001,10 of BRK.B @ $49.649 (Order # 1376),--,$0,-$496.49
 06/29/2026 12:03:13 PM,Sold,900001001,Traditional IRA - x1001,75 of IAUM @ $4.014 (Order # 6915),--,$0.007,$301.005
 06/29/2026 12:02:50 PM,Bought,900001001,Traditional IRA - x1001,25 of PM @ $18.052 (Order # 6780),--,$0,-$451.288
 06/29/2026 11:59:03 AM,Sold,900001001,Traditional IRA - x1001,40 of PLTR @ $11.534 (Order # 9356),--,$0.01,$461.329
 06/29/2026 11:58:39 AM,Bought,900001001,Traditional IRA - x1001,200 of PSTL @ $2.475 (Order # 7469),--,$0,-$495.004
 06/29/2026 11:57:43 AM,Sold,900001001,Traditional IRA - x1001,55 of AMZN @ $24.206 (Order # 2923),--,$0.028,"$1,331.301"
 06/29/2026 11:55:39 AM,Bought,900001001,Traditional IRA - x1001,350 of NEXA @ $1.23 (Order # 4021),--,$0,-$430.325
 06/29/2026 11:53:42 AM,Bought,900001001,Traditional IRA - x1001,50 of AUGO @ $6.269 (Order # 1542),--,$0,-$313.438
 06/29/2026 11:53:13 AM,Sold,900001001,Traditional IRA - x1001,523 of ETH @ $1.5 (Order # 6339),--,$0.017,$784.212
 06/29/2026 11:52:46 AM,Sold,900001001,Traditional IRA - x1001,2 of ASML @ $184.572 (Order # 7170),--,$0.008,$369.136
 06/29/2026 11:52:22 AM,Bought,900001001,Traditional IRA - x1001,100 of INDV @ $4.096 (Order # 3329),--,$0,-$409.55
 06/29/2026 11:51:55 AM,Bought,900001001,Traditional IRA - x1001,15 of BRK.B @ $49.752 (Order # 8635),--,$0,-$746.273
 06/29/2026 11:51:28 AM,Sold,900001001,Traditional IRA - x1001,5 of LITE @ $81.77 (Order # 3928),--,$0.009,$408.841
 06/29/2026 11:51:02 AM,Bought,900001001,Traditional IRA - x1001,10 of UNH @ $41.813 (Order # 7048),--,$0,-$418.125
 06/29/2026 11:50:40 AM,Bought,900001001,Traditional IRA - x1001,100 of GDMN @ $7.255 (Order # 7009),--,$0,-$725.45
 06/29/2026 11:49:18 AM,Sold,900001001,Traditional IRA - x1001,85 of SPCX @ $15.58 (Order # 4864),--,$0.028,"$1,324.228"
 06/29/2026 11:48:31 AM,Bought,900001001,Traditional IRA - x1001,75 of MLPI @ $5.564 (Order # 2027),--,$0,-$417.27
 06/29/2026 11:47:13 AM,Bought,900001001,Traditional IRA - x1001,200 of ARE @ $5.42 (Order # 6300),--,$0,"-$1,084.044"
 06/29/2026 11:45:34 AM,Sold,900001001,Traditional IRA - x1001,185 of EZPW @ $3.266 (Order # 8259),--,$0.013,$604.193
 06/29/2026 11:41:20 AM,Sold,900001001,Traditional IRA - x1001,75 of MXL @ $10.368 (Order # 5521),--,$0.017,$777.549
 06/29/2026 11:40:50 AM,Sold,900001001,Traditional IRA - x1001,1000 of PINE @ $2.091 (Order # 2784),--,$0.044,"$2,090.436"
 06/29/2026 11:38:55 AM,Sold,900001001,Traditional IRA - x1001,95 of THG @ $21.329 (Order # 1694),--,$0.042,"$2,026.164"
 06/29/2026 11:38:14 AM,Sold,900001001,Traditional IRA - x1001,15 of TSLA @ $40.001 (Order # 8486),--,$0.013,$600.002
 06/29/2026 11:37:07 AM,Sold,900001001,Traditional IRA - x1001,1 of CRWD @ $74.638 (Order # 9197),--,$0.002,$74.636
 06/29/2026 09:36:28 AM,Bought,900001001,Traditional IRA - x1001,10 of EWY @ $19.457 (Order # 1561),--,$0,-$194.57
 06/29/2026 03:00:00 AM,Transfer,900001002,Individual Brokerage - x1002,TRNSFR CASH TO MARGIN,--,$0,$3.233
 06/29/2026 03:00:00 AM,Transfer,900001002,Individual Brokerage - x1002,TRNSFR CASH TO MARGIN,--,$0,-$3.233
 06/29/2026 03:00:00 AM,Sweep,900001002,Individual Brokerage - x1002,BANK DEPOSIT PROGRAM,--,$0,$3.233
 06/29/2026 03:00:00 AM,Dividend,900001001,Traditional IRA - x1001,0 of BLOX @ $0,--,$0,$10.115
 06/26/2026 04:00:02 PM,Sold,900001001,Traditional IRA - x1001,200 of CCL @ $2.907 (Order # 2982),--,$0.012,$581.384
 06/26/2026 04:00:02 PM,Bought,900001001,Traditional IRA - x1001,1250 of DRH @ $1.247 (Order # 9922),--,$0,"-$1,558.75"
 06/26/2026 04:00:01 PM,Bought,900001002,Individual Brokerage - x1002,1 of LITE @ $81.698 (Order # 5420),--,$0,-$81.698
 06/26/2026 04:00:01 PM,Bought,900001001,Traditional IRA - x1001,3 of SNDK @ $209.071 (Order # 7801),--,$0,-$627.213
 06/26/2026 04:00:01 PM,Bought,900001001,Traditional IRA - x1001,10 of LITE @ $81.698 (Order # 3958),--,$0,-$816.98
 06/26/2026 04:00:00 PM,Sold,900001001,Traditional IRA - x1001,5 of DDOG @ $23.977 (Order # 5779),--,$0.003,$119.882
 06/26/2026 02:01:36 PM,Sold,900001001,Traditional IRA - x1001,5 of APP @ $48.069 (Order # 5734),--,$0.005,$240.338
 06/26/2026 02:00:56 PM,Bought,900001001,Traditional IRA - x1001,7 of CLS @ $34.446 (Order # 2698),--,$0,-$241.122
 06/26/2026 01:58:47 PM,Sold,900001001,Traditional IRA - x1001,15 of UNH @ $42.519 (Order # 9812),--,$0.014,$637.771
 06/26/2026 01:57:34 PM,Sold,900001001,Traditional IRA - x1001,100 of PSTL @ $2.447 (Order # 8850),--,$0.006,$244.642
 06/26/2026 01:53:36 PM,Bought,900001001,Traditional IRA - x1001,75 of SNEX @ $13.577 (Order # 7158),--,$0,"-$1,018.275"
 06/26/2026 01:53:13 PM,Sold,900001001,Traditional IRA - x1001,25 of SPCX @ $15.556 (Order # 1433),--,$0.009,$388.891
 06/26/2026 01:52:03 PM,Sold,900001001,Traditional IRA - x1001,20 of PLTR @ $11.341 (Order # 8747),--,$0.005,$226.805
 06/26/2026 01:51:34 PM,Sold,900001001,Traditional IRA - x1001,3 of MSFT @ $37.06 (Order # 7372),--,$0.003,$111.177
 06/26/2026 01:50:15 PM,Bought,900001001,Traditional IRA - x1001,50 of SMCI @ $3.071 (Order # 9844),--,$0,-$153.525
 06/26/2026 01:49:32 PM,Bought,900001001,Traditional IRA - x1001,15 of EAT @ $16.868 (Order # 5408),--,$0,-$253.02
 06/26/2026 01:49:01 PM,Bought,900001001,Traditional IRA - x1001,75 of UNFI @ $4.919 (Order # 4192),--,$0,-$368.888
 06/26/2026 01:48:13 PM,Sold,900001001,Traditional IRA - x1001,20 of PM @ $18.076 (Order # 4515),--,$0.008,$361.504
 06/26/2026 01:47:24 PM,Sold,900001001,Traditional IRA - x1001,15 of AMZN @ $23.017 (Order # 3843),--,$0.008,$345.247
 06/26/2026 01:46:11 PM,Sold,900001001,Traditional IRA - x1001,3 of APP @ $47.917 (Order # 5055),--,$0.003,$143.747
 06/26/2026 01:45:53 PM,Sold,900001001,Traditional IRA - x1001,2 of APP @ $47.926 (Order # 9655),--,$0.002,$95.849
 06/26/2026 01:44:38 PM,Bought,900001001,Traditional IRA - x1001,50 of EMEQ @ $7.327 (Order # 7886),--,$0,-$366.35
 06/26/2026 01:43:14 PM,Sold,900001001,Traditional IRA - x1001,625 of PINE @ $2.057 (Order # 9481),--,$0.027,"$1,285.824"
 06/26/2026 01:42:01 PM,Bought,900001001,Traditional IRA - x1001,10 of VRT @ $30.439 (Order # 1240),--,$0,-$304.391
 06/26/2026 01:40:50 PM,Sold,900001001,Traditional IRA - x1001,140 of SIVR @ $5.611 (Order # 8926),--,$0.017,$785.521
 06/26/2026 01:39:47 PM,Bought,900001001,Traditional IRA - x1001,4 of AGX @ $76.381 (Order # 6825),--,$0,-$305.524
 06/26/2026 01:38:40 PM,Sold,900001001,Traditional IRA - x1001,25 of THG @ $21.034 (Order # 4156),--,$0.011,$525.839
 06/26/2026 01:37:05 PM,Bought,900001001,Traditional IRA - x1001,100 of VGSH @ $5.826 (Order # 4791),--,$0,-$582.55
 06/26/2026 01:34:37 PM,Sold,900001001,Traditional IRA - x1001,40 of GDMN @ $7.532 (Order # 3260),--,$0.007,$301.252
 06/26/2026 01:33:59 PM,Sold,900001001,Traditional IRA - x1001,100 of SSRM @ $2.937 (Order # 6806),--,$0.007,$293.724
 06/26/2026 01:31:45 PM,Bought,900001001,Traditional IRA - x1001,1 of SNDK @ $216.832 (Order # 1074),--,$0,-$216.832
 06/26/2026 01:31:12 PM,Bought,900001001,Traditional IRA - x1001,20 of BE @ $27.345 (Order # 3353),--,$0,-$546.894
 06/26/2026 01:30:20 PM,Sold,900001001,Traditional IRA - x1001,10 of TSLA @ $38.592 (Order # 3730),--,$0.008,$385.912
 06/26/2026 01:29:28 PM,Sold,900001001,Traditional IRA - x1001,20 of INCY @ $11.341 (Order # 3109),--,$0.005,$226.813
 06/26/2026 11:31:28 AM,Bought,900001001,Traditional IRA - x1001,10 of IGM @ $15.698 (Order # 3351),--,$0,-$156.978
 06/26/2026 11:29:22 AM,Sold,900001001,Traditional IRA - x1001,5 of CRWD @ $69.298 (Order # 5517),--,$0.008,$346.48
 06/26/2026 11:28:16 AM,Bought,900001001,Traditional IRA - x1001,10 of STRL @ $83.212 (Order # 1123),--,$0,-$832.123
 06/26/2026 11:26:19 AM,Sold,900001001,Traditional IRA - x1001,100 of GDMN @ $7.545 (Order # 7504),--,$0.016,$754.482
 06/26/2026 11:16:04 AM,Bought,900001001,Traditional IRA - x1001,50 of MXL @ $9.06 (Order # 1125),--,$0,-$452.996
 06/26/2026 11:14:13 AM,Sold,900001001,Traditional IRA - x1001,600 of BTG @ $0.405 (Order # 3937),--,$0.005,$242.683
 06/26/2026 11:10:41 AM,Bought,900001001,Traditional IRA - x1001,15 of TTMI @ $19.597 (Order # 4199),--,$0,-$293.955
 06/26/2026 11:10:09 AM,Bought,900001001,Traditional IRA - x1001,15 of BE @ $26.896 (Order # 1636),--,$0,-$403.44
 06/26/2026 11:09:36 AM,Sold,900001001,Traditional IRA - x1001,10 of BRK.B @ $49.573 (Order # 7983),--,$0.011,$495.714
 06/26/2026 11:09:04 AM,Sold,900001001,Traditional IRA - x1001,7 of BRK.B @ $49.589 (Order # 5013),--,$0.008,$347.112
 06/26/2026 11:07:42 AM,Sold,900001001,Traditional IRA - x1001,100 of SGDM @ $6.418 (Order # 7679),--,$0.014,$641.785
 06/26/2026 11:04:55 AM,Bought,900001001,Traditional IRA - x1001,7 of DY @ $48.86 (Order # 4571),--,$0,-$342.017
 06/26/2026 11:03:40 AM,Sold,900001001,Traditional IRA - x1001,125 of BVN @ $3.127 (Order # 1780),--,$0.009,$390.802
 06/26/2026 11:01:06 AM,Sold,900001001,Traditional IRA - x1001,30 of UBER @ $7.432 (Order # 5831),--,$0.005,$222.954
 06/26/2026 10:57:02 AM,Sold,900001001,Traditional IRA - x1001,60 of LRN @ $8.881 (Order # 5428),--,$0.011,$532.848
 06/26/2026 10:55:59 AM,Bought,900001001,Traditional IRA - x1001,5 of SOXX @ $59.54 (Order # 9881),--,$0,-$297.7
 06/26/2026 10:53:07 AM,Bought,900001001,Traditional IRA - x1001,125 of CSTM @ $3.262 (Order # 4725),--,$0,-$407.743
 06/26/2026 10:52:19 AM,Sold,900001001,Traditional IRA - x1001,40 of GDMN @ $7.538 (Order # 4712),--,$0.007,$301.524
 06/26/2026 10:51:51 AM,Sold,900001001,Traditional IRA - x1001,20 of GDMN @ $7.532 (Order # 3748),--,$0.004,$150.636
 06/26/2026 10:50:23 AM,Bought,900001001,Traditional IRA - x1001,10 of CLS @ $34.404 (Order # 4640),--,$0,-$344.035
 06/26/2026 10:49:44 AM,Bought,900001001,Traditional IRA - x1001,5 of FN @ $54.239 (Order # 8321),--,$0,-$271.195
 06/26/2026 10:48:52 AM,Sold,900001001,Traditional IRA - x1001,400 of CDE @ $1.664 (Order # 8748),--,$0.014,$665.578
 06/26/2026 10:42:17 AM,Bought,900001001,Traditional IRA - x1001,25 of TTMI @ $19.658 (Order # 1689),--,$0,-$491.45
 06/26/2026 10:42:10 AM,Sold,900001001,Traditional IRA - x1001,100 of SSRM @ $2.94 (Order # 4857),--,$0.007,$293.991
 06/26/2026 10:41:14 AM,Sold,900001001,Traditional IRA - x1001,40 of SIVR @ $5.618 (Order # 5645),--,$0.005,$224.714
 06/26/2026 10:39:20 AM,Sold,900001001,Traditional IRA - x1001,80 of PPLT @ $1.471 (Order # 6384),--,$0.003,$117.675
 06/26/2026 10:32:16 AM,Bought,900001001,Traditional IRA - x1001,25 of SNEX @ $13.684,--,$0,-$342.088
 06/26/2026 10:22:28 AM,Sold,900001001,Traditional IRA - x1001,20 of INCY @ $11.416 (Order # 8084),--,$0.005,$228.305
 06/26/2026 10:17:01 AM,Bought,900001001,Traditional IRA - x1001,2 of SNDK @ $223.705 (Order # 1696),--,$0,-$447.409
 06/26/2026 10:03:39 AM,Sold,900001001,Traditional IRA - x1001,60 of GDMN @ $7.489 (Order # 3987),--,$0.01,$449.321
 06/26/2026 09:52:45 AM,Bought,900001001,Traditional IRA - x1001,25 of TTMI @ $19.582 (Order # 4100),--,$0,-$489.55
 06/26/2026 09:32:48 AM,Sold,900001001,Traditional IRA - x1001,25 of MRK @ $12.623 (Order # 9502),--,$0.007,$315.568
 06/26/2026 09:30:01 AM,Bought,900001001,Traditional IRA - x1001,10 of JAZZ @ $22.62 (Order # 5288),--,$0,-$226.2
 06/26/2026 09:30:01 AM,Bought,900001001,Traditional IRA - x1001,10 of BE @ $29.5 (Order # 9568),--,$0,-$295
 06/26/2026 09:30:01 AM,Bought,900001001,Traditional IRA - x1001,20 of CRWV @ $9.52 (Order # 3265),--,$0,-$190.4
 06/26/2026 09:30:01 AM,Bought,900001001,Traditional IRA - x1001,10 of NBIS @ $24.5 (Order # 8252),--,$0,-$245
 06/26/2026 09:30:00 AM,Sold,900001001,Traditional IRA - x1001,25 of MXL @ $9 (Order # 9904),--,$0.005,$224.995
 06/26/2026 09:30:00 AM,Bought,900001001,Traditional IRA - x1001,25 of USAR @ $2.002 (Order # 3845),--,$0,-$50.05
 06/26/2026 09:19:38 AM,Bought,900001001,Traditional IRA - x1001,25 of SPCX @ $14.965 (Order # 2195),--,$0,-$374.125
 06/26/2026 03:00:00 AM,Dividend,900001003,Partnership / LLC / LLP - x1003,0 of SPMO @ $0,--,$0,$5.761
 06/26/2026 03:00:00 AM,Sweep,900001003,Partnership / LLC / LLP - x1003,BANK DEPOSIT PROGRAM,--,$0,-$5.761
 06/26/2026 03:00:00 AM,Qualified Dividend,900001001,Traditional IRA - x1001,NVIDIA CORPORATION REC 06/26/26 PAY 06/26/26 RATE 0.00000000 QTY 0.00000000,--,$0,$6
 06/26/2026 03:00:00 AM,Dividend,900001001,Traditional IRA - x1001,0 of SPMO @ $0,--,$0,$4.02
 06/26/2026 03:00:00 AM,Qualified Dividend,900001001,Traditional IRA - x1001,HANOVER INSURANCE GROUP INC REC 06/26/26 PAY 06/26/26 RATE 0.00000000 QTY 0.00000000,--,$0,$16.625
 06/25/2026 11:14:28 AM,Sold,900001001,Traditional IRA - x1001,35 of CNC @ $6.432 (Order # 1402),--,$0.005,$225.114
 06/25/2026 10:42:52 AM,Bought,900001001,Traditional IRA - x1001,40 of TIGO @ $8.717 (Order # 7383),--,$0,-$348.68
 06/25/2026 10:23:18 AM,Sold,900001001,Traditional IRA - x1001,5 of SOXX @ $61.084 (Order # 1465),--,$0.007,$305.413
 06/25/2026 10:21:24 AM,Bought,900001001,Traditional IRA - x1001,200 of PSTL @ $2.339 (Order # 1682),--,$0,-$467.7
 06/25/2026 10:21:22 AM,Bought,900001001,Traditional IRA - x1001,500 of NLCP @ $1.54 (Order # 2793),--,$0.495,-$770.495
 06/25/2026 10:13:35 AM,Bought,900001001,Traditional IRA - x1001,100 of PSUS @ $3.716 (Order # 4765),--,$0,-$371.6
 06/25/2026 10:09:39 AM,Sold,900001001,Traditional IRA - x1001,50 of PPLT @ $1.449 (Order # 8519),--,$0.002,$72.422
 06/25/2026 10:03:58 AM,Bought,900001001,Traditional IRA - x1001,10 of TTMI @ $20.72 (Order # 3432),--,$0,-$207.2
 06/25/2026 10:02:44 AM,Bought,900001001,Traditional IRA - x1001,100 of USAR @ $2.037 (Order # 4682),--,$0,-$203.677
 06/25/2026 10:02:23 AM,Bought,900001001,Traditional IRA - x1001,10 of USAR @ $2.036 (Order # 2074),--,$0,-$20.355
 06/25/2026 09:57:49 AM,Bought,900001001,Traditional IRA - x1001,10 of CLS @ $35.173 (Order # 8845),--,$0,-$351.728
 06/25/2026 09:56:15 AM,Bought,900001001,Traditional IRA - x1001,7 of GOOG @ $33.898 (Order # 6420),--,$0,-$237.286
 06/25/2026 09:55:30 AM,Bought,900001001,Traditional IRA - x1001,20 of PLTR @ $10.765 (Order # 8822),--,$0,-$215.29
 06/25/2026 09:52:39 AM,Sold,900001001,Traditional IRA - x1001,200 of VGSH @ $5.822 (Order # 7902),--,$0.024,"$1,164.402"
 06/25/2026 09:47:40 AM,Sold,900001001,Traditional IRA - x1001,50 of MRK @ $12.345 (Order # 9246),--,$0.013,$617.236
 06/25/2026 09:44:53 AM,Sold,900001001,Traditional IRA - x1001,15 of CRDO @ $27.51 (Order # 8417),--,$0.009,$412.641
 06/25/2026 09:42:47 AM,Sold,900001001,Traditional IRA - x1001,25 of ICHR @ $9.43 (Order # 2830),--,$0.005,$235.739
 06/25/2026 09:35:25 AM,Sold,900001001,Traditional IRA - x1001,25 of MXL @ $9.234 (Order # 9321),--,$0.005,$230.845
 06/25/2026 09:35:04 AM,Sold,900001001,Traditional IRA - x1001,150 of MRK @ $12.234 (Order # 5484),--,$0.038,"$1,835.059"
 06/25/2026 03:00:00 AM,Qualified Dividend,900001001,Traditional IRA - x1001,VERTIV HOLDINGS LLC CL A REC 06/25/26 PAY 06/25/26 RATE 0.00000000 QTY 0.00000000,--,$0,$0.031
 06/25/2026 03:00:00 AM,Transfer,900001001,Traditional IRA - x1001,CASH ADJUSTMENT IRA/MAINT Cash to Margin,--,$0,$183.794
 06/25/2026 03:00:00 AM,Transfer,900001001,Traditional IRA - x1001,CASH ADJUSTMENT IRA/MAINT Cash to Margin,--,$0,-$183.794
 06/24/2026 03:50:23 PM,Bought,900001001,Traditional IRA - x1001,500 of NLCP @ $1.567 (Order # 4570),--,$0.495,-$783.995
 06/24/2026 10:59:40 AM,Bought,900001001,Traditional IRA - x1001,25 of MXL @ $8.53 (Order # 1927),--,$0,-$213.238
 06/24/2026 10:46:45 AM,Sold,900001001,Traditional IRA - x1001,15 of IGM @ $15.929 (Order # 2460),--,$0.005,$238.93
 06/24/2026 10:27:25 AM,Bought,900001001,Traditional IRA - x1001,25 of ICHR @ $9.139 (Order # 6977),--,$0,-$228.475
 06/24/2026 10:26:55 AM,Bought,900001001,Traditional IRA - x1001,30 of USO @ $10.653 (Order # 1880),--,$0,-$319.587
 06/24/2026 10:24:19 AM,Bought,900001001,Traditional IRA - x1001,25 of MXL @ $8.346 (Order # 2901),--,$0,-$208.638
 06/24/2026 10:24:13 AM,Sold,900001001,Traditional IRA - x1001,15 of SPCX @ $15.789 (Order # 6108),--,$0.005,$236.83
 06/24/2026 10:23:31 AM,Bought,900001001,Traditional IRA - x1001,15 of FMX @ $12.646 (Order # 3881),--,$0,-$189.683
 06/24/2026 10:21:16 AM,Sold,900001001,Traditional IRA - x1001,100 of VGSH @ $5.816 (Order # 9238),--,$0.012,$581.586
 06/24/2026 10:06:34 AM,Bought,900001001,Traditional IRA - x1001,25 of TIGO @ $8.819 (Order # 1137),--,$0,-$220.475
 06/24/2026 10:02:06 AM,Bought,900001001,Traditional IRA - x1001,100 of USAR @ $2.176 (Order # 3617),--,$0,-$217.6
 06/24/2026 09:59:40 AM,Sold,900001001,Traditional IRA - x1001,10 of CLS @ $36.684 (Order # 9794),--,$0.008,$366.832
 06/24/2026 09:58:48 AM,Bought,900001001,Traditional IRA - x1001,150 of DRH @ $1.233 (Order # 9845),--,$0,-$184.875
 06/24/2026 09:55:49 AM,Sold,900001001,Traditional IRA - x1001,5 of DY @ $47.259 (Order # 7408),--,$0.005,$236.288
 06/24/2026 09:55:22 AM,Bought,900001001,Traditional IRA - x1001,60 of SLV @ $5.367 (Order # 7285),--,$0,-$322.02
 06/24/2026 09:54:06 AM,Sold,900001001,Traditional IRA - x1001,75 of PSIX @ $3.948 (Order # 8513),--,$0.007,$296.092
 06/24/2026 09:53:25 AM,Bought,900001001,Traditional IRA - x1001,15 of FMX @ $12.692 (Order # 4651),--,$0,-$190.374
 06/24/2026 09:53:00 AM,Bought,900001001,Traditional IRA - x1001,10 of TTMI @ $21.183 (Order # 2204),--,$0,-$211.825
 06/24/2026 09:51:36 AM,Sold,900001001,Traditional IRA - x1001,45 of SYF @ $7.567 (Order # 1457),--,$0.008,$340.506
 06/24/2026 09:50:10 AM,Bought,900001001,Traditional IRA - x1001,7 of AGX @ $73.65 (Order # 9822),--,$0,-$515.547
 06/24/2026 09:49:45 AM,Sold,900001001,Traditional IRA - x1001,200 of VTIP @ $5.009 (Order # 6900),--,$0.021,"$1,001.805"
 06/24/2026 09:48:58 AM,Bought,900001001,Traditional IRA - x1001,5 of MTZ @ $39.173 (Order # 4408),--,$0,-$195.863
 06/24/2026 09:48:30 AM,Bought,900001001,Traditional IRA - x1001,5 of AGX @ $73.141 (Order # 5958),--,$0,-$365.704
 06/24/2026 09:47:04 AM,Sold,900001001,Traditional IRA - x1001,10 of EAT @ $16.789 (Order # 3820),--,$0.004,$167.886
 06/24/2026 09:44:48 AM,Bought,900001001,Traditional IRA - x1001,5 of MTZ @ $38.668 (Order # 8700),--,$0,-$193.338
 06/24/2026 09:44:24 AM,Sold,900001001,Traditional IRA - x1001,3 of PARR @ $5.018 (Order # 4453),--,$0.001,$15.054
 06/24/2026 09:43:43 AM,Sold,900001001,Traditional IRA - x1001,10 of AMZN @ $23.799 (Order # 5955),--,$0.005,$237.985
 06/24/2026 09:42:53 AM,Bought,900001001,Traditional IRA - x1001,40 of SIVR @ $5.595 (Order # 1901),--,$0,-$223.78
 06/24/2026 09:42:28 AM,Bought,900001001,Traditional IRA - x1001,15 of SPCX @ $15.124 (Order # 7604),--,$0,-$226.853
 06/24/2026 09:41:46 AM,Sold,900001001,Traditional IRA - x1001,25 of CRM @ $15.523 (Order # 7130),--,$0.008,$388.067
 06/24/2026 09:41:10 AM,Bought,900001001,Traditional IRA - x1001,135 of EZPW @ $3.24 (Order # 1102),--,$0,-$437.4
 06/24/2026 09:31:19 AM,Bought,900001001,Traditional IRA - x1001,15 of NBIS @ $27.134 (Order # 8569),--,$0,-$407.01
 06/24/2026 09:30:00 AM,Bought,900001001,Traditional IRA - x1001,5 of GOOG @ $34.819 (Order # 6172),--,$0,-$174.095
 06/24/2026 09:30:00 AM,Bought,900001001,Traditional IRA - x1001,40 of PLTR @ $11.405 (Order # 1776),--,$0,-$456.2
 06/24/2026 09:30:00 AM,Sold,900001001,Traditional IRA - x1001,100 of VTIP @ $5.01 (Order # 2754),--,$0.011,$500.987
 06/24/2026 08:41:52 AM,Bought,900001001,Traditional IRA - x1001,25 of CRDO @ $27.979 (Order # 7415),--,$0,-$699.475
 06/24/2026 03:00:00 AM,Sweep,900001003,Partnership / LLC / LLP - x1003,BANK DEPOSIT PROGRAM,--,$0,$216.253
 06/23/2026 12:49:53 PM,Sold,900001001,Traditional IRA - x1001,10 of MSFT @ $37.284 (Order # 9012),--,$0.008,$372.832
 06/23/2026 12:49:07 PM,Sold,900001001,Traditional IRA - x1001,30 of SPCX @ $16.234 (Order # 7576),--,$0.011,$487.008
 06/23/2026 10:29:08 AM,Sold,900001001,Traditional IRA - x1001,35 of SPCX @ $15.533 (Order # 2552),--,$0.012,$543.64
 06/23/2026 10:03:59 AM,Bought,900001001,Traditional IRA - x1001,30 of SPCX @ $15.844 (Order # 9418),--,$0,-$475.32
 06/23/2026 10:01:43 AM,Sold,900001001,Traditional IRA - x1001,150 of EZPW @ $3.343 (Order # 4485),--,$0.011,$501.361
 06/23/2026 09:51:31 AM,Bought,900001003,Partnership / LLC / LLP - x1003,2 of MU @ $108.127 (Order # 4380),--,$0,-$216.253
 06/23/2026 09:40:45 AM,Bought,900001001,Traditional IRA - x1001,450 of DRH @ $1.225 (Order # 4385),--,$0,-$551.025
 06/23/2026 09:39:50 AM,Sold,900001001,Traditional IRA - x1001,100 of VGSH @ $5.812 (Order # 3011),--,$0.012,$581.136
 06/23/2026 09:37:14 AM,Bought,900001001,Traditional IRA - x1001,35 of SPCX @ $15.221 (Order # 9202),--,$0,-$532.735
 06/23/2026 09:36:24 AM,Sold,900001001,Traditional IRA - x1001,100 of VGSH @ $5.812 (Order # 3849),--,$0.012,$581.136
 06/23/2026 09:30:15 AM,Bought,900001001,Traditional IRA - x1001,10 of CNSWF @ $190.023 (Order # 2165),--,$0.495,"-$1,900.725"
 06/23/2026 03:00:00 AM,Sweep,900001003,Partnership / LLC / LLP - x1003,BANK DEPOSIT PROGRAM,--,$0,-$234.567
 06/23/2026 03:00:00 AM,Dividend,900001001,Traditional IRA - x1001,0 of BLOX @ $0,--,$0,$10.264
 06/23/2026 03:00:00 AM,Qualified Dividend,900001001,Traditional IRA - x1001,B2GOLD CORP REC 06/23/26 PAY 06/23/26 RATE 0.00000000 QTY 0.00000000,--,$0,$26.308
 06/23/2026 03:00:00 AM,Qualified Dividend,900001001,Traditional IRA - x1001,UNITEDHEALTH GP INC REC 06/23/26 PAY 06/23/26 RATE 0.00000000 QTY 0.00000000,--,$0,$29
 06/22/2026 11:02:52 AM,Bought,900001001,Traditional IRA - x1001,100 of VTIP @ $5.016 (Order # 5874),--,$0,-$501.55
 06/22/2026 11:02:01 AM,Bought,900001001,Traditional IRA - x1001,10 of CLS @ $36.65 (Order # 4032),--,$0,-$366.495
 06/22/2026 11:01:18 AM,Bought,900001001,Traditional IRA - x1001,10 of AMZN @ $23.475 (Order # 4670),--,$0,-$234.746
 06/22/2026 11:00:56 AM,Bought,900001001,Traditional IRA - x1001,25 of RTX @ $18.179 (Order # 5364),--,$0,-$454.463
 06/22/2026 10:27:11 AM,Bought,900001001,Traditional IRA - x1001,500 of VGSH @ $5.809 (Order # 6346),--,$0,"-$2,904.25"
 06/22/2026 10:26:18 AM,Bought,900001001,Traditional IRA - x1001,50 of PM @ $17.675 (Order # 3892),--,$0,-$883.725
 06/22/2026 10:25:51 AM,Bought,900001001,Traditional IRA - x1001,50 of MKOR @ $7.031 (Order # 9719),--,$0,-$351.525
 06/22/2026 10:25:01 AM,Bought,900001001,Traditional IRA - x1001,100 of CCL @ $3.053 (Order # 7078),--,$0,-$305.27
 06/22/2026 10:24:23 AM,Bought,900001001,Traditional IRA - x1001,25 of TTMI @ $21.252 (Order # 5162),--,$0,-$531.288
 06/22/2026 10:23:48 AM,Bought,900001001,Traditional IRA - x1001,100 of ARKX @ $3.341 (Order # 9330),--,$0,-$334.1
 06/22/2026 10:23:18 AM,Bought,900001001,Traditional IRA - x1001,200 of NEXA @ $1.377 (Order # 3170),--,$0,-$275.3
 06/22/2026 10:22:47 AM,Bought,900001001,Traditional IRA - x1001,30 of CRWV @ $11.312 (Order # 3938),--,$0,-$339.345
 06/22/2026 10:22:17 AM,Bought,900001001,Traditional IRA - x1001,20 of GOOG @ $34.914 (Order # 5942),--,$0,-$698.28
 06/22/2026 10:21:34 AM,Bought,900001001,Traditional IRA - x1001,250 of IAUM @ $4.181 (Order # 7413),--,$0,"-$1,045.178"
 06/22/2026 10:20:47 AM,Bought,900001001,Traditional IRA - x1001,100 of CSTM @ $3.425 (Order # 3534),--,$0,-$342.5
 06/22/2026 10:18:24 AM,Sold,900001001,Traditional IRA - x1001,200 of IBIT @ $3.691 (Order # 6232),--,$0.016,$738.182
 06/22/2026 10:17:06 AM,Sold,900001001,Traditional IRA - x1001,155 of SMCI @ $3.434 (Order # 2822),--,$0.011,$532.256
 06/22/2026 10:16:20 AM,Sold,900001001,Traditional IRA - x1001,10 of CRDO @ $30.275 (Order # 4376),--,$0.007,$302.738
 06/22/2026 10:13:06 AM,Sold,900001001,Traditional IRA - x1001,10 of SPCX @ $17.004 (Order # 3532),--,$0.004,$170.036
 06/22/2026 10:12:34 AM,Sold,900001001,Traditional IRA - x1001,5 of SPCX @ $17.061 (Order # 9067),--,$0.002,$85.303
 06/22/2026 10:12:13 AM,Sold,900001001,Traditional IRA - x1001,25 of SPCX @ $17.121 (Order # 9496),--,$0.009,$428.016
 06/22/2026 10:11:45 AM,Sold,900001001,Traditional IRA - x1001,50 of SPCX @ $17.095 (Order # 2408),--,$0.018,$854.723
 06/22/2026 10:11:26 AM,Sold,900001001,Traditional IRA - x1001,25 of SPCX @ $17.113 (Order # 6128),--,$0.009,$427.827
 06/22/2026 09:58:04 AM,Bought,900001001,Traditional IRA - x1001,125 of GDMN @ $8.088 (Order # 9913),--,$0,"-$1,010.95"
 06/22/2026 09:56:40 AM,Bought,900001001,Traditional IRA - x1001,100 of ICHR @ $9.688 (Order # 8602),--,$0,-$968.766
 06/22/2026 03:00:00 AM,Sweep,900001003,Partnership / LLC / LLP - x1003,BANK DEPOSIT PROGRAM,--,$0,$206.575
 06/22/2026 03:00:00 AM,Online Transfer,900001003,Partnership / LLC / LLP - x1003,ACH DEPOSIT REFID:24944463395;,--,$0,$234.567
 06/22/2026 03:00:00 AM,Qualified Dividend,900001001,Traditional IRA - x1001,MANULIFE FINANCIAL CORP REC 06/22/26 PAY 06/22/26 RATE 0.00000000 QTY 0.00000000,--,$0,$6.161
 06/22/2026 03:00:00 AM,Qualified Dividend,900001001,Traditional IRA - x1001,NEWMONT CORPORATION REC 06/22/26 PAY 06/22/26 RATE 0.00000000 QTY 0.00000000,--,$0,$2.86
 06/18/2026 04:00:02 PM,Bought,900001001,Traditional IRA - x1001,125 of PINE @ $1.913 (Order # 6558),--,$0,-$239.125
 06/18/2026 04:00:00 PM,Bought,900001001,Traditional IRA - x1001,50 of GDMN @ $8.25 (Order # 2855),--,$0,-$412.5
 06/18/2026 04:00:00 PM,Sold,900001001,Traditional IRA - x1001,25 of MKOR @ $7.09 (Order # 3502),--,$0.004,$177.246
 06/18/2026 04:00:00 PM,Sold,900001001,Traditional IRA - x1001,10 of EWY @ $21.92 (Order # 8092),--,$0.005,$219.195
 06/18/2026 03:52:36 PM,Sold,900001001,Traditional IRA - x1001,5 of BE @ $32.706 (Order # 6394),--,$0.004,$163.526
 06/18/2026 03:37:30 PM,Sold,900001001,Traditional IRA - x1001,95 of SPCX @ $18.599 (Order # 8363),--,$0.037,"$1,766.866"
 06/18/2026 02:57:31 PM,Bought,900001003,Partnership / LLC / LLP - x1003,25 of GDMN @ $8.263 (Order # 3405),--,$0,-$206.575
 06/18/2026 02:45:47 PM,Sold,900001001,Traditional IRA - x1001,5 of BE @ $31.399 (Order # 1814),--,$0.004,$156.991
 06/18/2026 01:57:50 PM,Sold,900001001,Traditional IRA - x1001,50 of SPCX @ $18.079 (Order # 9650),--,$0.019,$903.93
 06/18/2026 01:18:56 PM,Sold,900001001,Traditional IRA - x1001,25 of SPCX @ $17.878 (Order # 8232),--,$0.01,$446.94
 06/18/2026 12:37:47 PM,Bought,900001001,Traditional IRA - x1001,35 of TIGO @ $8.538 (Order # 2995),--,$0,-$298.837
 06/18/2026 12:35:58 PM,Sold,900001001,Traditional IRA - x1001,50 of SPCX @ $17.234 (Order # 7976),--,$0.018,$861.656
 06/18/2026 11:28:36 AM,Bought,900001001,Traditional IRA - x1001,15 of THG @ $19.741 (Order # 2891),--,$0,-$296.108
 06/18/2026 11:22:52 AM,Bought,900001001,Traditional IRA - x1001,10 of GOOG @ $36.164 (Order # 4301),--,$0,-$361.635
 06/18/2026 11:21:51 AM,Bought,900001001,Traditional IRA - x1001,15 of AEM @ $16.944 (Order # 9605),--,$0,-$254.16
 06/18/2026 11:21:11 AM,Bought,900001001,Traditional IRA - x1001,100 of ARKX @ $3.426 (Order # 9147),--,$0,-$342.6
 06/18/2026 11:19:59 AM,Bought,900001001,Traditional IRA - x1001,20 of PM @ $17.961 (Order # 5450),--,$0,-$359.22
 06/18/2026 11:14:44 AM,Sold,900001001,Traditional IRA - x1001,15 of MKOR @ $7.09 (Order # 4985),--,$0.003,$106.347
 06/18/2026 10:55:29 AM,Sold,900001001,Traditional IRA - x1001,75 of SMCI @ $3.028 (Order # 4085),--,$0.005,$227.094
 06/18/2026 10:34:16 AM,Bought,900001001,Traditional IRA - x1001,75 of PLTR @ $12.675 (Order # 1283),--,$0,-$950.625
 06/18/2026 10:32:12 AM,Sold,900001001,Traditional IRA - x1001,3 of QQQ @ $73.536 (Order # 6154),--,$0.005,$220.602
 06/18/2026 10:31:13 AM,Sold,900001001,Traditional IRA - x1001,95 of SMCI @ $2.983 (Order # 6343),--,$0.006,$283.377
 06/18/2026 10:30:28 AM,Sold,900001001,Traditional IRA - x1001,15 of EWY @ $21.745 (Order # 7410),--,$0.007,$326.168
 06/18/2026 10:27:11 AM,Sold,900001001,Traditional IRA - x1001,10 of UNH @ $40.429 (Order # 6132),--,$0.009,$404.281
 06/18/2026 10:26:44 AM,Sold,900001001,Traditional IRA - x1001,5 of UNH @ $40.436 (Order # 1285),--,$0.005,$202.175
 06/18/2026 10:18:09 AM,Sold,900001001,Traditional IRA - x1001,50 of SPCX @ $18.234 (Order # 4886),--,$0.019,$911.68
 06/18/2026 10:17:59 AM,Bought,900001001,Traditional IRA - x1001,35 of TIGO @ $8.69 (Order # 5677),--,$0,-$304.15
 06/18/2026 10:16:39 AM,Sold,900001001,Traditional IRA - x1001,50 of CRDO @ $26.299 (Order # 5979),--,$0.028,"$1,314.921"
 06/18/2026 09:43:29 AM,Bought,900001001,Traditional IRA - x1001,50 of SPCX @ $18.018 (Order # 4555),--,$0,-$900.9
 06/18/2026 09:42:28 AM,Sold,900001001,Traditional IRA - x1001,50 of SGDM @ $7.131 (Order # 9975),--,$0.008,$356.541
 06/18/2026 09:40:32 AM,Sold,900001001,Traditional IRA - x1001,100 of INDV @ $3.899 (Order # 1526),--,$0.009,$389.889
 06/18/2026 09:40:07 AM,Sold,900001001,Traditional IRA - x1001,5 of AMD @ $53.331 (Order # 1695),--,$0.006,$266.647
 06/18/2026 09:38:51 AM,Sold,900001001,Traditional IRA - x1001,40 of MXL @ $8.662 (Order # 1406),--,$0.008,$346.471
 06/18/2026 03:00:00 AM,Dividend,900001001,Traditional IRA - x1001,0 of IGM @ $0,--,$0,$0.307
 06/18/2026 03:00:00 AM,Dividend,900001001,Traditional IRA - x1001,0 of SOXX @ $0,--,$0,$0.707
 06/18/2026 03:00:00 AM,Qualified Dividend,900001001,Traditional IRA - x1001,GENERAL MTRS CO REC 06/18/26 PAY 06/18/26 RATE 0.00000000 QTY 0.00000000,--,$0,$7.2
 06/18/2026 03:00:00 AM,Dividend,900001001,Traditional IRA - x1001,0 of MLPI @ $0,--,$0,$20.057
 06/17/2026 03:24:24 PM,Bought,900001001,Traditional IRA - x1001,750 of DRH @ $1.188 (Order # 1565),--,$0,-$891
 06/17/2026 02:03:06 PM,Bought,900001001,Traditional IRA - x1001,350 of DRH @ $1.203 (Order # 4015),--,$0,-$421.05
 06/17/2026 10:54:31 AM,Sold,900001001,Traditional IRA - x1001,25 of CRDO @ $25.876 (Order # 5304),--,$0.014,$646.886
 06/17/2026 10:53:04 AM,Sold,900001001,Traditional IRA - x1001,250 of ET @ $1.894 (Order # 6869),--,$0.01,$473.36
 06/17/2026 10:51:18 AM,Sold,900001001,Traditional IRA - x1001,40 of GDMN @ $9.005 (Order # 1642),--,$0.008,$360.191
 06/17/2026 10:50:15 AM,Sold,900001001,Traditional IRA - x1001,5 of AGX @ $70.855 (Order # 5411),--,$0.008,$354.267
 06/17/2026 10:36:17 AM,Bought,900001001,Traditional IRA - x1001,5 of DY @ $46.721 (Order # 3422),--,$0,-$233.605
 06/17/2026 10:35:45 AM,Sold,900001001,Traditional IRA - x1001,25 of USO @ $11.625 (Order # 7541),--,$0.006,$290.619
 06/17/2026 10:34:11 AM,Bought,900001001,Traditional IRA - x1001,15 of AMZN @ $24.132 (Order # 5794),--,$0,-$361.98
 06/17/2026 10:09:05 AM,Bought,900001001,Traditional IRA - x1001,25 of SPCX @ $19.345 (Order # 4101),--,$0,-$483.625
 06/17/2026 10:08:44 AM,Bought,900001001,Traditional IRA - x1001,25 of SPCX @ $19.456 (Order # 2661),--,$0,-$486.4
 06/17/2026 10:04:07 AM,Bought,900001001,Traditional IRA - x1001,25 of SPCX @ $19.567 (Order # 8060),--,$0,-$489.175
 06/17/2026 10:02:59 AM,Sold,900001001,Traditional IRA - x1001,50 of ICHR @ $9.004 (Order # 7505),--,$0.01,$450.189
 06/17/2026 09:57:24 AM,Bought,900001001,Traditional IRA - x1001,10 of SPCX @ $19.999 (Order # 7153),--,$0,-$199.99
 06/17/2026 09:57:24 AM,Bought,900001001,Traditional IRA - x1001,10 of SPCX @ $20.001 (Order # 4341),--,$0,-$200.01
 06/17/2026 09:55:05 AM,Bought,900001001,Traditional IRA - x1001,25 of SPCX @ $20.234 (Order # 9814),--,$0,-$505.85
 06/17/2026 09:52:59 AM,Sold,900001001,Traditional IRA - x1001,50 of SGDM @ $7.33 (Order # 3402),--,$0.008,$366.466
 06/17/2026 09:52:31 AM,Sold,900001001,Traditional IRA - x1001,5 of SOXX @ $60.798 (Order # 2393),--,$0.007,$303.981
 06/17/2026 09:52:06 AM,Sold,900001001,Traditional IRA - x1001,25 of PLTR @ $13.483 (Order # 5110),--,$0.007,$337.056
 06/17/2026 09:51:23 AM,Sold,900001001,Traditional IRA - x1001,10 of CRDO @ $25.74 (Order # 8226),--,$0.006,$257.394
 06/17/2026 09:45:33 AM,Sold,900001001,Traditional IRA - x1001,60 of ICHR @ $9.216 (Order # 3284),--,$0.012,$552.947
 06/17/2026 09:40:15 AM,Bought,900001001,Traditional IRA - x1001,50 of SPCX @ $20.456 (Order # 6168),--,$0,"-$1,022.8"
 06/17/2026 03:00:00 AM,Transfer,900001002,Individual Brokerage - x1002,TRNSFR MARGIN TO CASH,--,$0,-$3.233
 06/17/2026 03:00:00 AM,Transfer,900001002,Individual Brokerage - x1002,TRNSFR MARGIN TO CASH,--,$0,$3.233
 06/17/2026 03:00:00 AM,Sweep,900001002,Individual Brokerage - x1002,BANK DEPOSIT PROGRAM,--,$0,-$3.233
 06/16/2026 04:00:03 PM,Bought,900001001,Traditional IRA - x1001,5 of AGX @ $69.039 (Order # 3374),--,$0,-$345.195
 06/16/2026 04:00:02 PM,Bought,900001001,Traditional IRA - x1001,25 of GM @ $8.251 (Order # 6688),--,$0,-$206.275
 06/16/2026 04:00:02 PM,Sold,900001001,Traditional IRA - x1001,5 of NEM @ $10.844 (Order # 5605),--,$0.002,$54.218
 06/16/2026 04:00:01 PM,Sold,900001001,Traditional IRA - x1001,5 of CRWV @ $11.703 (Order # 4309),--,$0.002,$58.513
 06/16/2026 04:00:01 PM,Bought,900001001,Traditional IRA - x1001,5 of CRWD @ $67.949 (Order # 7502),--,$0,-$339.745
 06/16/2026 04:00:01 PM,Bought,900001001,Traditional IRA - x1001,10 of CRDO @ $23.918 (Order # 3524),--,$0,-$239.18
 06/16/2026 04:00:01 PM,Sold,900001001,Traditional IRA - x1001,50 of MDLZ @ $6.215 (Order # 7114),--,$0.007,$310.742
 06/16/2026 04:00:00 PM,Bought,900001001,Traditional IRA - x1001,25 of PLTR @ $13.325 (Order # 1341),--,$0,-$333.125
 06/16/2026 04:00:00 PM,Bought,900001001,Traditional IRA - x1001,3 of QQQ @ $72.986 (Order # 9910),--,$0,-$218.958
 06/16/2026 04:00:00 PM,Sold,900001001,Traditional IRA - x1001,200 of BTG @ $0.457 (Order # 2978),--,$0.002,$91.394
 06/16/2026 04:00:00 PM,Sold,900001001,Traditional IRA - x1001,80 of GDE @ $6.574 (Order # 7206),--,$0.011,$525.907
 06/16/2026 04:00:00 PM,Sold,900001001,Traditional IRA - x1001,35 of MLPI @ $5.449 (Order # 8673),--,$0.004,$190.71
 06/16/2026 03:46:25 PM,Bought,900001001,Traditional IRA - x1001,25 of SPCX @ $19.654 (Order # 7221),--,$0,-$491.35
 06/16/2026 03:38:28 PM,Bought,900001001,Traditional IRA - x1001,25 of SPCX @ $19.999 (Order # 3897),--,$0,-$499.975
 06/16/2026 03:24:13 PM,Bought,900001001,Traditional IRA - x1001,25 of SPCX @ $20.176 (Order # 6330),--,$0,-$504.41
 06/16/2026 03:16:08 PM,Bought,900001001,Traditional IRA - x1001,25 of SPCX @ $20.199 (Order # 1883),--,$0,-$504.975
 06/16/2026 03:10:21 PM,Bought,900001001,Traditional IRA - x1001,50 of SPCX @ $20.399 (Order # 3477),--,$0,"-$1,019.95"
 06/16/2026 03:04:47 PM,Bought,900001001,Traditional IRA - x1001,25 of SPCX @ $20.686 (Order # 5742),--,$0,-$517.15
 06/16/2026 01:55:48 PM,Bought,900001001,Traditional IRA - x1001,25 of SPCX @ $21.14 (Order # 9348),--,$0,-$528.5
 06/16/2026 01:51:22 PM,Sold,900001001,Traditional IRA - x1001,200 of SGDM @ $7.234 (Order # 5010),--,$0.03,"$1,446.766"
 06/16/2026 01:03:12 PM,Sold,900001001,Traditional IRA - x1001,25 of SPCX @ $21.755 (Order # 8058),--,$0.012,$543.863
 06/16/2026 12:49:36 PM,Sold,900001001,Traditional IRA - x1001,25 of B @ $4.283 (Order # 1873),--,$0.003,$107.076
 06/16/2026 12:49:02 PM,Sold,900001001,Traditional IRA - x1001,50 of B @ $4.283 (Order # 3472),--,$0.005,$214.119
 06/16/2026 12:42:29 PM,Sold,900001001,Traditional IRA - x1001,30 of UBER @ $7.405 (Order # 1783),--,$0.005,$222.129
 06/16/2026 12:37:55 PM,Sold,900001001,Traditional IRA - x1001,20 of PSUS @ $3.998 (Order # 9165),--,$0.002,$79.948
 06/16/2026 12:35:34 PM,Bought,900001001,Traditional IRA - x1001,5 of TSLA @ $40.42 (Order # 8764),--,$0,-$202.098
 06/16/2026 12:34:48 PM,Sold,900001001,Traditional IRA - x1001,15 of RTX @ $18.53 (Order # 1693),--,$0.006,$277.944
 06/16/2026 12:34:04 PM,Bought,900001001,Traditional IRA - x1001,5 of DDOG @ $23.383 (Order # 2779),--,$0,-$116.915
 06/16/2026 12:33:14 PM,Sold,900001001,Traditional IRA - x1001,100 of VGSH @ $5.823 (Order # 7245),--,$0.012,$582.236
 06/16/2026 12:27:57 PM,Sold,900001001,Traditional IRA - x1001,125 of SSRM @ $3.171 (Order # 8955),--,$0.009,$396.364
 06/16/2026 12:25:32 PM,Bought,900001001,Traditional IRA - x1001,10 of EWY @ $20.746 (Order # 5574),--,$0,-$207.46
 06/16/2026 12:23:20 PM,Sold,900001001,Traditional IRA - x1001,75 of AUGO @ $6.735 (Order # 4311),--,$0.011,$505.113
 06/16/2026 12:21:38 PM,Sold,900001001,Traditional IRA - x1001,88 of PARR @ $5.238 (Order # 8768),--,$0.01,$460.932
 06/16/2026 12:14:49 PM,Bought,900001001,Traditional IRA - x1001,10 of AMD @ $52.377 (Order # 9072),--,$0,-$523.77
 06/16/2026 12:05:35 PM,Sold,900001001,Traditional IRA - x1001,25 of SPCX @ $21.255 (Order # 3627),--,$0.011,$531.364
 06/16/2026 10:57:39 AM,Bought,900001001,Traditional IRA - x1001,3 of APP @ $49.774 (Order # 3207),--,$0,-$149.322
 06/16/2026 10:57:18 AM,Bought,900001001,Traditional IRA - x1001,25 of USO @ $11.563 (Order # 9878),--,$0,-$289.075
 06/16/2026 10:29:55 AM,Sold,900001002,Individual Brokerage - x1002,1 of GDE @ $6.569 (Order # 8811),--,$0.001,$6.568
 06/16/2026 10:29:45 AM,Bought,900001001,Traditional IRA - x1001,75 of SPCX @ $20.899 (Order # 3821),--,$0,"-$1,567.425"
 06/16/2026 10:23:54 AM,Bought,900001001,Traditional IRA - x1001,5 of MSFT @ $39.276 (Order # 1043),--,$0,-$196.378
 06/16/2026 10:18:05 AM,Sold,900001001,Traditional IRA - x1001,5 of DY @ $48.689 (Order # 5855),--,$0.006,$243.437
 06/16/2026 10:17:01 AM,Sold,900001001,Traditional IRA - x1001,100 of IWM @ $29.571 (Order # 2948),--,$0.061,"$2,957.037"
 06/16/2026 10:15:53 AM,Sold,900001001,Traditional IRA - x1001,25 of TTMI @ $20.745 (Order # 6306),--,$0.011,$518.614
 06/16/2026 10:12:29 AM,Sold,900001001,Traditional IRA - x1001,5 of BE @ $29.477 (Order # 2619),--,$0.004,$147.379
 06/16/2026 10:11:34 AM,Sold,900001001,Traditional IRA - x1001,29 of CRWV @ $11.7 (Order # 1794),--,$0.007,$339.292
 06/16/2026 10:11:34 AM,Sold,900001001,Traditional IRA - x1001,1 of CRWV @ $11.704 (Order # 1794),--,$0.001,$11.703
 06/16/2026 10:06:07 AM,Sold,900001001,Traditional IRA - x1001,150 of BVN @ $3.547 (Order # 3690),--,$0.011,$531.961
 06/16/2026 10:03:58 AM,Sold,900001001,Traditional IRA - x1001,145 of BTG @ $0.46 (Order # 5160),--,$0.002,$66.623
 06/16/2026 10:02:15 AM,Bought,900001001,Traditional IRA - x1001,100 of EZPW @ $3.104 (Order # 3626),--,$0,-$310.4
 06/16/2026 10:01:55 AM,Bought,900001001,Traditional IRA - x1001,75 of SMCI @ $3.027 (Order # 2525),--,$0,-$227.025
 06/16/2026 10:01:28 AM,Bought,900001001,Traditional IRA - x1001,15 of IGM @ $16.485 (Order # 6680),--,$0,-$247.275
 06/16/2026 10:00:57 AM,Bought,900001001,Traditional IRA - x1001,100 of VGSH @ $5.82 (Order # 4345),--,$0,-$581.999
 06/16/2026 10:00:14 AM,Bought,900001001,Traditional IRA - x1001,5 of FN @ $60.931 (Order # 3913),--,$0,-$304.653
 06/16/2026 09:59:46 AM,Bought,900001001,Traditional IRA - x1001,5 of UNH @ $40.777 (Order # 1754),--,$0,-$203.885
 06/16/2026 09:59:15 AM,Bought,900001001,Traditional IRA - x1001,25 of ICHR @ $8.775 (Order # 3262),--,$0,-$219.375
 06/16/2026 09:58:51 AM,Bought,900001001,Traditional IRA - x1001,5 of BRK.B @ $49.297 (Order # 1756),--,$0,-$246.486
 06/16/2026 09:58:18 AM,Bought,900001001,Traditional IRA - x1001,100 of ARE @ $5.208 (Order # 8223),--,$0,-$520.76
 06/16/2026 09:57:09 AM,Bought,900001001,Traditional IRA - x1001,50 of TIGO @ $8.576 (Order # 3879),--,$0,-$428.8
 06/16/2026 09:55:30 AM,Sold,900001001,Traditional IRA - x1001,25 of SPCX @ $21.964 (Order # 4312),--,$0.012,$549.076
 06/16/2026 09:47:21 AM,Sold,900001001,Traditional IRA - x1001,25 of SPCX @ $21.399 (Order # 7843),--,$0.012,$534.963
 06/16/2026 09:44:31 AM,Sold,900001001,Traditional IRA - x1001,5 of SPCX @ $21.191 (Order # 9902),--,$0.003,$105.95
 06/16/2026 09:30:00 AM,Sold,900001001,Traditional IRA - x1001,30 of AMZN @ $24.803 (Order # 9316),--,$0.016,$744.073
 06/16/2026 09:09:47 AM,Bought,900001001,Traditional IRA - x1001,50 of SPCX @ $19.852 (Order # 1129),--,$0,-$992.6
 06/16/2026 09:06:52 AM,Bought,900001001,Traditional IRA - x1001,100 of SPCX @ $20.108 (Order # 8249),--,$0,"-$2,010.797"
 06/16/2026 03:00:00 AM,Sweep,900001003,Partnership / LLC / LLP - x1003,BANK DEPOSIT PROGRAM,--,$0,$353.25
 06/15/2026 04:01:58 PM,Bought,900001001,Traditional IRA - x1001,75 of KGC @ $2.734 (Order # 1529),--,$0,-$205.05
 06/15/2026 04:00:05 PM,Bought,900001001,Traditional IRA - x1001,30 of LRN @ $8.354 (Order # 9270),--,$0,-$250.62
 06/15/2026 04:00:04 PM,Bought,900001001,Traditional IRA - x1001,100 of PSTL @ $2.316 (Order # 5540),--,$0,-$231.6
 06/15/2026 04:00:03 PM,Sold,900001001,Traditional IRA - x1001,5 of AGX @ $68.887 (Order # 9825),--,$0.008,$344.427
 06/15/2026 04:00:03 PM,Sold,900001001,Traditional IRA - x1001,7 of BRK.B @ $49.552 (Order # 6330),--,$0.008,$346.856
 06/15/2026 04:00:03 PM,Bought,900001001,Traditional IRA - x1001,75 of UNFI @ $5.033 (Order # 5233),--,$0,-$377.475
 06/15/2026 04:00:02 PM,Bought,900001001,Traditional IRA - x1001,50 of MDLZ @ $6.15 (Order # 7751),--,$0,-$307.5
 06/15/2026 04:00:02 PM,Bought,900001001,Traditional IRA - x1001,40 of INCY @ $10.198 (Order # 2473),--,$0,-$407.92
 06/15/2026 04:00:02 PM,Bought,900001001,Traditional IRA - x1001,75 of AUGO @ $6.618 (Order # 2656),--,$0,-$496.35
 06/15/2026 04:00:00 PM,Bought,900001001,Traditional IRA - x1001,125 of BLOX @ $1.714 (Order # 5766),--,$0,-$214.25
 06/15/2026 04:00:00 PM,Bought,900001001,Traditional IRA - x1001,100 of SGDM @ $7.061 (Order # 2002),--,$0,-$706.1
 06/15/2026 03:46:27 PM,Sold,900001001,Traditional IRA - x1001,5 of SPCX @ $18.868 (Order # 7773),--,$0.002,$94.336
 06/15/2026 03:46:04 PM,Sold,900001001,Traditional IRA - x1001,10 of TTMI @ $20.652 (Order # 8496),--,$0.005,$206.515
 06/15/2026 02:59:53 PM,Sold,900001001,Traditional IRA - x1001,15 of SPCX @ $18.716 (Order # 3129),--,$0.006,$280.734
 06/15/2026 02:31:02 PM,Bought,900001001,Traditional IRA - x1001,10 of CNSWF @ $207.777 (Order # 2512),--,$0.495,"-$2,078.265"
 06/15/2026 01:21:39 PM,Sold,900001001,Traditional IRA - x1001,25 of REMX @ $9.754 (Order # 3644),--,$0.006,$243.844
 06/15/2026 01:20:33 PM,Bought,900001001,Traditional IRA - x1001,200 of VTIP @ $5.036 (Order # 6247),--,$0,"-$1,007.1"
 06/15/2026 01:20:05 PM,Bought,900001001,Traditional IRA - x1001,41 of BVN @ $3.436 (Order # 5457),--,$0,-$140.876
 06/15/2026 01:20:05 PM,Bought,900001001,Traditional IRA - x1001,34 of BVN @ $3.435 (Order # 5457),--,$0,-$116.79
 06/15/2026 01:17:35 PM,Sold,900001001,Traditional IRA - x1001,35 of EMEQ @ $7.148 (Order # 4479),--,$0.006,$250.173
 06/15/2026 01:16:48 PM,Sold,900001001,Traditional IRA - x1001,30 of SPMO @ $15.777 (Order # 8537),--,$0.01,$473.313
 06/15/2026 01:13:05 PM,Bought,900001001,Traditional IRA - x1001,25 of FMX @ $12.717 (Order # 9727),--,$0,-$317.925
 06/15/2026 01:10:52 PM,Sold,900001001,Traditional IRA - x1001,15 of QQQ @ $74.315 (Order # 2344),--,$0.023,"$1,114.702"
 06/15/2026 01:05:00 PM,Sold,900001001,Traditional IRA - x1001,25 of SPCX @ $18.058 (Order # 5915),--,$0.01,$451.444
 06/15/2026 12:20:24 PM,Sold,900001001,Traditional IRA - x1001,10 of MSFT @ $40.069 (Order # 4714),--,$0.009,$400.682
 06/15/2026 12:19:39 PM,Sold,900001001,Traditional IRA - x1001,10 of MSFT @ $40.066 (Order # 8257),--,$0.009,$400.651
 06/15/2026 12:18:17 PM,Bought,900001001,Traditional IRA - x1001,150 of CSTM @ $3.458 (Order # 4674),--,$0,-$518.697
 06/15/2026 12:14:09 PM,Bought,900001001,Traditional IRA - x1001,50 of TIGO @ $9.261 (Order # 1482),--,$0,-$463.03
 06/15/2026 12:08:01 PM,Sold,900001001,Traditional IRA - x1001,50 of SPCX @ $17.572 (Order # 5314),--,$0.019,$878.564
 06/15/2026 12:00:40 PM,Bought,900001001,Traditional IRA - x1001,50 of TIGO @ $9.238 (Order # 2951),--,$0,-$461.875
 06/15/2026 11:59:52 AM,Bought,900001001,Traditional IRA - x1001,175 of IAUM @ $4.342 (Order # 3206),--,$0,-$759.763
 06/15/2026 11:59:04 AM,Bought,900001001,Traditional IRA - x1001,50 of GDMN @ $8.776 (Order # 1480),--,$0,-$438.791
 06/15/2026 11:22:52 AM,Sold,900001001,Traditional IRA - x1001,50 of IAUM @ $4.34 (Order # 7947),--,$0.005,$216.969
 06/15/2026 11:11:05 AM,Sold,900001001,Traditional IRA - x1001,50 of SPCX @ $17.389 (Order # 1183),--,$0.018,$869.431
 06/15/2026 11:05:25 AM,Sold,900001001,Traditional IRA - x1001,495 of PINE @ $2.02 (Order # 9287),--,$0.021,$999.869
 06/15/2026 10:56:47 AM,Sold,900001001,Traditional IRA - x1001,10 of SOXX @ $62.145 (Order # 4502),--,$0.013,$621.435
 06/15/2026 10:54:18 AM,Bought,900001001,Traditional IRA - x1001,25 of PM @ $18.304 (Order # 9941),--,$0,-$457.6
 06/15/2026 10:53:49 AM,Bought,900001001,Traditional IRA - x1001,150 of PSTL @ $2.367 (Order # 8676),--,$0,-$354.975
 06/15/2026 10:53:07 AM,Bought,900001001,Traditional IRA - x1001,100 of CSTM @ $3.502 (Order # 6775),--,$0,-$350.15
 06/15/2026 10:29:59 AM,Sold,900001001,Traditional IRA - x1001,20 of EWY @ $20.869 (Order # 7405),--,$0.009,$417.371
 06/15/2026 10:29:37 AM,Sold,900001001,Traditional IRA - x1001,25 of CRWV @ $10.715 (Order # 8987),--,$0.006,$267.869
 06/15/2026 10:26:46 AM,Bought,900001001,Traditional IRA - x1001,400 of VGSH @ $5.823 (Order # 4657),--,$0,"-$2,329.196"
 06/15/2026 10:26:29 AM,Bought,900001001,Traditional IRA - x1001,50 of SPCX @ $17.07 (Order # 9551),--,$0,-$853.5
 06/15/2026 10:23:28 AM,Bought,900001001,Traditional IRA - x1001,100 of ARE @ $5.335 (Order # 9695),--,$0,-$533.514
 06/15/2026 10:22:32 AM,Sold,900001001,Traditional IRA - x1001,100 of USAR @ $2.324 (Order # 7087),--,$0.005,$232.343
 06/15/2026 10:20:09 AM,Bought,900001001,Traditional IRA - x1001,400 of VGSH @ $5.823 (Order # 5936),--,$0,"-$2,329.196"
 06/15/2026 10:19:35 AM,Sold,900001001,Traditional IRA - x1001,50 of SPMO @ $15.698 (Order # 3608),--,$0.017,$784.857
 06/15/2026 10:15:24 AM,Bought,900001001,Traditional IRA - x1001,25 of PM @ $18.367 (Order # 3024),--,$0,-$459.175
 06/15/2026 10:13:58 AM,Bought,900001001,Traditional IRA - x1001,35 of CNC @ $6.343 (Order # 8818),--,$0,-$222.005
 06/15/2026 10:10:59 AM,Sold,900001001,Traditional IRA - x1001,100 of SPCX @ $17.373 (Order # 9313),--,$0.036,"$1,737.262"
 06/15/2026 10:04:18 AM,Sold,900001001,Traditional IRA - x1001,5 of FN @ $63.121 (Order # 8628),--,$0.007,$315.596
 06/15/2026 10:02:07 AM,Sold,900001001,Traditional IRA - x1001,75 of COPJ @ $4.499 (Order # 8859),--,$0.007,$337.38
 06/15/2026 09:53:01 AM,Sold,900001001,Traditional IRA - x1001,200 of USAR @ $2.347 (Order # 7671),--,$0.01,$469.388
 06/15/2026 09:51:45 AM,Sold,900001001,Traditional IRA - x1001,225 of CDE @ $1.895 (Order # 9829),--,$0.009,$426.362
 06/15/2026 09:50:57 AM,Sold,900001001,Traditional IRA - x1001,300 of NEXA @ $1.468 (Order # 7717),--,$0.01,$440.333
 06/15/2026 09:50:35 AM,Sold,900001001,Traditional IRA - x1001,100 of KGC @ $2.76 (Order # 9703),--,$0.006,$275.942
 06/15/2026 09:49:51 AM,Bought,900001001,Traditional IRA - x1001,50 of GDMN @ $8.815 (Order # 8375),--,$0,-$440.762
 06/15/2026 09:49:19 AM,Sold,900001001,Traditional IRA - x1001,25 of SIL @ $8.84 (Order # 1018),--,$0.005,$220.996
 06/15/2026 09:47:21 AM,Sold,900001001,Traditional IRA - x1001,100 of GDMN @ $8.848 (Order # 5092),--,$0.019,$884.779
 06/15/2026 09:38:57 AM,Sold,900001001,Traditional IRA - x1001,25 of AUGO @ $6.945 (Order # 5325),--,$0.004,$173.621
 06/15/2026 09:36:01 AM,Sold,900001001,Traditional IRA - x1001,50 of SPCX @ $16.985 (Order # 9206),--,$0.018,$849.231
 06/15/2026 09:35:46 AM,Bought,900001001,Traditional IRA - x1001,50 of SPCX @ $16.971 (Order # 5471),--,$0,-$848.55
 06/15/2026 09:33:22 AM,Bought,900001001,Traditional IRA - x1001,10 of AGX @ $66.601 (Order # 7594),--,$0,-$666.01
 06/15/2026 09:30:02 AM,Bought,900001001,Traditional IRA - x1001,35 of QQQ @ $73.819 (Order # 6162),--,$0,"-$2,583.665"
 06/15/2026 09:30:01 AM,Bought,900001001,Traditional IRA - x1001,100 of AMZN @ $24.5 (Order # 3697),--,$0,"-$2,450"
 06/15/2026 09:30:01 AM,Bought,900001001,Traditional IRA - x1001,25 of MSFT @ $39.665 (Order # 5728),--,$0,-$991.625
 06/15/2026 09:30:01 AM,Bought,900001001,Traditional IRA - x1001,150 of IBIT @ $3.782 (Order # 2178),--,$0,-$567.3
 06/15/2026 09:30:01 AM,Bought,900001001,Traditional IRA - x1001,15 of CRDO @ $26.3 (Order # 3270),--,$0,-$394.5
 06/15/2026 09:30:00 AM,Bought,900001003,Partnership / LLC / LLP - x1003,50 of SGDM @ $7.065 (Order # 7454),--,$0,-$353.25
 06/15/2026 09:30:00 AM,Bought,900001001,Traditional IRA - x1001,100 of IWM @ $29.664 (Order # 9956),--,$0,"-$2,966.4"
 06/15/2026 09:30:00 AM,Bought,900001001,Traditional IRA - x1001,200 of SGDM @ $7.065 (Order # 7264),--,$0,"-$1,413"
 06/15/2026 09:14:05 AM,Bought,900001001,Traditional IRA - x1001,50 of SPCX @ $16.991 (Order # 5296),--,$0,-$849.55
 06/15/2026 09:11:32 AM,Bought,900001001,Traditional IRA - x1001,1 of SGDM @ $7.06 (Order # 1521),--,$0,-$7.06
 06/15/2026 09:11:32 AM,Bought,900001001,Traditional IRA - x1001,199 of SGDM @ $7.113 (Order # 1521),--,$0,"-$1,415.487"
 06/15/2026 09:04:55 AM,Bought,900001001,Traditional IRA - x1001,100 of IWM @ $29.726 (Order # 1192),--,$0,"-$2,972.6"
 06/15/2026 03:00:00 AM,Sweep,900001003,Partnership / LLC / LLP - x1003,BANK DEPOSIT PROGRAM,--,$0,"$3,474.67"
 06/15/2026 03:00:00 AM,Qualified Dividend,900001001,Traditional IRA - x1001,BARRICK MNG CORP REC 06/15/26 PAY 06/15/26 RATE 0.00000000 QTY 0.00000000,--,$0,$3.85
 06/15/2026 03:00:00 AM,Qualified Dividend,900001001,Traditional IRA - x1001,ALPHABET INC CL C REC 06/15/26 PAY 06/15/26 RATE 0.00000000 QTY 0.00000000,--,$0,$2.75
 06/15/2026 03:00:00 AM,Dividend,900001001,Traditional IRA - x1001,0 of BLOX @ $0,--,$0,$12.243
 06/12/2026 07:34:35 PM,Bought,900001001,Traditional IRA - x1001,100 of SPCX @ $16.719 (Order # 8808),--,$0,"-$1,671.9"
 06/12/2026 05:32:50 PM,Sold,900001001,Traditional IRA - x1001,50 of SPCX @ $16.599 (Order # 1966),--,$0.018,$829.931
 06/12/2026 04:02:00 PM,Bought,900001001,Traditional IRA - x1001,50 of SPCX @ $16.234 (Order # 8341),--,$0,-$811.7
 06/12/2026 04:00:05 PM,Sold,900001001,Traditional IRA - x1001,5 of AGX @ $64.168 (Order # 2191),--,$0.007,$320.833
 06/12/2026 04:00:02 PM,Sold,900001001,Traditional IRA - x1001,35 of AUGO @ $6.089 (Order # 8181),--,$0.005,$213.109
 06/12/2026 04:00:02 PM,Sold,900001001,Traditional IRA - x1001,5 of FN @ $61.101 (Order # 7652),--,$0.007,$305.498
 06/12/2026 03:36:04 PM,Sold,900001001,Traditional IRA - x1001,50 of SPCX @ $16.151 (Order # 4080),--,$0.017,$807.526
 06/12/2026 03:35:05 PM,Sold,900001001,Traditional IRA - x1001,150 of SPCX @ $16.178 (Order # 3006),--,$0.05,"$2,426.647"
 06/12/2026 03:32:35 PM,Bought,900001001,Traditional IRA - x1001,50 of SPCX @ $15.935 (Order # 9449),--,$0,-$796.75
 06/12/2026 03:21:37 PM,Bought,900001001,Traditional IRA - x1001,50 of SPCX @ $16.299 (Order # 6278),--,$0,-$814.95
 06/12/2026 03:08:21 PM,Bought,900001001,Traditional IRA - x1001,50 of SPCX @ $16.627 (Order # 4721),--,$0,-$831.35
 06/12/2026 02:39:37 PM,Sold,900001001,Traditional IRA - x1001,100 of SPCX @ $16.959 (Order # 4498),--,$0.035,"$1,695.863"
 06/12/2026 02:27:01 PM,Bought,900001001,Traditional IRA - x1001,10 of MSFT @ $38.749 (Order # 5779),--,$0,-$387.49
 06/12/2026 02:26:10 PM,Sold,900001001,Traditional IRA - x1001,1000 of BTG @ $0.423 (Order # 9914),--,$0.009,$422.471
 06/12/2026 02:24:26 PM,Sold,900001001,Traditional IRA - x1001,200 of SPCX @ $16.999 (Order # 5803),--,$0.071,"$3,399.725"
 06/12/2026 02:20:35 PM,Bought,900001001,Traditional IRA - x1001,100 of SPCX @ $16.783 (Order # 2419),--,$0,"-$1,678.3"
 06/12/2026 02:20:35 PM,Bought,900001001,Traditional IRA - x1001,100 of SPCX @ $16.784 (Order # 2419),--,$0,"-$1,678.399"
 06/12/2026 02:18:29 PM,Bought,900001001,Traditional IRA - x1001,100 of SPCX @ $16.712 (Order # 8919),--,$0,"-$1,671.2"
 06/12/2026 02:17:20 PM,Sold,900001001,Traditional IRA - x1001,300 of SPCX @ $16.561 (Order # 1843),--,$0.103,"$4,968.041"
 06/12/2026 02:15:18 PM,Bought,900001001,Traditional IRA - x1001,50 of SPCX @ $16.828 (Order # 2026),--,$0,-$841.375
 06/12/2026 02:09:43 PM,Sold,900001001,Traditional IRA - x1001,10 of BE @ $25.917 (Order # 9930),--,$0.006,$259.164
 06/12/2026 02:07:48 PM,Sold,900001001,Traditional IRA - x1001,100 of MXL @ $8.486 (Order # 4270),--,$0.018,$848.58
 06/12/2026 02:07:26 PM,Bought,900001001,Traditional IRA - x1001,100 of SPCX @ $17.055 (Order # 1076),--,$0,"-$1,705.5"
 06/12/2026 02:05:17 PM,Sold,900001001,Traditional IRA - x1001,25 of CRWV @ $10.346 (Order # 3828),--,$0.006,$258.644
 06/12/2026 02:04:51 PM,Sold,900001001,Traditional IRA - x1001,25 of CRWV @ $10.316 (Order # 1351),--,$0.006,$257.894
 06/12/2026 02:03:58 PM,Sold,900001001,Traditional IRA - x1001,50 of SPCX @ $17.302 (Order # 2856),--,$0.018,$865.081
 06/12/2026 01:43:32 PM,Sold,900001001,Traditional IRA - x1001,100 of SPCX @ $17.276 (Order # 7026),--,$0.036,"$1,727.584"
 06/12/2026 01:41:05 PM,Sold,900001001,Traditional IRA - x1001,100 of GDMN @ $8.099 (Order # 7565),--,$0.017,$809.881
 06/12/2026 01:35:32 PM,Sold,900001001,Traditional IRA - x1001,50 of SPCX @ $17.123 (Order # 2100),--,$0.018,$856.131
 06/12/2026 01:34:14 PM,Bought,900001001,Traditional IRA - x1001,100 of SPCX @ $17.019 (Order # 3142),--,$0,"-$1,701.85"
 06/12/2026 01:31:45 PM,Bought,900001001,Traditional IRA - x1001,100 of SPCX @ $16.999 (Order # 1474),--,$0,"-$1,699.9"
 06/12/2026 01:22:08 PM,Sold,900001001,Traditional IRA - x1001,7 of SOXX @ $60.199 (Order # 7785),--,$0.009,$421.384
 06/12/2026 12:58:10 PM,Sold,900001001,Traditional IRA - x1001,66 of SPCX @ $17.294 (Order # 8235),--,$0.024,"$1,141.379"
 06/12/2026 12:57:04 PM,Sold,900001001,Traditional IRA - x1001,100 of SPCX @ $17.151 (Order # 4277),--,$0.036,"$1,715.062"
 06/12/2026 12:54:18 PM,Bought,900001001,Traditional IRA - x1001,100 of SPCX @ $17.219 (Order # 5072),--,$0,"-$1,721.85"
 06/12/2026 12:53:22 PM,Bought,900001001,Traditional IRA - x1001,100 of SPCX @ $16.978 (Order # 1842),--,$0,"-$1,697.8"
 06/12/2026 12:52:18 PM,Sold,900001001,Traditional IRA - x1001,100 of SPCX @ $16.999 (Order # 2711),--,$0.036,"$1,699.862"
 06/12/2026 12:48:06 PM,Sold,900001001,Traditional IRA - x1001,100 of SPCX @ $16.899 (Order # 1046),--,$0.035,"$1,689.863"
 06/12/2026 12:39:50 PM,Sold,900001001,Traditional IRA - x1001,100 of SPCX @ $16.799 (Order # 1216),--,$0.035,"$1,679.863"
 06/12/2026 12:20:45 PM,Sold,900001001,Traditional IRA - x1001,100 of SPCX @ $16.699 (Order # 2971),--,$0.035,"$1,669.863"
 06/12/2026 12:16:55 PM,Sold,900001001,Traditional IRA - x1001,100 of SPCX @ $16.599 (Order # 7194),--,$0.035,"$1,659.863"
 06/12/2026 12:16:54 PM,Sold,900001001,Traditional IRA - x1001,5 of SPCX @ $16.52 (Order # 8636),--,$0.002,$82.596
 06/12/2026 12:16:39 PM,Cancel Bought,900001001,Traditional IRA - x1001,29 of SPCX @ $16.46,--,$0.01,-$477.329
 06/12/2026 12:16:39 PM,Sold,900001001,Traditional IRA - x1001,29 of SPCX @ $16.463,--,$0.01,$477.416
 06/12/2026 12:16:39 PM,Sold,900001001,Traditional IRA - x1001,29 of SPCX @ $16.46 (Order # 3628),--,$0.01,$477.329
 06/12/2026 12:15:54 PM,Sold,900001001,Traditional IRA - x1001,100 of SPCX @ $16.463 (Order # 2826),--,$0.034,"$1,646.269"
 06/12/2026 12:09:48 PM,Sold,900001001,Traditional IRA - x1001,200 of SPCX @ $16.295 (Order # 5186),--,$0.068,"$3,258.866"
 06/12/2026 12:04:13 PM,Sold,900001001,Traditional IRA - x1001,200 of SPCX @ $15.628 (Order # 5792),--,$0.065,"$3,125.531"
 06/12/2026 12:02:19 PM,Bought,900001001,Traditional IRA - x1001,200 of SPCX @ $15.899 (Order # 2401),--,$0,"-$3,179.8"
 06/12/2026 12:01:09 PM,Bought,900001001,Traditional IRA - x1001,100 of SPCX @ $16.329 (Order # 9890),--,$0,"-$1,632.9"
 06/12/2026 11:59:57 AM,Bought,900001001,Traditional IRA - x1001,100 of SPCX @ $16.199 (Order # 6650),--,$0,"-$1,619.9"
 06/12/2026 11:59:40 AM,Bought,900001001,Traditional IRA - x1001,15 of SOXX @ $58.999 (Order # 3167),--,$0,-$884.985
 06/12/2026 11:57:58 AM,Bought,900001001,Traditional IRA - x1001,100 of SPCX @ $16.399 (Order # 4805),--,$0,"-$1,639.9"
 06/12/2026 11:55:27 AM,Bought,900001001,Traditional IRA - x1001,50 of SPCX @ $16.5 (Order # 5784),--,$0,-$825
 06/12/2026 11:52:36 AM,Bought,900001001,Traditional IRA - x1001,400 of SPCX @ $15.944 (Order # 9654),--,$0,"-$6,377.6"
 06/12/2026 11:49:43 AM,Bought,900001001,Traditional IRA - x1001,100 of SPCX @ $15.998 (Order # 2352),--,$0,"-$1,599.8"
 06/12/2026 11:46:46 AM,Bought,900001001,Traditional IRA - x1001,200 of SPCX @ $15 (Order # 8438),--,$0,"-$3,000"
 06/12/2026 11:43:42 AM,Sold,900001001,Traditional IRA - x1001,20 of FMX @ $12.947 (Order # 1080),--,$0.006,$258.924
 06/12/2026 11:42:33 AM,Bought,900001001,Traditional IRA - x1001,50 of ICHR @ $8.599 (Order # 9106),--,$0,-$429.95
 06/12/2026 11:40:51 AM,Sold,900001001,Traditional IRA - x1001,175 of EPR @ $6.068 (Order # 5755),--,$0.022,"$1,061.877"
 06/12/2026 11:36:31 AM,Bought,900001001,Traditional IRA - x1001,10 of CRDO @ $25.478 (Order # 6584),--,$0,-$254.78
 06/12/2026 11:35:24 AM,Bought,900001001,Traditional IRA - x1001,50 of PSIX @ $4.202 (Order # 7149),--,$0,-$210.075
 06/12/2026 11:32:25 AM,Bought,900001001,Traditional IRA - x1001,5 of FN @ $60.479 (Order # 1661),--,$0,-$302.395
 06/12/2026 11:31:49 AM,Bought,900001001,Traditional IRA - x1001,100 of COPJ @ $4.287 (Order # 7384),--,$0,-$428.699
 06/12/2026 11:31:45 AM,Bought,900001001,Traditional IRA - x1001,30 of CRDO @ $25.399 (Order # 8217),--,$0,-$761.97
 06/12/2026 11:30:50 AM,Bought,900001001,Traditional IRA - x1001,25 of CRWV @ $10.468 (Order # 1346),--,$0,-$261.7
 06/12/2026 11:30:18 AM,Bought,900001001,Traditional IRA - x1001,144 of SPMO @ $15.324 (Order # 6993),--,$0,"-$2,206.64"
 06/12/2026 11:28:28 AM,Bought,900001001,Traditional IRA - x1001,60 of GDMN @ $8.056 (Order # 4875),--,$0,-$483.36
 06/12/2026 11:28:28 AM,Bought,900001001,Traditional IRA - x1001,40 of GDMN @ $8.059 (Order # 4875),--,$0,-$322.36
 06/12/2026 11:28:28 AM,Bought,900001001,Traditional IRA - x1001,40 of GDMN @ $8.06 (Order # 4875),--,$0,-$322.4
 06/12/2026 11:28:28 AM,Bought,900001001,Traditional IRA - x1001,160 of GDMN @ $8.057 (Order # 4875),--,$0,"-$1,289.12"
 06/12/2026 10:45:15 AM,Sold,900001001,Traditional IRA - x1001,150 of BLOX @ $1.669 (Order # 1124),--,$0.006,$250.341
 06/12/2026 10:39:09 AM,Sold,900001001,Traditional IRA - x1001,5555 of BTG @ $0.413 (Order # 4840),--,$0.048,"$2,294.115"
 06/12/2026 10:22:53 AM,Sold,900001001,Traditional IRA - x1001,20 of NEM @ $9.838 (Order # 6474),--,$0.005,$196.755
 06/12/2026 10:22:05 AM,Sold,900001001,Traditional IRA - x1001,10 of VRT @ $30.104 (Order # 3654),--,$0.007,$301.028
 06/12/2026 10:20:45 AM,Bought,900001001,Traditional IRA - x1001,75 of MKOR @ $6.711 (Order # 2069),--,$0,-$503.288
 06/12/2026 10:19:49 AM,Sold,900001001,Traditional IRA - x1001,100 of ARKX @ $3.405 (Order # 3825),--,$0.008,$340.484
 06/12/2026 10:19:07 AM,Sold,900001001,Traditional IRA - x1001,100 of PSTL @ $2.405 (Order # 9429),--,$0.005,$240.468
 06/12/2026 10:18:05 AM,Sold,900001001,Traditional IRA - x1001,200 of BLOX @ $1.676 (Order # 3293),--,$0.007,$335.213
 06/12/2026 10:17:35 AM,Bought,900001001,Traditional IRA - x1001,25 of CRWV @ $9.987 (Order # 8120),--,$0,-$249.663
 06/12/2026 10:16:57 AM,Bought,900001001,Traditional IRA - x1001,15 of TTMI @ $19.429 (Order # 5903),--,$0,-$291.435
 06/12/2026 10:16:05 AM,Sold,900001001,Traditional IRA - x1001,7 of MYRG @ $44.215 (Order # 1770),--,$0.007,$309.498
 06/12/2026 10:15:41 AM,Sold,900001001,Traditional IRA - x1001,15 of NBIS @ $23.503 (Order # 1210),--,$0.008,$352.532
 06/12/2026 10:15:13 AM,Sold,900001001,Traditional IRA - x1001,57 of AUGO @ $5.996 (Order # 1007),--,$0.008,$341.763
 06/12/2026 10:12:06 AM,Sold,900001001,Traditional IRA - x1001,100 of SPMO @ $15.275 (Order # 9035),--,$0.032,"$1,527.416"
 06/12/2026 10:10:24 AM,Sold,900001001,Traditional IRA - x1001,100 of SPMO @ $15.287 (Order # 3154),--,$0.032,"$1,528.616"
 06/12/2026 10:07:44 AM,Bought,900001001,Traditional IRA - x1001,300 of ARKX @ $3.404 (Order # 8621),--,$0,"-$1,021.2"
 06/12/2026 10:06:43 AM,Sold,900001001,Traditional IRA - x1001,50 of EWY @ $19.779 (Order # 5275),--,$0.021,$988.903
 06/12/2026 10:05:09 AM,Bought,900001001,Traditional IRA - x1001,200 of IBIT @ $3.588 (Order # 7487),--,$0,-$717.5
 06/12/2026 10:03:34 AM,Bought,900001001,Traditional IRA - x1001,150 of MRK @ $12.06 (Order # 8788),--,$0,"-$1,808.981"
 06/12/2026 10:02:52 AM,Bought,900001001,Traditional IRA - x1001,50 of UNH @ $40.665 (Order # 1166),--,$0,"-$2,033.225"
 06/12/2026 10:02:10 AM,Bought,900001001,Traditional IRA - x1001,50 of CRDO @ $25.104 (Order # 5193),--,$0,"-$1,255.2"
 06/12/2026 10:00:54 AM,Bought,900001003,Partnership / LLC / LLP - x1003,25 of SPMO @ $15.206 (Order # 6876),--,$0,-$380.15
 06/12/2026 10:00:25 AM,Bought,900001003,Partnership / LLC / LLP - x1003,30 of CRDO @ $24.925 (Order # 3915),--,$0,-$747.74
 06/12/2026 10:00:19 AM,Sold,900001001,Traditional IRA - x1001,320 of GDMN @ $7.899 (Order # 9335),--,$0.053,"$2,527.621"
 06/12/2026 09:59:24 AM,Bought,900001001,Traditional IRA - x1001,155 of SMCI @ $3.031 (Order # 2576),--,$0,-$469.805
 06/12/2026 09:59:24 AM,Bought,900001001,Traditional IRA - x1001,95 of SMCI @ $3.032 (Order # 2576),--,$0,-$287.997
 06/12/2026 09:58:04 AM,Sold,900001001,Traditional IRA - x1001,350 of ET @ $1.918 (Order # 2979),--,$0.014,$671.279
 06/12/2026 09:55:10 AM,Bought,900001001,Traditional IRA - x1001,10 of UNH @ $40.675 (Order # 6400),--,$0,-$406.75
 06/12/2026 09:55:10 AM,Bought,900001001,Traditional IRA - x1001,40 of UNH @ $40.67 (Order # 6400),--,$0,"-$1,626.78"
 06/12/2026 09:53:37 AM,Bought,900001001,Traditional IRA - x1001,100 of MRK @ $12.044 (Order # 2810),--,$0,"-$1,204.439"
 06/12/2026 09:50:58 AM,Bought,900001001,Traditional IRA - x1001,50 of CRDO @ $25.188 (Order # 5174),--,$0,"-$1,259.4"
 06/12/2026 09:45:51 AM,Bought,900001003,Partnership / LLC / LLP - x1003,150 of SPMO @ $15.012 (Order # 2520),--,$0,"-$2,251.8"
 06/12/2026 09:45:29 AM,Sold,900001001,Traditional IRA - x1001,700 of GDMN @ $7.827 (Order # 8378),--,$0.113,"$5,478.773"
 06/12/2026 09:44:04 AM,Bought,900001001,Traditional IRA - x1001,50 of IAUM @ $4.174 (Order # 1596),--,$0,-$208.7
 06/12/2026 09:41:56 AM,Bought,900001001,Traditional IRA - x1001,100 of MXL @ $8.128 (Order # 9394),--,$0,-$812.8
 06/12/2026 09:40:16 AM,Bought,900001001,Traditional IRA - x1001,50 of EWY @ $19.573 (Order # 1415),--,$0,-$978.662
 06/12/2026 09:39:16 AM,Bought,900001001,Traditional IRA - x1001,25 of CRDO @ $25.179 (Order # 4272),--,$0,-$629.463
 06/12/2026 09:36:24 AM,Bought,900001001,Traditional IRA - x1001,1000 of GDMN @ $7.921 (Order # 1852),--,$0,"-$7,921"
 06/12/2026 09:33:13 AM,Bought,900001001,Traditional IRA - x1001,300 of SPMO @ $15.044 (Order # 7083),--,$0,"-$4,513.125"
 06/12/2026 09:30:00 AM,Bought,900001003,Partnership / LLC / LLP - x1003,15 of MDLZ @ $6.332 (Order # 5675),--,$0,-$94.98
 06/12/2026 09:30:00 AM,Bought,900001001,Traditional IRA - x1001,5 of PM @ $18.1 (Order # 8979),--,$0,-$90.5
 06/12/2026 09:30:00 AM,Bought,900001001,Traditional IRA - x1001,15 of MDLZ @ $6.332 (Order # 8146),--,$0,-$94.98
 06/12/2026 03:00:00 AM,Sweep,900001003,Partnership / LLC / LLP - x1003,BANK DEPOSIT PROGRAM,--,$0,"-$1,147.677"
 06/11/2026 04:00:03 PM,Sold,900001001,Traditional IRA - x1001,100 of GM @ $8.085 (Order # 7196),--,$0.017,$808.481
 06/11/2026 04:00:02 PM,Sold,900001003,Partnership / LLC / LLP - x1003,5 of CLS @ $38.586 (Order # 7961),--,$0.004,$192.926
 06/11/2026 04:00:01 PM,Sold,900001003,Partnership / LLC / LLP - x1003,1 of LITE @ $88.959 (Order # 1069),--,$0.002,$88.957
 06/11/2026 04:00:01 PM,Sold,900001001,Traditional IRA - x1001,7 of CRWD @ $69.153 (Order # 9159),--,$0.01,$484.061
 06/11/2026 04:00:01 PM,Sold,900001001,Traditional IRA - x1001,10 of DDOG @ $23.424 (Order # 4542),--,$0.005,$234.235
 06/11/2026 04:00:00 PM,Sold,900001003,Partnership / LLC / LLP - x1003,50 of SHLD @ $6.515 (Order # 7124),--,$0.007,$325.742
 06/11/2026 04:00:00 PM,Sold,900001003,Partnership / LLC / LLP - x1003,10 of GDE @ $6.315 (Order # 3463),--,$0.002,$63.148
 06/11/2026 04:00:00 PM,Sold,900001003,Partnership / LLC / LLP - x1003,25 of SLV @ $6.082 (Order # 7511),--,$0.004,$152.046
 06/11/2026 04:00:00 PM,Sold,900001003,Partnership / LLC / LLP - x1003,39 of SLV @ $6.082 (Order # 4291),--,$0.005,$237.192
 06/11/2026 04:00:00 PM,Sold,900001001,Traditional IRA - x1001,30 of AMZN @ $24.151 (Order # 2025),--,$0.015,$724.514
 06/11/2026 04:00:00 PM,Sold,900001001,Traditional IRA - x1001,15 of AMZN @ $24.151 (Order # 1241),--,$0.008,$362.257
 06/11/2026 03:00:24 PM,Sold,900001003,Partnership / LLC / LLP - x1003,1 of LITE @ $87.668 (Order # 2427),--,$0.002,$87.666
 06/11/2026 02:57:20 PM,Bought,900001001,Traditional IRA - x1001,50 of USO @ $13.099 (Order # 4283),--,$0,-$654.95
 06/11/2026 02:50:59 PM,Sold,900001001,Traditional IRA - x1001,4154 of BTG @ $0.408 (Order # 8593),--,$0.035,"$1,694.758"
 06/11/2026 02:48:23 PM,Bought,900001001,Traditional IRA - x1001,1000 of BTG @ $0.409 (Order # 3501),--,$0,-$408.99
 06/11/2026 02:42:48 PM,Sold,900001001,Traditional IRA - x1001,3 of ASML @ $185.745 (Order # 2353),--,$0.012,$557.223
 06/11/2026 02:40:56 PM,Bought,900001001,Traditional IRA - x1001,120 of PSUS @ $3.735 (Order # 8230),--,$0,-$448.2
 06/11/2026 02:40:21 PM,Bought,900001001,Traditional IRA - x1001,125 of GDMN @ $7.694 (Order # 7120),--,$0,-$961.749
 06/11/2026 02:37:51 PM,Bought,900001001,Traditional IRA - x1001,10 of MSFT @ $38.801 (Order # 9431),--,$0,-$388.01
 06/11/2026 02:37:35 PM,Bought,900001001,Traditional IRA - x1001,10 of MSFT @ $38.804 (Order # 9318),--,$0,-$388.044
 06/11/2026 01:02:07 PM,Sold,900001001,Traditional IRA - x1001,25 of COPX @ $8.004 (Order # 9836),--,$0.005,$200.096
 06/11/2026 01:01:52 PM,Sold,900001001,Traditional IRA - x1001,45 of GDMN @ $7.419 (Order # 3911),--,$0.007,$333.83
 06/11/2026 01:01:33 PM,Sold,900001001,Traditional IRA - x1001,225 of BLOX @ $1.575 (Order # 6947),--,$0.008,$354.363
 06/11/2026 01:00:49 PM,Sold,900001001,Traditional IRA - x1001,25 of TIGO @ $9.174 (Order # 1210),--,$0.005,$229.348
 06/11/2026 01:00:14 PM,Sold,900001001,Traditional IRA - x1001,75 of SSRM @ $2.526 (Order # 8819),--,$0.004,$189.408
 06/11/2026 12:59:51 PM,Sold,900001001,Traditional IRA - x1001,15 of BLBD @ $7.036 (Order # 1192),--,$0.003,$105.53
 06/11/2026 12:59:16 PM,Sold,900001001,Traditional IRA - x1001,50 of URA @ $4.331 (Order # 3911),--,$0.005,$216.519
 06/11/2026 12:57:30 PM,Sold,900001001,Traditional IRA - x1001,3 of FN @ $57.894 (Order # 8775),--,$0.004,$173.677
 06/11/2026 12:56:25 PM,Sold,900001001,Traditional IRA - x1001,15 of MTZ @ $34.744 (Order # 4514),--,$0.011,$521.149
 06/11/2026 12:39:33 PM,Bought,900001001,Traditional IRA - x1001,50 of THG @ $19.83 (Order # 6291),--,$0,-$991.506
 06/11/2026 12:33:44 PM,Bought,900001001,Traditional IRA - x1001,50 of THG @ $19.808 (Order # 7014),--,$0,-$990.4
 06/11/2026 12:30:02 PM,Sold,900001001,Traditional IRA - x1001,10 of AMD @ $46.455 (Order # 2300),--,$0.01,$464.539
 06/11/2026 12:29:32 PM,Sold,900001001,Traditional IRA - x1001,10 of CEG @ $24.496 (Order # 3809),--,$0.006,$244.954
 06/11/2026 12:28:38 PM,Sold,900001001,Traditional IRA - x1001,49 of MXL @ $7.693 (Order # 9345),--,$0.008,$376.948
 06/11/2026 12:28:23 PM,Sold,900001001,Traditional IRA - x1001,100 of MXL @ $7.687 (Order # 6747),--,$0.016,$768.67
 06/11/2026 12:22:35 PM,Bought,900001001,Traditional IRA - x1001,5 of FN @ $58.445 (Order # 8820),--,$0,-$292.225
 06/11/2026 12:21:55 PM,Bought,900001001,Traditional IRA - x1001,100 of INDV @ $3.877 (Order # 5903),--,$0,-$387.65
 06/11/2026 12:21:02 PM,Sold,900001001,Traditional IRA - x1001,50 of URA @ $4.339 (Order # 3148),--,$0.005,$216.944
 06/11/2026 12:17:37 PM,Bought,900001001,Traditional IRA - x1001,5 of GOOG @ $34.67 (Order # 2734),--,$0,-$173.352
 06/11/2026 12:16:21 PM,Bought,900001001,Traditional IRA - x1001,200 of USAR @ $2.149 (Order # 7362),--,$0,-$429.776
 06/11/2026 12:13:48 PM,Bought,900001001,Traditional IRA - x1001,7 of APP @ $49.053 (Order # 1775),--,$0,-$343.368
 06/11/2026 12:13:22 PM,Bought,900001001,Traditional IRA - x1001,7 of CRWD @ $68.886 (Order # 5294),--,$0,-$482.2
 06/11/2026 11:13:49 AM,Sold,900001001,Traditional IRA - x1001,7 of AGX @ $60.999 (Order # 4503),--,$0.009,$426.984
 06/11/2026 10:59:28 AM,Sold,900001001,Traditional IRA - x1001,60 of MKOR @ $6.188 (Order # 2555),--,$0.008,$371.241
 06/11/2026 10:58:44 AM,Sold,900001001,Traditional IRA - x1001,7 of DY @ $45.416 (Order # 7587),--,$0.007,$317.905
 06/11/2026 10:57:39 AM,Sold,900001001,Traditional IRA - x1001,5 of SNDK @ $171.874 (Order # 5522),--,$0.018,$859.352
 06/11/2026 10:56:45 AM,Sold,900001001,Traditional IRA - x1001,35 of SHLD @ $6.384 (Order # 4102),--,$0.005,$223.429
 06/11/2026 10:53:02 AM,Sold,900001001,Traditional IRA - x1001,20 of GDE @ $6.056 (Order # 8019),--,$0.003,$121.12
 06/11/2026 10:52:37 AM,Sold,900001001,Traditional IRA - x1001,77 of PSIX @ $4.069 (Order # 2541),--,$0.007,$313.304
 06/11/2026 10:52:06 AM,Sold,900001001,Traditional IRA - x1001,40 of PSIX @ $4.069 (Order # 7558),--,$0.004,$162.735
 06/11/2026 10:51:36 AM,Sold,900001001,Traditional IRA - x1001,75 of SLV @ $5.791 (Order # 2483),--,$0.009,$434.317
 06/11/2026 10:49:17 AM,Sold,900001001,Traditional IRA - x1001,50 of TIGO @ $9.233 (Order # 9945),--,$0.01,$461.639
 06/11/2026 10:46:28 AM,Sold,900001001,Traditional IRA - x1001,15 of NVDA @ $20.205 (Order # 8783),--,$0.007,$303.068
 06/11/2026 10:45:22 AM,Bought,900001001,Traditional IRA - x1001,100 of PSUS @ $3.763 (Order # 5067),--,$0,-$376.3
 06/11/2026 10:44:03 AM,Sold,900001001,Traditional IRA - x1001,7 of MYRG @ $42.054 (Order # 9093),--,$0.007,$294.368
 06/11/2026 10:42:42 AM,Bought,900001001,Traditional IRA - x1001,7 of MTZ @ $35.112 (Order # 4760),--,$0,-$245.781
 06/11/2026 10:42:05 AM,Sold,900001001,Traditional IRA - x1001,10 of ICHR @ $7.556 (Order # 9488),--,$0.002,$75.558
 06/11/2026 10:41:34 AM,Sold,900001001,Traditional IRA - x1001,75 of SMCI @ $2.938 (Order # 1117),--,$0.005,$220.344
 06/11/2026 10:41:06 AM,Bought,900001001,Traditional IRA - x1001,30 of CNC @ $6.398 (Order # 6412),--,$0,-$191.925
 06/11/2026 10:40:14 AM,Bought,900001001,Traditional IRA - x1001,150 of PBR @ $1.839 (Order # 1275),--,$0,-$275.802
 06/11/2026 10:39:45 AM,Sold,900001001,Traditional IRA - x1001,3 of APP @ $48.479 (Order # 9557),--,$0.003,$145.433
 06/11/2026 10:39:18 AM,Sold,900001001,Traditional IRA - x1001,3 of CRWD @ $67.182 (Order # 3163),--,$0.005,$201.541
 06/11/2026 10:38:00 AM,Sold,900001001,Traditional IRA - x1001,400 of DRH @ $1.189 (Order # 4558),--,$0.01,$475.618
 06/11/2026 10:36:12 AM,Sold,900001001,Traditional IRA - x1001,25 of NUKZ @ $6.568 (Order # 7175),--,$0.004,$164.184
 06/11/2026 10:35:42 AM,Sold,900001001,Traditional IRA - x1001,20 of PLTR @ $12.967 (Order # 1107),--,$0.006,$259.334
 06/11/2026 10:34:31 AM,Sold,900001001,Traditional IRA - x1001,25 of GOOG @ $34.437 (Order # 9961),--,$0.018,$860.895
 06/11/2026 10:34:02 AM,Sold,900001001,Traditional IRA - x1001,100 of CSTM @ $3.341 (Order # 5797),--,$0.007,$334.091
 06/11/2026 10:33:32 AM,Sold,900001001,Traditional IRA - x1001,35 of SIVR @ $6.088 (Order # 7172),--,$0.005,$213.057
 06/11/2026 10:32:21 AM,Sold,900001001,Traditional IRA - x1001,5 of AVGO @ $37.679 (Order # 4499),--,$0.004,$188.389
 06/11/2026 10:32:03 AM,Sold,900001001,Traditional IRA - x1001,50 of IREN @ $5.311 (Order # 3129),--,$0.006,$265.518
 06/11/2026 10:31:43 AM,Sold,900001001,Traditional IRA - x1001,5 of COHR @ $36.274 (Order # 8089),--,$0.004,$181.366
 06/11/2026 10:31:20 AM,Sold,900001001,Traditional IRA - x1001,100 of SBLK @ $2.718 (Order # 1212),--,$0.006,$271.765
 06/11/2026 10:25:34 AM,Sold,900001001,Traditional IRA - x1001,10 of TSLA @ $38.803 (Order # 7790),--,$0.008,$388.022
 06/11/2026 10:22:55 AM,Sold,900001001,Traditional IRA - x1001,30 of CRDO @ $26.345 (Order # 2871),--,$0.017,$790.332
 06/11/2026 10:21:42 AM,Sold,900001001,Traditional IRA - x1001,20 of TSM @ $41.7 (Order # 6635),--,$0.018,$833.982
 06/11/2026 10:21:22 AM,Sold,900001001,Traditional IRA - x1001,200 of ARKX @ $3.326 (Order # 7589),--,$0.014,$665.082
 06/11/2026 10:20:27 AM,Sold,900001001,Traditional IRA - x1001,75 of COPX @ $7.962 (Order # 3502),--,$0.013,$597.099
 06/11/2026 10:19:52 AM,Sold,900001001,Traditional IRA - x1001,55 of TWLO @ $20.269 (Order # 9406),--,$0.023,"$1,114.758"
 06/11/2026 10:19:19 AM,Bought,900001001,Traditional IRA - x1001,25 of XOM @ $15.135 (Order # 2980),--,$0,-$378.375
 06/11/2026 10:18:39 AM,Sold,900001001,Traditional IRA - x1001,5 of SNDK @ $173.907 (Order # 4380),--,$0.018,$869.517
 06/11/2026 10:18:15 AM,Sold,900001001,Traditional IRA - x1001,300 of PPLT @ $1.515 (Order # 7050),--,$0.01,$454.613
 06/11/2026 10:17:52 AM,Sold,900001001,Traditional IRA - x1001,25 of TTMI @ $17.929 (Order # 1939),--,$0.01,$448.215
 06/11/2026 10:17:34 AM,Sold,900001001,Traditional IRA - x1001,35 of AUGO @ $5.32 (Order # 4911),--,$0.004,$186.195
 06/11/2026 10:16:30 AM,Bought,900001001,Traditional IRA - x1001,75 of EPR @ $6.005 (Order # 7451),--,$0,-$450.375
 06/11/2026 10:15:41 AM,Sold,900001001,Traditional IRA - x1001,5 of ASML @ $180.821 (Order # 6237),--,$0.019,$904.086
 06/11/2026 10:13:47 AM,Bought,900001001,Traditional IRA - x1001,15 of USO @ $13.378 (Order # 7963),--,$0,-$200.67
 06/11/2026 10:12:19 AM,Sold,900001001,Traditional IRA - x1001,300 of DRH @ $1.192 (Order # 7114),--,$0.008,$357.436
 06/11/2026 10:11:42 AM,Sold,900001001,Traditional IRA - x1001,42 of TSLA @ $38.744 (Order # 4970),--,$0.034,"$1,627.192"
 06/11/2026 10:09:22 AM,Sold,900001001,Traditional IRA - x1001,175 of EZPW @ $2.931 (Order # 3006),--,$0.011,$512.899
 06/11/2026 09:55:25 AM,Sold,900001001,Traditional IRA - x1001,5 of IWM @ $28.662 (Order # 1174),--,$0.003,$143.307
 06/11/2026 09:54:31 AM,Bought,900001001,Traditional IRA - x1001,15 of AMZN @ $23.771 (Order # 3112),--,$0,-$356.565
 06/11/2026 09:53:31 AM,Sold,900001001,Traditional IRA - x1001,15 of BE @ $24.75 (Order # 8903),--,$0.008,$371.242
 06/11/2026 09:52:09 AM,Sold,900001001,Traditional IRA - x1001,10 of CLS @ $37.216 (Order # 7907),--,$0.008,$372.152
 06/11/2026 09:51:44 AM,Sold,900001001,Traditional IRA - x1001,50 of IAUM @ $4.076 (Order # 8805),--,$0.005,$203.769
 06/11/2026 09:51:13 AM,Bought,900001001,Traditional IRA - x1001,25 of CRM @ $16.84 (Order # 6751),--,$0,-$421
 06/11/2026 09:50:44 AM,Sold,900001001,Traditional IRA - x1001,20 of RTX @ $18.006 (Order # 5459),--,$0.008,$360.102
 06/11/2026 09:50:16 AM,Sold,900001001,Traditional IRA - x1001,10 of STRL @ $81.456 (Order # 2506),--,$0.017,$814.543
 06/11/2026 09:49:19 AM,Bought,900001001,Traditional IRA - x1001,150 of EZPW @ $2.956 (Order # 4884),--,$0,-$443.415
 06/11/2026 09:48:52 AM,Bought,900001001,Traditional IRA - x1001,125 of PSUS @ $3.762 (Order # 1056),--,$0,-$470.188
 06/11/2026 09:48:26 AM,Sold,900001001,Traditional IRA - x1001,70 of THG @ $19.826 (Order # 8706),--,$0.029,"$1,387.791"
 06/11/2026 09:47:32 AM,Bought,900001001,Traditional IRA - x1001,20 of TSLA @ $38.473 (Order # 3021),--,$0,-$769.45
 06/11/2026 09:47:06 AM,Sold,900001001,Traditional IRA - x1001,700 of DRH @ $1.185 (Order # 3890),--,$0.018,$829.65
 06/11/2026 09:46:27 AM,Sold,900001001,Traditional IRA - x1001,255 of GM @ $7.934 (Order # 4544),--,$0.042,"$2,023.123"
 06/11/2026 09:45:32 AM,Sold,900001001,Traditional IRA - x1001,1000 of NEXA @ $1.222 (Order # 9201),--,$0.026,"$1,221.954"
 06/11/2026 09:44:52 AM,Sold,900001001,Traditional IRA - x1001,50 of CNC @ $6.473 (Order # 5891),--,$0.007,$323.642
 06/11/2026 09:44:24 AM,Sold,900001001,Traditional IRA - x1001,30 of GOOG @ $34.515 (Order # 4824),--,$0.022,"$1,035.437"
 06/11/2026 09:43:39 AM,Sold,900001001,Traditional IRA - x1001,130 of XOM @ $15.127 (Order # 9788),--,$0.041,"$1,966.402"
 06/11/2026 09:42:44 AM,Sold,900001001,Traditional IRA - x1001,500 of USAR @ $2.06 (Order # 1770),--,$0.022,"$1,029.718"
 06/11/2026 09:41:51 AM,Sold,900001001,Traditional IRA - x1001,20 of AEM @ $15.115 (Order # 9342),--,$0.007,$302.291
 06/11/2026 09:41:12 AM,Sold,900001001,Traditional IRA - x1001,20 of DDOG @ $22.589 (Order # 5274),--,$0.01,$451.768
 06/11/2026 09:40:38 AM,Sold,900001001,Traditional IRA - x1001,85 of IREN @ $5.086 (Order # 5400),--,$0.009,$432.299
 06/11/2026 09:39:57 AM,Sold,900001001,Traditional IRA - x1001,30 of UNH @ $40.422 (Order # 1498),--,$0.025,"$1,212.619"
 06/11/2026 09:39:18 AM,Sold,900001001,Traditional IRA - x1001,15 of COHR @ $35.128 (Order # 6170),--,$0.011,$526.909
 06/11/2026 09:38:36 AM,Sold,900001001,Traditional IRA - x1001,35 of NBIS @ $20.85 (Order # 1619),--,$0.016,$729.735
 06/11/2026 09:37:56 AM,Sold,900001001,Traditional IRA - x1001,7 of APP @ $48.056 (Order # 5355),--,$0.007,$336.382
 06/11/2026 09:37:23 AM,Sold,900001001,Traditional IRA - x1001,15 of VRT @ $28.531 (Order # 4558),--,$0.009,$427.956
 06/11/2026 09:36:19 AM,Bought,900001001,Traditional IRA - x1001,7 of MYRG @ $41.924 (Order # 8316),--,$0,-$293.468
 06/11/2026 09:34:03 AM,Bought,900001001,Traditional IRA - x1001,150 of EZPW @ $2.986 (Order # 8669),--,$0,-$447.83
 06/11/2026 09:33:05 AM,Bought,900001001,Traditional IRA - x1001,25 of REMX @ $8.872 (Order # 9631),--,$0,-$221.8
 06/11/2026 09:31:33 AM,Bought,900001001,Traditional IRA - x1001,100 of ARE @ $5.254 (Order # 3304),--,$0,-$525.4
 06/11/2026 09:30:15 AM,Bought,900001001,Traditional IRA - x1001,25 of TTMI @ $17.456 (Order # 1791),--,$0,-$436.4
 06/11/2026 09:30:01 AM,Bought,900001001,Traditional IRA - x1001,3 of SNDK @ $167.251 (Order # 9379),--,$0,-$501.753
 06/11/2026 09:30:01 AM,Bought,900001001,Traditional IRA - x1001,5 of FN @ $59.389 (Order # 1490),--,$0,-$296.945
 06/11/2026 09:30:01 AM,Bought,900001001,Traditional IRA - x1001,15 of NBIS @ $20.539 (Order # 9555),--,$0,-$308.085
 06/11/2026 09:30:01 AM,Bought,900001001,Traditional IRA - x1001,60 of ICHR @ $7.461 (Order # 3005),--,$0,-$447.66
 06/11/2026 09:30:00 AM,Bought,900001001,Traditional IRA - x1001,300 of ARKX @ $3.303 (Order # 5642),--,$0,-$990.9
 06/11/2026 09:30:00 AM,Bought,900001001,Traditional IRA - x1001,200 of BLOX @ $1.541 (Order # 5992),--,$0,-$308.2
 06/11/2026 09:30:00 AM,Bought,900001001,Traditional IRA - x1001,75 of SMCI @ $2.933 (Order # 2721),--,$0,-$219.975
 06/11/2026 09:30:00 AM,Bought,900001001,Traditional IRA - x1001,75 of PSIX @ $3.881 (Order # 8849),--,$0,-$291.075
 06/11/2026 09:30:00 AM,Bought,900001001,Traditional IRA - x1001,10 of COHR @ $35.661 (Order # 2384),--,$0,-$356.61
 06/11/2026 03:00:00 AM,Sweep,900001003,Partnership / LLC / LLP - x1003,BANK DEPOSIT PROGRAM,--,$0,"-$2,394.948"
 06/11/2026 03:00:00 AM,Qualified Dividend,900001001,Traditional IRA - x1001,MICROSOFT CORP REC 06/11/26 PAY 06/11/26 RATE 0.00000000 QTY 0.00000000,--,$0,$9.737
 06/10/2026 04:00:03 PM,Bought,900001001,Traditional IRA - x1001,200 of PINE @ $2.021 (Order # 5237),--,$0,-$404.2
 06/10/2026 04:00:03 PM,Bought,900001001,Traditional IRA - x1001,25 of AEM @ $15.248 (Order # 4134),--,$0,-$381.2
 06/10/2026 04:00:01 PM,Sold,900001003,Partnership / LLC / LLP - x1003,2 of LITE @ $85.326 (Order # 3580),--,$0.004,$170.648
 06/10/2026 04:00:01 PM,Sold,900001003,Partnership / LLC / LLP - x1003,5 of LITE @ $85.326 (Order # 8576),--,$0.009,$426.621
 06/10/2026 04:00:01 PM,Sold,900001003,Partnership / LLC / LLP - x1003,3 of MU @ $89.188 (Order # 6208),--,$0.006,$267.558
 06/10/2026 04:00:01 PM,Sold,900001003,Partnership / LLC / LLP - x1003,1 of LITE @ $85.326 (Order # 6312),--,$0.002,$85.324
 06/10/2026 04:00:01 PM,Bought,900001001,Traditional IRA - x1001,30 of AMZN @ $23.8 (Order # 5633),--,$0,-$714
 06/10/2026 04:00:00 PM,Bought,900001001,Traditional IRA - x1001,45 of GDMN @ $7.265 (Order # 9471),--,$0,-$326.925
 06/10/2026 04:00:00 PM,Bought,900001001,Traditional IRA - x1001,175 of EZPW @ $2.904 (Order # 7483),--,$0,-$508.2
 06/10/2026 02:27:47 PM,Bought,900001001,Traditional IRA - x1001,125 of PSUS @ $3.774 (Order # 1956),--,$0,-$471.75
 06/10/2026 02:27:02 PM,Bought,900001001,Traditional IRA - x1001,25 of GOOG @ $35.427 (Order # 2927),--,$0,-$885.663
 06/10/2026 02:26:12 PM,Bought,900001001,Traditional IRA - x1001,150 of GM @ $8.013 (Order # 7465),--,$0,"-$1,202.007"
 06/10/2026 02:25:14 PM,Bought,900001001,Traditional IRA - x1001,50 of CNC @ $6.541 (Order # 7288),--,$0,-$327.025
 06/10/2026 02:23:02 PM,Bought,900001001,Traditional IRA - x1001,25 of FMX @ $12.288 (Order # 6316),--,$0,-$307.2
 06/10/2026 02:22:32 PM,Bought,900001001,Traditional IRA - x1001,10 of TSLA @ $38.365 (Order # 9409),--,$0,-$383.645
 06/10/2026 02:20:32 PM,Bought,900001001,Traditional IRA - x1001,15 of BE @ $23.668 (Order # 5063),--,$0,-$355.02
 06/10/2026 02:18:24 PM,Bought,900001001,Traditional IRA - x1001,5 of APP @ $50.154 (Order # 5105),--,$0,-$250.77
 06/10/2026 02:14:44 PM,Sold,900001001,Traditional IRA - x1001,20 of THG @ $19.612 (Order # 7293),--,$0.009,$392.231
 06/10/2026 02:13:59 PM,Sold,900001001,Traditional IRA - x1001,50 of CVSA @ $12.953 (Order # 7196),--,$0.014,$647.635
 06/10/2026 02:13:01 PM,Sold,900001001,Traditional IRA - x1001,40 of PARR @ $5.791 (Order # 8233),--,$0.005,$231.614
 06/10/2026 02:12:19 PM,Sold,900001001,Traditional IRA - x1001,56 of PARR @ $5.785 (Order # 3029),--,$0.007,$323.948
 06/10/2026 02:11:42 PM,Sold,900001001,Traditional IRA - x1001,1 of PARR @ $5.789 (Order # 6687),--,$0.001,$5.788
 06/10/2026 01:32:00 PM,Sold,900001001,Traditional IRA - x1001,1 of CRDO @ $24.329 (Order # 9953),--,$0.001,$24.328
 06/10/2026 11:18:35 AM,Sold,900001001,Traditional IRA - x1001,1 of INCY @ $10.661 (Order # 6018),--,$0.001,$10.66
 06/10/2026 11:17:59 AM,Sold,900001001,Traditional IRA - x1001,75 of INCY @ $10.665 (Order # 6346),--,$0.017,$799.82
 06/10/2026 11:16:24 AM,Sold,900001001,Traditional IRA - x1001,1 of ASML @ $174.195 (Order # 4690),--,$0.004,$174.191
 06/10/2026 10:57:42 AM,Sold,900001001,Traditional IRA - x1001,15 of COHR @ $36.04 (Order # 5222),--,$0.012,$540.59
 06/10/2026 10:56:54 AM,Sold,900001001,Traditional IRA - x1001,12 of CRWD @ $65.373 (Order # 1419),--,$0.017,$784.459
 06/10/2026 10:55:55 AM,Sold,900001001,Traditional IRA - x1001,10 of DDOG @ $22.895 (Order # 5480),--,$0.005,$228.947
 06/10/2026 10:47:22 AM,Bought,900001001,Traditional IRA - x1001,500 of DRH @ $1.185 (Order # 1023),--,$0,-$592.25
 06/10/2026 10:46:50 AM,Bought,900001001,Traditional IRA - x1001,75 of TIGO @ $8.961 (Order # 8990),--,$0,-$672.048
 06/10/2026 10:45:37 AM,Bought,900001001,Traditional IRA - x1001,25 of UNH @ $40.815 (Order # 1445),--,$0,"-$1,020.375"
 06/10/2026 10:44:58 AM,Bought,900001001,Traditional IRA - x1001,50 of MRK @ $11.892 (Order # 7272),--,$0,-$594.575
 06/10/2026 10:44:14 AM,Bought,900001001,Traditional IRA - x1001,175 of ARE @ $5.347 (Order # 5016),--,$0,-$935.725
 06/10/2026 10:43:50 AM,Bought,900001001,Traditional IRA - x1001,10 of BRK.B @ $48.953 (Order # 7872),--,$0,-$489.53
 06/10/2026 10:43:17 AM,Bought,900001001,Traditional IRA - x1001,50 of XOM @ $15.102 (Order # 8664),--,$0,-$755.1
 06/10/2026 10:42:47 AM,Bought,900001001,Traditional IRA - x1001,25 of THG @ $19.661 (Order # 1818),--,$0,-$491.513
 06/10/2026 10:40:11 AM,Bought,900001001,Traditional IRA - x1001,30 of AMZN @ $24.093 (Order # 4373),--,$0,-$722.788
 06/10/2026 10:37:19 AM,Sold,900001001,Traditional IRA - x1001,20 of INCY @ $10.987 (Order # 7205),--,$0.005,$219.735
 06/10/2026 10:36:52 AM,Bought,900001001,Traditional IRA - x1001,5 of ASML @ $180.775 (Order # 4351),--,$0,-$903.873
 06/10/2026 10:35:41 AM,Bought,900001001,Traditional IRA - x1001,100 of UNFI @ $4.848 (Order # 6671),--,$0,-$484.8
 06/10/2026 10:34:04 AM,Sold,900001001,Traditional IRA - x1001,5 of LITE @ $87.742 (Order # 2927),--,$0.01,$438.7
 06/10/2026 10:32:47 AM,Sold,900001001,Traditional IRA - x1001,60 of ICHR @ $7.979 (Order # 9661),--,$0.01,$478.739
 06/10/2026 10:32:19 AM,Sold,900001001,Traditional IRA - x1001,21 of MXL @ $7.425 (Order # 3529),--,$0.004,$155.92
 06/10/2026 10:29:39 AM,Bought,900001001,Traditional IRA - x1001,30 of CRDO @ $25.91 (Order # 6842),--,$0,-$777.3
 06/10/2026 10:28:01 AM,Bought,900001001,Traditional IRA - x1001,75 of INCY @ $10.855 (Order # 7427),--,$0,-$814.125
 06/10/2026 10:27:21 AM,Bought,900001001,Traditional IRA - x1001,5 of SNDK @ $174.659 (Order # 3520),--,$0,-$873.293
 06/10/2026 10:26:27 AM,Bought,900001001,Traditional IRA - x1001,1000 of PINE @ $1.997 (Order # 3241),--,$0,"-$1,996.5"
 06/10/2026 10:23:09 AM,Sold,900001001,Traditional IRA - x1001,70 of UNFI @ $4.812 (Order # 5138),--,$0.007,$336.797
 06/10/2026 10:03:55 AM,Sold,900001003,Partnership / LLC / LLP - x1003,175 of ETH @ $1.571 (Order # 9898),--,$0.006,$274.916
 06/10/2026 10:03:19 AM,Sold,900001003,Partnership / LLC / LLP - x1003,15 of CLS @ $37.433 (Order # 8582),--,$0.012,$561.483
 06/10/2026 10:02:06 AM,Sold,900001003,Partnership / LLC / LLP - x1003,10 of AGX @ $60.841 (Order # 6556),--,$0.013,$608.398
 06/10/2026 09:50:24 AM,Bought,900001001,Traditional IRA - x1001,25 of TTMI @ $18.647 (Order # 1821),--,$0,-$466.175
 06/10/2026 09:49:34 AM,Bought,900001001,Traditional IRA - x1001,5 of ASML @ $179.931 (Order # 4404),--,$0,-$899.655
 06/10/2026 09:47:31 AM,Sold,900001001,Traditional IRA - x1001,25 of TIGO @ $8.726 (Order # 7936),--,$0.005,$218.145
 06/10/2026 09:37:11 AM,Sold,900001001,Traditional IRA - x1001,15 of TTMI @ $17.962 (Order # 3670),--,$0.006,$269.424
 06/10/2026 09:36:44 AM,Bought,900001001,Traditional IRA - x1001,50 of INDV @ $3.823 (Order # 5972),--,$0,-$191.15
 06/10/2026 09:36:07 AM,Bought,900001001,Traditional IRA - x1001,125 of PBR @ $1.793 (Order # 8709),--,$0,-$224.063
 06/10/2026 09:35:39 AM,Sold,900001001,Traditional IRA - x1001,7 of FN @ $59.049 (Order # 2072),--,$0.009,$413.335
 06/10/2026 09:34:55 AM,Sold,900001001,Traditional IRA - x1001,200 of NLCP @ $1.509 (Order # 5781),--,$0.502,$301.222
 06/10/2026 09:34:33 AM,Sold,900001001,Traditional IRA - x1001,4 of CRDO @ $24.163 (Order # 7268),--,$0.002,$96.65
 06/10/2026 09:34:17 AM,Sold,900001001,Traditional IRA - x1001,15 of LITE @ $84.485 (Order # 6082),--,$0.027,"$1,267.248"
 06/10/2026 09:33:33 AM,Sold,900001001,Traditional IRA - x1001,150 of CCL @ $2.712 (Order # 6251),--,$0.009,$406.788
 06/10/2026 09:33:11 AM,Sold,900001001,Traditional IRA - x1001,10 of AVGO @ $38.057 (Order # 5561),--,$0.008,$380.557
 06/10/2026 09:32:49 AM,Sold,900001001,Traditional IRA - x1001,9 of APP @ $50.093 (Order # 4580),--,$0.01,$450.825
 06/10/2026 09:30:54 AM,Bought,900001001,Traditional IRA - x1001,75 of XOM @ $15.076 (Order # 4568),--,$0,"-$1,130.7"
 06/10/2026 09:30:03 AM,Bought,900001001,Traditional IRA - x1001,20 of RTX @ $18.24 (Order # 5776),--,$0,-$364.804
 06/10/2026 09:30:02 AM,Bought,900001001,Traditional IRA - x1001,250 of ET @ $1.912 (Order # 9842),--,$0,-$478
 06/10/2026 09:30:01 AM,Sold,900001001,Traditional IRA - x1001,40 of CEG @ $25.046 (Order # 5540),--,$0.021,"$1,001.824"
 06/10/2026 09:30:01 AM,Sold,900001001,Traditional IRA - x1001,15 of DY @ $45.458 (Order # 7385),--,$0.015,$681.855
 06/10/2026 09:30:01 AM,Sold,900001001,Traditional IRA - x1001,41 of GOOG @ $36.131 (Order # 9465),--,$0.031,"$1,481.339"
 06/10/2026 09:30:01 AM,Sold,900001001,Traditional IRA - x1001,75 of UBER @ $6.97 (Order # 7009),--,$0.011,$522.738
 06/10/2026 09:30:01 AM,Bought,900001001,Traditional IRA - x1001,10 of TSLA @ $39.111 (Order # 5495),--,$0,-$391.11
 06/10/2026 09:30:01 AM,Bought,900001001,Traditional IRA - x1001,400 of PINE @ $1.985 (Order # 1423),--,$0,-$794
 06/10/2026 09:30:01 AM,Bought,900001001,Traditional IRA - x1001,60 of PARR @ $5.623 (Order # 3560),--,$0,-$337.38
 06/10/2026 09:30:01 AM,Sold,900001001,Traditional IRA - x1001,250 of PLTR @ $12.931 (Order # 1518),--,$0.067,"$3,232.678"
 06/10/2026 09:30:00 AM,Sold,900001001,Traditional IRA - x1001,20 of STRL @ $83.901 (Order # 4673),--,$0.035,"$1,677.985"
 06/10/2026 09:30:00 AM,Sold,900001001,Traditional IRA - x1001,13 of LITE @ $83.296 (Order # 1945),--,$0.023,"$1,082.825"
 06/10/2026 09:30:00 AM,Sold,900001001,Traditional IRA - x1001,51 of MXL @ $7.042 (Order # 3610),--,$0.008,$359.133
 06/10/2026 09:30:00 AM,Sold,900001001,Traditional IRA - x1001,300 of CDE @ $1.55 (Order # 1247),--,$0.01,$464.984
 06/10/2026 09:30:00 AM,Sold,900001001,Traditional IRA - x1001,145 of IAUM @ $4.135 (Order # 2967),--,$0.013,$599.559
 06/10/2026 09:30:00 AM,Sold,900001001,Traditional IRA - x1001,55 of CRWV @ $9.539 (Order # 1019),--,$0.011,$524.633
 06/10/2026 09:30:00 AM,Sold,900001001,Traditional IRA - x1001,95 of SMCI @ $3.555 (Order # 9147),--,$0.007,$337.716
 06/10/2026 09:30:00 AM,Sold,900001001,Traditional IRA - x1001,91 of SLV @ $5.82 (Order # 9656),--,$0.011,$529.607
 06/10/2026 09:30:00 AM,Sold,900001001,Traditional IRA - x1001,511 of USAR @ $2.095 (Order # 8439),--,$0.023,"$1,070.512"
 06/10/2026 09:30:00 AM,Bought,900001001,Traditional IRA - x1001,300 of DRH @ $1.172 (Order # 7764),--,$0,-$351.6
 06/10/2026 09:30:00 AM,Sold,900001001,Traditional IRA - x1001,40 of NVDA @ $20.444 (Order # 5893),--,$0.017,$817.742
 06/10/2026 09:30:00 AM,Sold,900001001,Traditional IRA - x1001,110 of GDE @ $6.202 (Order # 3563),--,$0.015,$682.203
 06/10/2026 09:30:00 AM,Sold,900001001,Traditional IRA - x1001,61 of MSFT @ $39.8 (Order # 7999),--,$0.051,"$2,427.748"
 06/10/2026 03:00:00 AM,Sweep,900001003,Partnership / LLC / LLP - x1003,BANK DEPOSIT PROGRAM,--,$0,-$545.169
 06/10/2026 03:00:00 AM,Qualified Dividend,900001001,Traditional IRA - x1001,COEUR MINING INC REC 06/10/26 PAY 06/10/26 RATE 0.00000000 QTY 0.00000000,--,$0,$2.75
 06/09/2026 04:00:03 PM,Sold,900001001,Traditional IRA - x1001,35 of THG @ $19.243 (Order # 6356),--,$0.014,$673.49
 06/09/2026 04:00:03 PM,Sold,900001001,Traditional IRA - x1001,100 of EPR @ $5.902 (Order # 8648),--,$0.013,$590.185
 06/09/2026 04:00:02 PM,Sold,900001003,Partnership / LLC / LLP - x1003,21 of BE @ $25.961 (Order # 1894),--,$0.012,$545.169
 06/09/2026 04:00:01 PM,Sold,900001001,Traditional IRA - x1001,5 of AMD @ $47.551 (Order # 4834),--,$0.005,$237.748
 06/09/2026 04:00:01 PM,Sold,900001001,Traditional IRA - x1001,50 of MXL @ $7.261 (Order # 9588),--,$0.008,$363.041
 06/09/2026 04:00:00 PM,Sold,900001001,Traditional IRA - x1001,3 of STRL @ $84.201 (Order # 8901),--,$0.006,$252.597
 06/09/2026 04:00:00 PM,Sold,900001001,Traditional IRA - x1001,25 of TTMI @ $17.386 (Order # 1495),--,$0.009,$434.641
 06/09/2026 04:00:00 PM,Sold,900001001,Traditional IRA - x1001,75 of PSIX @ $3.914 (Order # 7971),--,$0.007,$293.542
 06/09/2026 03:30:35 PM,Sold,900001001,Traditional IRA - x1001,10 of CLS @ $36.463 (Order # 3273),--,$0.008,$364.622
 06/09/2026 03:30:14 PM,Sold,900001001,Traditional IRA - x1001,50 of URA @ $4.379 (Order # 7438),--,$0.005,$218.919
 06/09/2026 03:29:39 PM,Sold,900001001,Traditional IRA - x1001,50 of IREN @ $5.395 (Order # 1442),--,$0.006,$269.718
 06/09/2026 03:29:19 PM,Sold,900001001,Traditional IRA - x1001,5 of FN @ $57.816 (Order # 1422),--,$0.006,$289.072
 06/09/2026 03:28:58 PM,Sold,900001001,Traditional IRA - x1001,100 of SMCI @ $4.011 (Order # 4209),--,$0.009,$401.039
 06/09/2026 03:28:19 PM,Sold,900001001,Traditional IRA - x1001,5 of APP @ $51.816 (Order # 2670),--,$0.006,$259.074
 06/09/2026 03:27:46 PM,Sold,900001001,Traditional IRA - x1001,7 of COHR @ $35.429 (Order # 3918),--,$0.006,$247.997
 06/09/2026 03:22:53 PM,Bought,900001001,Traditional IRA - x1001,3 of LITE @ $80.44 (Order # 5698),--,$0,-$241.319
 06/09/2026 01:23:57 PM,Bought,900001001,Traditional IRA - x1001,70 of UNFI @ $4.584 (Order # 9560),--,$0,-$320.913
 06/09/2026 01:23:30 PM,Bought,900001001,Traditional IRA - x1001,10 of TSLA @ $39.233 (Order # 4862),--,$0,-$392.33
 06/09/2026 01:21:19 PM,Bought,900001001,Traditional IRA - x1001,50 of CNC @ $6.508 (Order # 5965),--,$0,-$325.4
 06/09/2026 01:20:48 PM,Bought,900001001,Traditional IRA - x1001,150 of BVN @ $3.081 (Order # 4656),--,$0,-$462.15
 06/09/2026 01:20:16 PM,Bought,900001001,Traditional IRA - x1001,75 of INDV @ $3.84 (Order # 2116),--,$0,-$288.013
 06/09/2026 01:19:30 PM,Bought,900001001,Traditional IRA - x1001,50 of ARE @ $5.362 (Order # 8597),--,$0,-$268.075
 06/09/2026 01:18:36 PM,Bought,900001001,Traditional IRA - x1001,15 of COHR @ $35.125 (Order # 4443),--,$0,-$526.872
 06/09/2026 01:18:14 PM,Bought,900001001,Traditional IRA - x1001,75 of PSIX @ $3.789 (Order # 7225),--,$0,-$284.175
 06/09/2026 01:17:48 PM,Bought,900001001,Traditional IRA - x1001,50 of URA @ $4.358 (Order # 1041),--,$0,-$217.9
 06/09/2026 01:17:29 PM,Bought,900001001,Traditional IRA - x1001,60 of IREN @ $5.348 (Order # 5216),--,$0,-$320.88
 06/09/2026 01:17:04 PM,Bought,900001001,Traditional IRA - x1001,25 of TTMI @ $16.913 (Order # 8711),--,$0,-$422.813
 06/09/2026 01:16:37 PM,Bought,900001001,Traditional IRA - x1001,7 of SOXX @ $54.002 (Order # 5778),--,$0,-$378.014
 06/09/2026 01:16:18 PM,Bought,900001001,Traditional IRA - x1001,5 of FN @ $56.684 (Order # 3684),--,$0,-$283.42
 06/09/2026 01:15:58 PM,Bought,900001001,Traditional IRA - x1001,35 of SIVR @ $6.183 (Order # 1100),--,$0,-$216.405
 06/09/2026 01:15:37 PM,Bought,900001001,Traditional IRA - x1001,10 of MTZ @ $34.545 (Order # 9313),--,$0,-$345.453
 06/09/2026 01:15:10 PM,Bought,900001001,Traditional IRA - x1001,25 of CRM @ $17.361 (Order # 7796),--,$0,-$434.013
 06/09/2026 01:14:34 PM,Bought,900001001,Traditional IRA - x1001,25 of CRWV @ $9.62 (Order # 6336),--,$0,-$240.5
 06/09/2026 01:12:49 PM,Bought,900001001,Traditional IRA - x1001,10 of VRT @ $28.136 (Order # 3193),--,$0,-$281.36
 06/09/2026 01:12:22 PM,Bought,900001001,Traditional IRA - x1001,5 of AMD @ $45.27 (Order # 1535),--,$0,-$226.35
 06/09/2026 01:12:03 PM,Bought,900001001,Traditional IRA - x1001,5 of APP @ $50.967 (Order # 4638),--,$0,-$254.836
 06/09/2026 01:11:41 PM,Bought,900001001,Traditional IRA - x1001,3 of STRL @ $81.387 (Order # 3087),--,$0,-$244.161
 06/09/2026 01:11:19 PM,Bought,900001001,Traditional IRA - x1001,50 of IREN @ $5.303 (Order # 2851),--,$0,-$265.15
 06/09/2026 01:10:58 PM,Bought,900001001,Traditional IRA - x1001,5 of LITE @ $80.171 (Order # 4545),--,$0,-$400.853
 06/09/2026 01:10:37 PM,Bought,900001001,Traditional IRA - x1001,100 of SMCI @ $3.907 (Order # 6746),--,$0,-$390.7
 06/09/2026 01:10:19 PM,Bought,900001001,Traditional IRA - x1001,50 of MXL @ $7.029 (Order # 1515),--,$0,-$351.45
 06/09/2026 01:09:56 PM,Bought,900001001,Traditional IRA - x1001,7 of COHR @ $34.945 (Order # 2215),--,$0,-$244.612
 06/09/2026 01:09:14 PM,Bought,900001001,Traditional IRA - x1001,10 of CLS @ $35.438 (Order # 8867),--,$0,-$354.375
 06/09/2026 12:09:18 PM,Bought,900001001,Traditional IRA - x1001,35 of AEM @ $15.678 (Order # 6751),--,$0,-$548.73
 06/09/2026 11:59:12 AM,Bought,900001001,Traditional IRA - x1001,50 of IAUM @ $4.259 (Order # 7109),--,$0,-$212.943
 06/09/2026 11:57:36 AM,Bought,900001001,Traditional IRA - x1001,100 of USAR @ $2.044 (Order # 4149),--,$0,-$204.4
 06/09/2026 11:55:02 AM,Bought,900001001,Traditional IRA - x1001,5555 of BTG @ $0.4 (Order # 3864),--,$0,"-$2,222"
 06/09/2026 11:52:55 AM,Sold,900001001,Traditional IRA - x1001,50 of HHH @ $6.721 (Order # 4863),--,$0.007,$336.043
 06/09/2026 11:52:29 AM,Sold,900001001,Traditional IRA - x1001,20 of HHH @ $6.721 (Order # 9299),--,$0.003,$134.407
 06/09/2026 11:51:58 AM,Sold,900001001,Traditional IRA - x1001,30 of HHH @ $6.722 (Order # 8643),--,$0.005,$201.654
 06/09/2026 11:51:22 AM,Sold,900001001,Traditional IRA - x1001,40 of ARE @ $5.289 (Order # 4847),--,$0.005,$211.554
 06/09/2026 11:49:46 AM,Bought,900001001,Traditional IRA - x1001,50 of GM @ $8.181 (Order # 1504),--,$0,-$409.025
 06/09/2026 11:48:15 AM,Sold,900001001,Traditional IRA - x1001,15 of RTX @ $18.01 (Order # 7546),--,$0.006,$270.144
 06/09/2026 11:47:37 AM,Sold,900001001,Traditional IRA - x1001,100 of PINE @ $1.978 (Order # 6977),--,$0.005,$197.743
 06/09/2026 11:46:41 AM,Sold,900001001,Traditional IRA - x1001,5 of UNH @ $40.887 (Order # 6642),--,$0.005,$204.43
 06/09/2026 11:46:20 AM,Sold,900001001,Traditional IRA - x1001,100 of PSTL @ $2.335 (Order # 6229),--,$0.005,$233.493
 06/09/2026 11:45:56 AM,Bought,900001001,Traditional IRA - x1001,200 of DRH @ $1.164 (Order # 3367),--,$0,-$232.7
 06/09/2026 11:45:13 AM,Sold,900001001,Traditional IRA - x1001,225 of PSTL @ $2.335 (Order # 7143),--,$0.011,$525.36
 06/09/2026 11:41:02 AM,Sold,900001001,Traditional IRA - x1001,75 of UNFI @ $4.52 (Order # 7943),--,$0.007,$339.004
 06/09/2026 10:36:17 AM,Sold,900001001,Traditional IRA - x1001,5 of UNH @ $41.234 (Order # 6668),--,$0.005,$206.165
 06/09/2026 10:14:16 AM,Sold,900001001,Traditional IRA - x1001,3 of SNDK @ $176.283 (Order # 9684),--,$0.011,$528.838
 06/09/2026 10:13:41 AM,Sold,900001001,Traditional IRA - x1001,25 of REMX @ $8.968 (Order # 7107),--,$0.005,$224.195
 06/09/2026 10:12:35 AM,Sold,900001001,Traditional IRA - x1001,100 of GDMN @ $8.233 (Order # 9777),--,$0.017,$823.281
 06/09/2026 10:11:01 AM,Sold,900001001,Traditional IRA - x1001,150 of NLCP @ $1.496 (Order # 4012),--,$0.5,$223.897
 06/09/2026 10:10:30 AM,Sold,900001001,Traditional IRA - x1001,150 of NLCP @ $1.496 (Order # 9266),--,$0.5,$223.897
 06/09/2026 10:09:22 AM,Sold,900001001,Traditional IRA - x1001,30 of ICHR @ $7.589 (Order # 8243),--,$0.005,$227.649
 06/09/2026 10:08:57 AM,Sold,900001001,Traditional IRA - x1001,20 of EAT @ $15.118 (Order # 9663),--,$0.007,$302.353
 06/09/2026 10:08:33 AM,Sold,900001001,Traditional IRA - x1001,25 of CEG @ $25.32 (Order # 6491),--,$0.014,$632.986
 06/09/2026 10:08:06 AM,Sold,900001001,Traditional IRA - x1001,25 of EWY @ $18.907 (Order # 2986),--,$0.01,$472.66
 06/09/2026 10:07:18 AM,Sold,900001001,Traditional IRA - x1001,15 of MYRG @ $43.951 (Order # 6601),--,$0.014,$659.252
 06/09/2026 10:06:44 AM,Sold,900001001,Traditional IRA - x1001,20 of AMZN @ $24.852 (Order # 2407),--,$0.011,$497.019
 06/09/2026 10:06:12 AM,Sold,900001001,Traditional IRA - x1001,35 of DDOG @ $23.543 (Order # 2030),--,$0.017,$823.97
 06/09/2026 10:05:32 AM,Sold,900001001,Traditional IRA - x1001,250 of EZPW @ $3.204 (Order # 9151),--,$0.017,$800.853
 06/09/2026 10:05:15 AM,Sold,900001001,Traditional IRA - x1001,75 of EZPW @ $3.204 (Order # 8340),--,$0.005,$240.257
 06/09/2026 10:04:47 AM,Sold,900001001,Traditional IRA - x1001,50 of TIGO @ $8.592 (Order # 4453),--,$0.009,$429.567
 06/09/2026 10:04:15 AM,Sold,900001001,Traditional IRA - x1001,59 of SYF @ $7.296 (Order # 1311),--,$0.009,$430.454
 06/09/2026 10:03:47 AM,Sold,900001001,Traditional IRA - x1001,10 of NBIS @ $23.17 (Order # 3849),--,$0.005,$231.696
 06/09/2026 10:03:15 AM,Sold,900001001,Traditional IRA - x1001,20 of TTMI @ $18.549 (Order # 2111),--,$0.008,$370.97
 06/09/2026 10:02:42 AM,Sold,900001001,Traditional IRA - x1001,10 of IWM @ $29.045 (Order # 4644),--,$0.006,$290.439
 06/09/2026 10:01:27 AM,Sold,900001001,Traditional IRA - x1001,83 of ICHR @ $7.607 (Order # 4564),--,$0.014,$631.365
 06/09/2026 10:00:55 AM,Sold,900001001,Traditional IRA - x1001,1 of ASML @ $181.432 (Order # 6168),--,$0.004,$181.428
 06/09/2026 10:00:12 AM,Sold,900001001,Traditional IRA - x1001,5 of SNDK @ $175.909 (Order # 6750),--,$0.019,$879.526
 06/09/2026 09:59:49 AM,Sold,900001001,Traditional IRA - x1001,30 of BE @ $27.55 (Order # 9801),--,$0.018,$826.466
 06/09/2026 09:59:21 AM,Sold,900001001,Traditional IRA - x1001,10 of CRDO @ $25.06 (Order # 9473),--,$0.006,$250.589
 06/09/2026 09:58:50 AM,Sold,900001001,Traditional IRA - x1001,150 of NEXA @ $1.328 (Order # 5312),--,$0.005,$199.117
 06/09/2026 09:58:21 AM,Sold,900001001,Traditional IRA - x1001,10 of AGX @ $63.683 (Order # 2244),--,$0.014,$636.811
 06/09/2026 09:57:33 AM,Sold,900001001,Traditional IRA - x1001,150 of ICHR @ $7.641 (Order # 5598),--,$0.024,"$1,146.048"
 06/09/2026 09:56:58 AM,Sold,900001001,Traditional IRA - x1001,25 of ICHR @ $7.678 (Order # 5826),--,$0.004,$191.946
 06/09/2026 09:56:51 AM,Sold,900001001,Traditional IRA - x1001,60 of NBIS @ $23.163 (Order # 3944),--,$0.029,"$1,389.75"
 06/09/2026 09:51:49 AM,Sold,900001001,Traditional IRA - x1001,200 of NEXA @ $1.319 (Order # 1817),--,$0.006,$263.814
 06/09/2026 09:51:05 AM,Sold,900001001,Traditional IRA - x1001,150 of EZPW @ $3.202 (Order # 6326),--,$0.01,$480.287
 06/09/2026 09:50:42 AM,Sold,900001001,Traditional IRA - x1001,7 of GOOG @ $36.733 (Order # 5760),--,$0.006,$257.122
 06/09/2026 09:50:20 AM,Sold,900001001,Traditional IRA - x1001,20 of GOOG @ $36.791 (Order # 8891),--,$0.016,$735.804
 06/09/2026 09:50:00 AM,Sold,900001001,Traditional IRA - x1001,7 of GOOG @ $36.87 (Order # 8404),--,$0.006,$258.084
 06/09/2026 09:44:57 AM,Sold,900001001,Traditional IRA - x1001,100 of BVN @ $3.288 (Order # 3090),--,$0.007,$328.791
 06/09/2026 09:44:15 AM,Bought,900001001,Traditional IRA - x1001,75 of UNFI @ $4.247 (Order # 5129),--,$0,-$318.494
 06/09/2026 09:33:10 AM,Sold,900001001,Traditional IRA - x1001,30 of SYF @ $7.234 (Order # 3769),--,$0.005,$217.014
 06/09/2026 09:30:21 AM,Sold,900001001,Traditional IRA - x1001,50 of EZPW @ $3.21 (Order # 3465),--,$0.004,$160.495
 06/09/2026 09:30:03 AM,Sold,900001001,Traditional IRA - x1001,2 of MU @ $98.727 (Order # 5290),--,$0.005,$197.449
 06/09/2026 09:30:00 AM,Bought,900001001,Traditional IRA - x1001,100 of USO @ $13.201 (Order # 4978),--,$0,"-$1,320.1"
 06/09/2026 03:00:00 AM,Qualified Dividend,900001001,Traditional IRA - x1001,ORLA MNG LTD NEW REC 06/09/26 PAY 06/09/26 RATE 0.00000000 QTY 0.00000000,--,$0,$0.825
 06/08/2026 04:00:03 PM,Bought,900001001,Traditional IRA - x1001,5 of AGX @ $61.998 (Order # 3530),--,$0,-$309.99
 06/08/2026 04:00:03 PM,Bought,900001001,Traditional IRA - x1001,10 of BE @ $25.357 (Order # 5844),--,$0,-$253.57
 06/08/2026 04:00:02 PM,Bought,900001001,Traditional IRA - x1001,50 of UNFI @ $5.164 (Order # 7804),--,$0,-$258.2
 06/08/2026 04:00:02 PM,Sold,900001001,Traditional IRA - x1001,20 of EAT @ $14.614 (Order # 6369),--,$0.007,$292.273
 06/08/2026 03:57:45 PM,Bought,900001001,Traditional IRA - x1001,100 of SBLK @ $2.672 (Order # 2132),--,$0,-$267.15
 06/08/2026 03:56:43 PM,Bought,900001001,Traditional IRA - x1001,15 of JAZZ @ $23.19 (Order # 1995),--,$0,-$347.843
 06/08/2026 03:56:13 PM,Bought,900001001,Traditional IRA - x1001,100 of INDV @ $3.739 (Order # 6747),--,$0,-$373.899
 06/08/2026 03:55:42 PM,Bought,900001001,Traditional IRA - x1001,20 of FMX @ $12.237 (Order # 6514),--,$0,-$244.749
 06/08/2026 03:55:08 PM,Bought,900001001,Traditional IRA - x1001,100 of PBR @ $1.774 (Order # 9519),--,$0,-$177.35
 06/08/2026 03:54:15 PM,Bought,900001001,Traditional IRA - x1001,30 of CNC @ $6.525 (Order # 7020),--,$0,-$195.75
 06/08/2026 03:53:03 PM,Bought,900001001,Traditional IRA - x1001,25 of MRK @ $11.919 (Order # 1172),--,$0,-$297.975
 06/08/2026 03:52:27 PM,Bought,900001001,Traditional IRA - x1001,3 of CRWD @ $65.579 (Order # 1046),--,$0,-$196.738
 06/08/2026 03:51:13 PM,Bought,900001001,Traditional IRA - x1001,50 of ARE @ $5.033 (Order # 4939),--,$0,-$251.63
 06/08/2026 03:50:26 PM,Bought,900001001,Traditional IRA - x1001,20 of AMZN @ $24.543 (Order # 4179),--,$0,-$490.86
 06/08/2026 03:00:00 AM,Sweep,900001003,Partnership / LLC / LLP - x1003,BANK DEPOSIT PROGRAM,--,$0,$7.249
 06/08/2026 03:00:00 AM,Dividend,900001001,Traditional IRA - x1001,0 of BLOX @ $0,--,$0,$16.377
 06/05/2026 10:21:23 AM,Bought,900001003,Partnership / LLC / LLP - x1003,75 of GRNY @ $2.74 (Order # 9747),--,$0,-$205.5
 06/05/2026 10:20:43 AM,Bought,900001003,Partnership / LLC / LLP - x1003,3 of MU @ $94.4 (Order # 7060),--,$0,-$283.2
 06/05/2026 10:19:48 AM,Bought,900001003,Partnership / LLC / LLP - x1003,200 of PSTL @ $2.271 (Order # 3732),--,$0,-$454.292
 06/05/2026 10:15:13 AM,Sold,900001003,Partnership / LLC / LLP - x1003,40 of CRDO @ $22.6 (Order # 7747),--,$0.019,$903.98
 06/05/2026 10:14:12 AM,Bought,900001003,Partnership / LLC / LLP - x1003,75 of GDMN @ $8.509 (Order # 9833),--,$0,-$638.212
 06/05/2026 10:13:04 AM,Sold,900001003,Partnership / LLC / LLP - x1003,30 of CRDO @ $22.333 (Order # 2241),--,$0.014,$669.975
 06/04/2026 03:00:00 AM,Transfer,900001002,Individual Brokerage - x1002,TRNSFR CASH TO MARGIN,--,$0,$5.127
 06/04/2026 03:00:00 AM,Transfer,900001002,Individual Brokerage - x1002,TRNSFR CASH TO MARGIN,--,$0,-$5.127
 06/04/2026 03:00:00 AM,Sweep,900001002,Individual Brokerage - x1002,BANK DEPOSIT PROGRAM,--,$0,$5.127
 06/03/2026 10:07:32 AM,Bought,900001002,Individual Brokerage - x1002,1 of LITE @ $96.9 (Order # 6156),--,$0,-$96.9
 06/03/2026 10:07:17 AM,Sold,900001002,Individual Brokerage - x1002,10 of GDE @ $6.803 (Order # 9742),--,$0.002,$68.028
 06/03/2026 10:06:55 AM,Sold,900001002,Individual Brokerage - x1002,3 of GDE @ $6.804 (Order # 4403),--,$0.001,$20.41
 06/02/2026 03:00:00 AM,Transfer,900001002,Individual Brokerage - x1002,TRNSFR MARGIN TO CASH,--,$0,-$5.127
 06/02/2026 03:00:00 AM,Transfer,900001002,Individual Brokerage - x1002,TRNSFR MARGIN TO CASH,--,$0,$5.127
 06/02/2026 03:00:00 AM,Sweep,900001002,Individual Brokerage - x1002,BANK DEPOSIT PROGRAM,--,$0,-$5.127
